compiler,work,type,n,distribution,direction,method,medianMs,minMs,maxMs
gcc,ctorCopy,int,1000000,ascending,asc,sortKeys,0.825,0.759,0.87
gcc,ctorCopy,int,1000000,ascending,asc,sortedDirect,0.803,0.787,0.953
gcc,ctorCopy,int,1000000,ascending,asc,sortedBridge,0.795,0.781,0.899
gcc,ctorCopy,int,1000000,ascending,desc,sortKeys,0.953,0.924,0.975
gcc,ctorCopy,int,1000000,ascending,desc,sortedDirect,0.946,0.905,1.031
gcc,ctorCopy,int,1000000,ascending,desc,sortedBridge,0.945,0.889,0.989
gcc,ctorCopy,int,1000000,descending,asc,sortKeys,1.015,0.94,1.049
gcc,ctorCopy,int,1000000,descending,asc,sortedDirect,0.981,0.935,1.035
gcc,ctorCopy,int,1000000,descending,asc,sortedBridge,0.968,0.935,1.015
gcc,ctorCopy,int,1000000,descending,desc,sortKeys,0.8,0.783,0.865
gcc,ctorCopy,int,1000000,descending,desc,sortedDirect,0.786,0.776,0.835
gcc,ctorCopy,int,1000000,descending,desc,sortedBridge,1.083,1.059,1.103
gcc,ctorCopy,int,1000000,fewValues,asc,sortKeys,2.937,2.883,3.13
gcc,ctorCopy,int,1000000,fewValues,asc,sortedDirect,2.985,2.95,3.083
gcc,ctorCopy,int,1000000,fewValues,asc,sortedBridge,3.016,2.965,3.098
gcc,ctorCopy,int,1000000,fewValues,desc,sortKeys,3.153,3.089,3.164
gcc,ctorCopy,int,1000000,fewValues,desc,sortedDirect,3.223,2.989,3.336
gcc,ctorCopy,int,1000000,fewValues,desc,sortedBridge,3.35,3.221,3.415
gcc,ctorCopy,int,1000000,fullWidth,asc,sortKeys,4.244,4.144,4.307
gcc,ctorCopy,int,1000000,fullWidth,asc,sortedDirect,4.231,4.178,4.33
gcc,ctorCopy,int,1000000,fullWidth,asc,sortedBridge,4.22,4.125,4.342
gcc,ctorCopy,int,1000000,fullWidth,desc,sortKeys,4.415,4.295,4.644
gcc,ctorCopy,int,1000000,fullWidth,desc,sortedDirect,4.354,4.248,4.567
gcc,ctorCopy,int,1000000,fullWidth,desc,sortedBridge,4.489,4.401,4.619
gcc,ctorCopy,int,1000000,gaps,asc,sortKeys,3.481,3.337,3.638
gcc,ctorCopy,int,1000000,gaps,asc,sortedDirect,4.635,4.498,4.709
gcc,ctorCopy,int,1000000,gaps,asc,sortedBridge,4.649,4.534,4.716
gcc,ctorCopy,int,1000000,gaps,desc,sortKeys,3.441,3.413,3.493
gcc,ctorCopy,int,1000000,gaps,desc,sortedDirect,4.548,4.496,4.668
gcc,ctorCopy,int,1000000,gaps,desc,sortedBridge,4.732,4.6,4.962
gcc,ctorCopy,int,1000000,nearly,asc,sortKeys,5.636,5.454,5.695
gcc,ctorCopy,int,1000000,nearly,asc,sortedDirect,5.722,5.546,5.808
gcc,ctorCopy,int,1000000,nearly,asc,sortedBridge,5.554,5.416,5.676
gcc,ctorCopy,int,1000000,nearly,desc,sortKeys,5.857,5.691,5.968
gcc,ctorCopy,int,1000000,nearly,desc,sortedDirect,5.615,5.436,5.705
gcc,ctorCopy,int,1000000,nearly,desc,sortedBridge,5.796,5.539,6.002
gcc,ctorCopy,int,1000000,range22,asc,sortKeys,4.36,4.288,4.49
gcc,ctorCopy,int,1000000,range22,asc,sortedDirect,4.431,4.036,4.912
gcc,ctorCopy,int,1000000,range22,asc,sortedBridge,4.428,4.333,4.524
gcc,ctorCopy,int,1000000,range22,desc,sortKeys,4.732,4.346,5.087
gcc,ctorCopy,int,1000000,range22,desc,sortedDirect,4.688,4.094,5.062
gcc,ctorCopy,int,1000000,range22,desc,sortedBridge,4.869,4.199,5.007
gcc,ctorCopy,int,2000000,fullWidth,asc,sortKeys,9.096,8.863,10.004
gcc,ctorCopy,int,2000000,fullWidth,asc,sortedDirect,9.099,9.014,9.835
gcc,ctorCopy,int,2000000,fullWidth,asc,sortedBridge,9.099,8.903,10.747
gcc,ctorCopy,int,2000000,range22,asc,sortKeys,9.361,9.208,10.022
gcc,ctorCopy,int,2000000,range22,asc,sortedDirect,9.556,9.209,9.586
gcc,ctorCopy,int,2000000,range22,asc,sortedBridge,9.323,9.195,9.551
gcc,ctorCopy,longLong,1000000,ascending,asc,sortKeys,0.97,0.953,1.028
gcc,ctorCopy,longLong,1000000,ascending,asc,sortedDirect,1.016,0.908,1.1
gcc,ctorCopy,longLong,1000000,ascending,asc,sortedBridge,0.993,0.924,1.086
gcc,ctorCopy,longLong,1000000,ascending,desc,sortKeys,1.121,1.1,1.21
gcc,ctorCopy,longLong,1000000,ascending,desc,sortedDirect,1.135,1.099,1.193
gcc,ctorCopy,longLong,1000000,ascending,desc,sortedBridge,1.106,1.077,1.157
gcc,ctorCopy,longLong,1000000,descending,asc,sortKeys,1.232,1.19,1.307
gcc,ctorCopy,longLong,1000000,descending,asc,sortedDirect,1.222,1.126,1.26
gcc,ctorCopy,longLong,1000000,descending,asc,sortedBridge,1.212,1.156,1.258
gcc,ctorCopy,longLong,1000000,descending,desc,sortKeys,0.98,0.925,1.047
gcc,ctorCopy,longLong,1000000,descending,desc,sortedDirect,0.998,0.947,1.041
gcc,ctorCopy,longLong,1000000,descending,desc,sortedBridge,1.296,1.241,1.404
gcc,ctorCopy,longLong,1000000,fewValues,asc,sortKeys,3.355,3.275,3.429
gcc,ctorCopy,longLong,1000000,fewValues,asc,sortedDirect,3.419,3.365,3.625
gcc,ctorCopy,longLong,1000000,fewValues,asc,sortedBridge,3.448,3.404,3.715
gcc,ctorCopy,longLong,1000000,fewValues,desc,sortKeys,3.327,3.283,3.404
gcc,ctorCopy,longLong,1000000,fewValues,desc,sortedDirect,3.442,3.393,3.482
gcc,ctorCopy,longLong,1000000,fewValues,desc,sortedBridge,3.576,3.521,3.705
gcc,ctorCopy,longLong,1000000,fullWidth,asc,sortKeys,7.428,7.38,7.542
gcc,ctorCopy,longLong,1000000,fullWidth,asc,sortedDirect,7.553,7.391,7.637
gcc,ctorCopy,longLong,1000000,fullWidth,asc,sortedBridge,7.564,7.442,7.792
gcc,ctorCopy,longLong,1000000,fullWidth,desc,sortKeys,7.643,7.56,7.7
gcc,ctorCopy,longLong,1000000,fullWidth,desc,sortedDirect,7.543,7.431,7.587
gcc,ctorCopy,longLong,1000000,fullWidth,desc,sortedBridge,7.783,7.671,8.02
gcc,ctorCopy,longLong,1000000,gaps,asc,sortKeys,3.822,3.729,3.898
gcc,ctorCopy,longLong,1000000,gaps,asc,sortedDirect,5.188,4.975,5.332
gcc,ctorCopy,longLong,1000000,gaps,asc,sortedBridge,4.979,4.871,5.242
gcc,ctorCopy,longLong,1000000,gaps,desc,sortKeys,3.812,3.741,5.022
gcc,ctorCopy,longLong,1000000,gaps,desc,sortedDirect,5.158,4.873,5.487
gcc,ctorCopy,longLong,1000000,gaps,desc,sortedBridge,5.221,5.153,5.48
gcc,ctorCopy,longLong,1000000,nearly,asc,sortKeys,7.235,7.173,7.454
gcc,ctorCopy,longLong,1000000,nearly,asc,sortedDirect,7.323,7.159,7.558
gcc,ctorCopy,longLong,1000000,nearly,asc,sortedBridge,7.234,7.112,7.514
gcc,ctorCopy,longLong,1000000,nearly,desc,sortKeys,7.336,7.205,7.918
gcc,ctorCopy,longLong,1000000,nearly,desc,sortedDirect,7.447,7.306,8.04
gcc,ctorCopy,longLong,1000000,nearly,desc,sortedBridge,7.448,7.289,7.881
gcc,ctorCopy,longLong,1000000,range22,asc,sortKeys,4.961,4.848,5.018
gcc,ctorCopy,longLong,1000000,range22,asc,sortedDirect,5.175,4.775,5.341
gcc,ctorCopy,longLong,1000000,range22,asc,sortedBridge,5.182,4.865,5.533
gcc,ctorCopy,longLong,1000000,range22,desc,sortKeys,4.633,4.571,4.916
gcc,ctorCopy,longLong,1000000,range22,desc,sortedDirect,4.731,4.573,4.82
gcc,ctorCopy,longLong,1000000,range22,desc,sortedBridge,4.85,4.781,4.972
gcc,ctorMove,int,1000000,ascending,asc,sortKeys,0.63,0.609,0.703
gcc,ctorMove,int,1000000,ascending,asc,sortedDirect,0.623,0.606,0.799
gcc,ctorMove,int,1000000,ascending,asc,sortedBridge,0.657,0.625,0.747
gcc,ctorMove,int,1000000,ascending,desc,sortKeys,0.8,0.747,0.867
gcc,ctorMove,int,1000000,ascending,desc,sortedDirect,0.789,0.752,0.81
gcc,ctorMove,int,1000000,ascending,desc,sortedBridge,0.769,0.733,0.784
gcc,ctorMove,int,1000000,descending,asc,sortKeys,0.811,0.782,0.815
gcc,ctorMove,int,1000000,descending,asc,sortedDirect,0.799,0.756,0.846
gcc,ctorMove,int,1000000,descending,asc,sortedBridge,0.801,0.769,0.821
gcc,ctorMove,int,1000000,descending,desc,sortKeys,0.634,0.613,0.687
gcc,ctorMove,int,1000000,descending,desc,sortedDirect,0.626,0.614,0.714
gcc,ctorMove,int,1000000,descending,desc,sortedBridge,0.927,0.914,0.994
gcc,ctorMove,int,1000000,fewValues,asc,sortKeys,2.794,2.768,3.048
gcc,ctorMove,int,1000000,fewValues,asc,sortedDirect,2.8,2.785,2.841
gcc,ctorMove,int,1000000,fewValues,asc,sortedBridge,2.853,2.782,2.958
gcc,ctorMove,int,1000000,fewValues,desc,sortKeys,2.937,2.831,3.164
gcc,ctorMove,int,1000000,fewValues,desc,sortedDirect,2.996,2.883,3.058
gcc,ctorMove,int,1000000,fewValues,desc,sortedBridge,3.098,2.994,3.146
gcc,ctorMove,int,1000000,fullWidth,asc,sortKeys,4.116,4.062,4.183
gcc,ctorMove,int,1000000,fullWidth,asc,sortedDirect,4.13,4.096,4.268
gcc,ctorMove,int,1000000,fullWidth,asc,sortedBridge,4.132,4.05,4.157
gcc,ctorMove,int,1000000,fullWidth,desc,sortKeys,4.198,4.176,4.535
gcc,ctorMove,int,1000000,fullWidth,desc,sortedDirect,4.358,4.104,4.492
gcc,ctorMove,int,1000000,fullWidth,desc,sortedBridge,4.391,4.195,4.52
gcc,ctorMove,int,1000000,gaps,asc,sortKeys,3.263,3.175,4.649
gcc,ctorMove,int,1000000,gaps,asc,sortedDirect,4.552,4.385,4.621
gcc,ctorMove,int,1000000,gaps,asc,sortedBridge,4.512,4.257,4.651
gcc,ctorMove,int,1000000,gaps,desc,sortKeys,3.25,3.159,3.286
gcc,ctorMove,int,1000000,gaps,desc,sortedDirect,4.354,4.226,4.458
gcc,ctorMove,int,1000000,gaps,desc,sortedBridge,4.526,4.464,4.63
gcc,ctorMove,int,1000000,nearly,asc,sortKeys,5.47,5.348,5.686
gcc,ctorMove,int,1000000,nearly,asc,sortedDirect,5.601,5.292,5.895
gcc,ctorMove,int,1000000,nearly,asc,sortedBridge,5.379,5.267,5.715
gcc,ctorMove,int,1000000,nearly,desc,sortKeys,5.648,5.393,5.771
gcc,ctorMove,int,1000000,nearly,desc,sortedDirect,5.384,5.249,5.566
gcc,ctorMove,int,1000000,nearly,desc,sortedBridge,5.588,5.468,5.649
gcc,ctorMove,int,1000000,range22,asc,sortKeys,4.079,3.831,4.185
gcc,ctorMove,int,1000000,range22,asc,sortedDirect,4.19,4.094,4.323
gcc,ctorMove,int,1000000,range22,asc,sortedBridge,4.148,4.093,4.259
gcc,ctorMove,int,1000000,range22,desc,sortKeys,4.571,4.151,4.713
gcc,ctorMove,int,1000000,range22,desc,sortedDirect,4.648,4.138,4.723
gcc,ctorMove,int,1000000,range22,desc,sortedBridge,4.771,4.22,4.931
gcc,ctorMove,int,2000000,fullWidth,asc,sortKeys,8.67,8.461,8.744
gcc,ctorMove,int,2000000,fullWidth,asc,sortedDirect,8.755,8.592,8.773
gcc,ctorMove,int,2000000,fullWidth,asc,sortedBridge,8.751,8.461,8.861
gcc,ctorMove,int,2000000,range22,asc,sortKeys,9.154,8.781,9.665
gcc,ctorMove,int,2000000,range22,asc,sortedDirect,9.179,8.949,9.255
gcc,ctorMove,int,2000000,range22,asc,sortedBridge,9.023,8.773,9.537
gcc,ctorMove,longLong,1000000,ascending,asc,sortKeys,0.665,0.639,0.77
gcc,ctorMove,longLong,1000000,ascending,asc,sortedDirect,0.66,0.607,0.842
gcc,ctorMove,longLong,1000000,ascending,asc,sortedBridge,0.646,0.619,0.685
gcc,ctorMove,longLong,1000000,ascending,desc,sortKeys,0.786,0.763,0.804
gcc,ctorMove,longLong,1000000,ascending,desc,sortedDirect,0.797,0.77,0.863
gcc,ctorMove,longLong,1000000,ascending,desc,sortedBridge,0.809,0.762,0.858
gcc,ctorMove,longLong,1000000,descending,asc,sortKeys,0.792,0.78,0.833
gcc,ctorMove,longLong,1000000,descending,asc,sortedDirect,0.798,0.786,0.833
gcc,ctorMove,longLong,1000000,descending,asc,sortedBridge,0.816,0.793,0.865
gcc,ctorMove,longLong,1000000,descending,desc,sortKeys,0.639,0.606,0.751
gcc,ctorMove,longLong,1000000,descending,desc,sortedDirect,0.633,0.595,0.665
gcc,ctorMove,longLong,1000000,descending,desc,sortedBridge,0.957,0.943,1.014
gcc,ctorMove,longLong,1000000,fewValues,asc,sortKeys,3.031,2.909,3.055
gcc,ctorMove,longLong,1000000,fewValues,asc,sortedDirect,3.097,3.025,3.177
gcc,ctorMove,longLong,1000000,fewValues,asc,sortedBridge,3.103,3.021,3.236
gcc,ctorMove,longLong,1000000,fewValues,desc,sortKeys,3.103,2.926,3.167
gcc,ctorMove,longLong,1000000,fewValues,desc,sortedDirect,3.15,3.078,3.292
gcc,ctorMove,longLong,1000000,fewValues,desc,sortedBridge,3.309,3.276,3.366
gcc,ctorMove,longLong,1000000,fullWidth,asc,sortKeys,7.218,7.051,7.27
gcc,ctorMove,longLong,1000000,fullWidth,asc,sortedDirect,7.265,7.194,7.382
gcc,ctorMove,longLong,1000000,fullWidth,asc,sortedBridge,7.248,7.056,7.49
gcc,ctorMove,longLong,1000000,fullWidth,desc,sortKeys,7.293,7.191,7.448
gcc,ctorMove,longLong,1000000,fullWidth,desc,sortedDirect,7.203,7.146,7.442
gcc,ctorMove,longLong,1000000,fullWidth,desc,sortedBridge,7.397,7.301,7.461
gcc,ctorMove,longLong,1000000,gaps,asc,sortKeys,3.491,3.477,3.752
gcc,ctorMove,longLong,1000000,gaps,asc,sortedDirect,4.679,4.626,5.021
gcc,ctorMove,longLong,1000000,gaps,asc,sortedBridge,4.664,4.586,5.5
gcc,ctorMove,longLong,1000000,gaps,desc,sortKeys,3.473,3.448,3.712
gcc,ctorMove,longLong,1000000,gaps,desc,sortedDirect,4.631,4.546,5.013
gcc,ctorMove,longLong,1000000,gaps,desc,sortedBridge,4.805,4.732,5.075
gcc,ctorMove,longLong,1000000,nearly,asc,sortKeys,7.001,6.809,7.733
gcc,ctorMove,longLong,1000000,nearly,asc,sortedDirect,7.046,6.952,7.24
gcc,ctorMove,longLong,1000000,nearly,asc,sortedBridge,7.105,6.845,7.866
gcc,ctorMove,longLong,1000000,nearly,desc,sortKeys,7.159,6.93,8.095
gcc,ctorMove,longLong,1000000,nearly,desc,sortedDirect,7.227,7.054,8.196
gcc,ctorMove,longLong,1000000,nearly,desc,sortedBridge,7.208,7.118,7.653
gcc,ctorMove,longLong,1000000,range22,asc,sortKeys,4.266,4.188,4.44
gcc,ctorMove,longLong,1000000,range22,asc,sortedDirect,4.36,4.266,4.49
gcc,ctorMove,longLong,1000000,range22,asc,sortedBridge,4.336,4.248,4.438
gcc,ctorMove,longLong,1000000,range22,desc,sortKeys,4.303,4.263,4.372
gcc,ctorMove,longLong,1000000,range22,desc,sortedDirect,4.341,4.291,4.461
gcc,ctorMove,longLong,1000000,range22,desc,sortedBridge,4.481,4.435,4.61
gcc,sort,int,1000000,ascending,asc,sortKeys,0.25275,0.2366,0.34
gcc,sort,int,1000000,ascending,asc,sortedDirect,0.2432,0.236,0.2575
gcc,sort,int,1000000,ascending,asc,sortedBridge,0.25225,0.2388,0.384333333
gcc,sort,int,1000000,ascending,asc,stdSort,7.276,7.232,7.484
gcc,sort,int,1000000,ascending,desc,sortKeys,0.372,0.363333333,0.374
gcc,sort,int,1000000,ascending,desc,sortedDirect,0.367333333,0.362333333,0.387666667
gcc,sort,int,1000000,ascending,desc,sortedBridge,0.375333333,0.365333333,0.381666667
gcc,sort,int,1000000,ascending,desc,stdSort,5.182,5.166,5.231
gcc,sort,int,1000000,descending,asc,sortKeys,0.373,0.366,0.388
gcc,sort,int,1000000,descending,asc,sortedDirect,0.377333333,0.366333333,0.391333333
gcc,sort,int,1000000,descending,asc,sortedBridge,0.376666667,0.366666667,0.390333333
gcc,sort,int,1000000,descending,asc,stdSort,5.226,5.157,5.29
gcc,sort,int,1000000,descending,desc,sortKeys,0.2408,0.2356,0.28625
gcc,sort,int,1000000,descending,desc,sortedDirect,0.2416,0.2342,0.2466
gcc,sort,int,1000000,descending,desc,sortedBridge,0.5325,0.5023333329999999,0.55
gcc,sort,int,1000000,descending,desc,stdSort,7.282,7.222,7.409
gcc,sort,int,1000000,fewValues,asc,sortKeys,2.37,2.337,2.429
gcc,sort,int,1000000,fewValues,asc,sortedDirect,2.385,2.367,2.414
gcc,sort,int,1000000,fewValues,asc,sortedBridge,2.375,2.37,2.462
gcc,sort,int,1000000,fewValues,asc,stdSort,14.265,14.165,14.374
gcc,sort,int,1000000,fewValues,desc,sortKeys,2.408,2.385,2.551
gcc,sort,int,1000000,fewValues,desc,sortedDirect,2.407,2.359,2.798
gcc,sort,int,1000000,fewValues,desc,sortedBridge,2.547,2.509,2.907
gcc,sort,int,1000000,fewValues,desc,stdSort,14.196,13.845,15.721
gcc,sort,int,1000000,fullWidth,asc,sortKeys,3.814,3.706,3.904
gcc,sort,int,1000000,fullWidth,asc,sortedDirect,3.783,3.7,3.932
gcc,sort,int,1000000,fullWidth,asc,sortedBridge,3.805,3.728,4.198
gcc,sort,int,1000000,fullWidth,asc,stdSort,40.13,39.847,43.942
gcc,sort,int,1000000,fullWidth,desc,sortKeys,3.845,3.769,4.162
gcc,sort,int,1000000,fullWidth,desc,sortedDirect,3.942,3.718,4.393
gcc,sort,int,1000000,fullWidth,desc,sortedBridge,3.958,3.939,4.139
gcc,sort,int,1000000,fullWidth,desc,stdSort,41.965,40.152,42.765
gcc,sort,int,1000000,gaps,asc,sortKeys,2.957,2.749,3.07
gcc,sort,int,1000000,gaps,asc,sortedDirect,4.214,4.125,4.425
gcc,sort,int,1000000,gaps,asc,sortedBridge,4.289,4.064,4.682
gcc,sort,int,1000000,gaps,asc,stdSort,21.662,21.137,22.476
gcc,sort,int,1000000,gaps,desc,sortKeys,2.794,2.76,3.155
gcc,sort,int,1000000,gaps,desc,sortedDirect,4.074,3.908,4.624
gcc,sort,int,1000000,gaps,desc,sortedBridge,4.143,4.04,4.87
gcc,sort,int,1000000,gaps,desc,stdSort,21.221,20.896,22.037
gcc,sort,int,1000000,nearly,asc,sortKeys,5.032,4.987,5.232
gcc,sort,int,1000000,nearly,asc,sortedDirect,5.061,4.902,5.291
gcc,sort,int,1000000,nearly,asc,sortedBridge,5.099,4.917,5.207
gcc,sort,int,1000000,nearly,asc,stdSort,9.077,9.064,9.12
gcc,sort,int,1000000,nearly,desc,sortKeys,5.329,5.186,5.674
gcc,sort,int,1000000,nearly,desc,sortedDirect,5.092,4.968,5.437
gcc,sort,int,1000000,nearly,desc,sortedBridge,5.192,5.096,5.625
gcc,sort,int,1000000,nearly,desc,stdSort,13.397,13.327,13.474
gcc,sort,int,1000000,range22,asc,sortKeys,2.959,2.908,3.163
gcc,sort,int,1000000,range22,asc,sortedDirect,2.953,2.872,3.326
gcc,sort,int,1000000,range22,asc,sortedBridge,2.976,2.932,3.17
gcc,sort,int,1000000,range22,asc,stdSort,40.733,40.606,41.573
gcc,sort,int,1000000,range22,desc,sortKeys,3.371,3.164,3.548
gcc,sort,int,1000000,range22,desc,sortedDirect,3.363,3.052,3.563
gcc,sort,int,1000000,range22,desc,sortedBridge,3.533,3.04,3.791
gcc,sort,int,1000000,range22,desc,stdSort,43.242,41.265,44.649
gcc,sort,int,128,fullWidth,asc,sortKeys,0.00047460899999999997,0.000421875,0.000498047
gcc,sort,int,128,fullWidth,asc,sortedDirect,0.000408203,0.000375,0.0004375
gcc,sort,int,128,fullWidth,asc,sortedBridge,0.00043945299999999997,0.000431641,0.000449219
gcc,sort,int,128,fullWidth,asc,stdSort,0.000402344,0.00038476600000000004,0.000445312
gcc,sort,int,2000000,fullWidth,asc,sortKeys,7.75,7.643,7.886
gcc,sort,int,2000000,fullWidth,asc,sortedDirect,7.952,7.76,8.055
gcc,sort,int,2000000,fullWidth,asc,sortedBridge,7.962,7.899,8.934
gcc,sort,int,2000000,fullWidth,asc,stdSort,83.025,82.867,85.038
gcc,sort,int,2000000,range22,asc,sortKeys,6.244,6.138,6.448
gcc,sort,int,2000000,range22,asc,sortedDirect,6.314,6.188,6.523
gcc,sort,int,2000000,range22,asc,sortedBridge,6.299,6.274,6.466
gcc,sort,int,2000000,range22,asc,stdSort,83.357,82.898,87.893
gcc,sort,int,4096,fullWidth,asc,sortKeys,0.012432099,0.011905882,0.012871795
gcc,sort,int,4096,fullWidth,asc,sortedDirect,0.011303371,0.010763441,0.011952381
gcc,sort,int,4096,fullWidth,asc,sortedBridge,0.011211111000000001,0.010568421,0.012144578
gcc,sort,int,4096,fullWidth,asc,stdSort,0.02535,0.024309524000000002,0.047857143
gcc,sort,int,512,fullWidth,asc,sortKeys,0.001890625,0.001800781,0.001958904
gcc,sort,int,512,fullWidth,asc,sortedDirect,0.002717391,0.0025,0.002757576
gcc,sort,int,512,fullWidth,asc,sortedBridge,0.002698113,0.002636842,0.002824859
gcc,sort,int,512,fullWidth,asc,stdSort,0.0024594589999999998,0.0023411210000000003,0.002493766
gcc,sort,longLong,1000000,ascending,asc,sortKeys,0.2314,0.2282,0.2338
gcc,sort,longLong,1000000,ascending,asc,sortedDirect,0.2288,0.2244,0.2308
gcc,sort,longLong,1000000,ascending,asc,sortedBridge,0.228,0.2232,0.2358
gcc,sort,longLong,1000000,ascending,asc,stdSort,7.323,7.314,7.391
gcc,sort,longLong,1000000,ascending,desc,sortKeys,0.393666667,0.379666667,0.39933333299999996
gcc,sort,longLong,1000000,ascending,desc,sortedDirect,0.390666667,0.380333333,0.399
gcc,sort,longLong,1000000,ascending,desc,sortedBridge,0.395333333,0.380333333,0.398
gcc,sort,longLong,1000000,ascending,desc,stdSort,5.239,5.212,5.282
gcc,sort,longLong,1000000,descending,asc,sortKeys,0.393666667,0.376333333,0.40066666700000003
gcc,sort,longLong,1000000,descending,asc,sortedDirect,0.392333333,0.378,0.409
gcc,sort,longLong,1000000,descending,asc,sortedBridge,0.396,0.385,0.4
gcc,sort,longLong,1000000,descending,asc,stdSort,5.244,5.229,5.292
gcc,sort,longLong,1000000,descending,desc,sortKeys,0.228,0.2258,0.2344
gcc,sort,longLong,1000000,descending,desc,sortedDirect,0.2306,0.224,0.2404
gcc,sort,longLong,1000000,descending,desc,sortedBridge,0.556,0.5345,0.5755
gcc,sort,longLong,1000000,descending,desc,stdSort,7.305,7.278,7.392
gcc,sort,longLong,1000000,fewValues,asc,sortKeys,2.643,2.591,2.781
gcc,sort,longLong,1000000,fewValues,asc,sortedDirect,2.736,2.647,3.123
gcc,sort,longLong,1000000,fewValues,asc,sortedBridge,2.672,2.597,2.813
gcc,sort,longLong,1000000,fewValues,asc,stdSort,13.797,13.523,13.859
gcc,sort,longLong,1000000,fewValues,desc,sortKeys,2.617,2.561,2.777
gcc,sort,longLong,1000000,fewValues,desc,sortedDirect,2.768,2.624,2.878
gcc,sort,longLong,1000000,fewValues,desc,sortedBridge,2.862,2.789,2.873
gcc,sort,longLong,1000000,fewValues,desc,stdSort,14.069,14.008,14.205
gcc,sort,longLong,1000000,fullWidth,asc,sortKeys,6.734,6.659,6.839
gcc,sort,longLong,1000000,fullWidth,asc,sortedDirect,6.844,6.685,6.948
gcc,sort,longLong,1000000,fullWidth,asc,sortedBridge,6.891,6.664,7.235
gcc,sort,longLong,1000000,fullWidth,asc,stdSort,39.578,39.466,40.574
gcc,sort,longLong,1000000,fullWidth,desc,sortKeys,6.888,6.732,7.054
gcc,sort,longLong,1000000,fullWidth,desc,sortedDirect,6.884,6.689,6.989
gcc,sort,longLong,1000000,fullWidth,desc,sortedBridge,7.086,6.925,7.137
gcc,sort,longLong,1000000,fullWidth,desc,stdSort,39.655,39.581,39.676
gcc,sort,longLong,1000000,gaps,asc,sortKeys,3.002,2.962,3.159
gcc,sort,longLong,1000000,gaps,asc,sortedDirect,4.487,4.197,4.594
gcc,sort,longLong,1000000,gaps,asc,sortedBridge,4.353,4.179,5.113
gcc,sort,longLong,1000000,gaps,asc,stdSort,21.292,21.196,23.759
gcc,sort,longLong,1000000,gaps,desc,sortKeys,3.019,2.913,3.137
gcc,sort,longLong,1000000,gaps,desc,sortedDirect,4.249,4.174,4.563
gcc,sort,longLong,1000000,gaps,desc,sortedBridge,4.455,4.322,4.686
gcc,sort,longLong,1000000,gaps,desc,stdSort,20.84,20.697,20.917
gcc,sort,longLong,1000000,nearly,asc,sortKeys,6.594,6.54,6.768
gcc,sort,longLong,1000000,nearly,asc,sortedDirect,6.641,6.41,6.927
gcc,sort,longLong,1000000,nearly,asc,sortedBridge,6.511,6.398,6.816
gcc,sort,longLong,1000000,nearly,asc,stdSort,9.214,9.139,9.248
gcc,sort,longLong,1000000,nearly,desc,sortKeys,6.653,6.518,6.92
gcc,sort,longLong,1000000,nearly,desc,sortedDirect,6.648,6.58,6.979
gcc,sort,longLong,1000000,nearly,desc,sortedBridge,6.896,6.536,6.968
gcc,sort,longLong,1000000,nearly,desc,stdSort,13.645,13.532,13.717
gcc,sort,longLong,1000000,range22,asc,sortKeys,3.368,3.251,3.465
gcc,sort,longLong,1000000,range22,asc,sortedDirect,3.42,3.262,3.625
gcc,sort,longLong,1000000,range22,asc,sortedBridge,3.401,3.335,3.581
gcc,sort,longLong,1000000,range22,asc,stdSort,41.008,40.907,41.586
gcc,sort,longLong,1000000,range22,desc,sortKeys,3.45,3.344,3.698
gcc,sort,longLong,1000000,range22,desc,sortedDirect,3.382,3.298,3.84
gcc,sort,longLong,1000000,range22,desc,sortedBridge,3.766,3.492,4.208
gcc,sort,longLong,1000000,range22,desc,stdSort,40.79,40.173,44.318
gcc,sort,longLong,128,fullWidth,asc,sortKeys,0.000492188,0.000470703,0.000544922
gcc,sort,longLong,128,fullWidth,asc,sortedDirect,0.000455078,0.0004375,0.000472656
gcc,sort,longLong,128,fullWidth,asc,sortedBridge,0.00047656200000000004,0.000466797,0.000541016
gcc,sort,longLong,128,fullWidth,asc,stdSort,0.00045898399999999995,0.00043945299999999997,0.0005078120000000001
gcc,sort,longLong,4096,fullWidth,asc,sortKeys,0.024071429,0.023904762,0.024634146
gcc,sort,longLong,4096,fullWidth,asc,sortedDirect,0.022377777999999997,0.022086956999999997,0.023068182
gcc,sort,longLong,4096,fullWidth,asc,sortedBridge,0.022466667000000003,0.022377777999999997,0.023090909
gcc,sort,longLong,4096,fullWidth,asc,stdSort,0.025575,0.02545,0.025897436000000003
gcc,sort,longLong,512,fullWidth,asc,sortKeys,0.002579897,0.002566667,0.002604167
gcc,sort,longLong,512,fullWidth,asc,sortedDirect,0.002570694,0.002566667,0.002590674
gcc,sort,longLong,512,fullWidth,asc,sortedBridge,0.0026272970000000002,0.002590674,0.00286
gcc,sort,longLong,512,fullWidth,asc,stdSort,0.0023608490000000004,0.002338785,0.00249005
clang,ctorCopy,int,1000000,ascending,asc,sortKeys,0.857875,0.839041,1.040667
clang,ctorCopy,int,1000000,ascending,asc,sortedDirect,0.924541,0.825208,1.057584
clang,ctorCopy,int,1000000,ascending,asc,sortedBridge,0.913167,0.840084,0.983375
clang,ctorCopy,int,1000000,ascending,desc,sortKeys,1.014292,0.819625,1.170958
clang,ctorCopy,int,1000000,ascending,desc,sortedDirect,1.051375,0.845625,1.244834
clang,ctorCopy,int,1000000,ascending,desc,sortedBridge,0.988333,0.829375,1.124083
clang,ctorCopy,int,1000000,descending,asc,sortKeys,0.866292,0.843167,1.051208
clang,ctorCopy,int,1000000,descending,asc,sortedDirect,0.854583,0.822959,0.980833
clang,ctorCopy,int,1000000,descending,asc,sortedBridge,0.860208,0.818042,0.906791
clang,ctorCopy,int,1000000,descending,desc,sortKeys,0.773625,0.745958,0.873584
clang,ctorCopy,int,1000000,descending,desc,sortedDirect,0.797167,0.752125,0.823084
clang,ctorCopy,int,1000000,descending,desc,sortedBridge,0.914167,0.869417,0.970417
clang,ctorCopy,int,1000000,fewValues,asc,sortKeys,2.732958,2.711209,2.841166
clang,ctorCopy,int,1000000,fewValues,asc,sortedDirect,2.7045,2.629791,2.787291
clang,ctorCopy,int,1000000,fewValues,asc,sortedBridge,2.704625,2.650708,2.84225
clang,ctorCopy,int,1000000,fewValues,desc,sortKeys,2.750375,2.683792,2.890708
clang,ctorCopy,int,1000000,fewValues,desc,sortedDirect,2.702125,2.617,2.944667
clang,ctorCopy,int,1000000,fewValues,desc,sortedBridge,2.813375,2.720625,2.927125
clang,ctorCopy,int,1000000,fullWidth,asc,sortKeys,4.23875,4.154708,4.266416
clang,ctorCopy,int,1000000,fullWidth,asc,sortedDirect,4.218417,4.1225,4.295042
clang,ctorCopy,int,1000000,fullWidth,asc,sortedBridge,4.191,4.056167,4.271667
clang,ctorCopy,int,1000000,fullWidth,desc,sortKeys,4.256875,4.122458,4.359417
clang,ctorCopy,int,1000000,fullWidth,desc,sortedDirect,4.233958,4.19525,4.274958
clang,ctorCopy,int,1000000,fullWidth,desc,sortedBridge,4.349583,4.211666,4.466625
clang,ctorCopy,int,1000000,gaps,asc,sortKeys,4.184042,4.147,4.261459
clang,ctorCopy,int,1000000,gaps,asc,sortedDirect,3.146375,3.037541,3.2355
clang,ctorCopy,int,1000000,gaps,asc,sortedBridge,3.146792,3.07875,3.284916
clang,ctorCopy,int,1000000,gaps,desc,sortKeys,4.494417,4.442583,4.603667
clang,ctorCopy,int,1000000,gaps,desc,sortedDirect,3.3335,3.189333,3.490917
clang,ctorCopy,int,1000000,gaps,desc,sortedBridge,3.46025,3.380584,3.701958
clang,ctorCopy,int,1000000,nearly,asc,sortKeys,5.706,5.5145,5.893375
clang,ctorCopy,int,1000000,nearly,asc,sortedDirect,5.57875,5.452417,5.6505
clang,ctorCopy,int,1000000,nearly,asc,sortedBridge,5.498625,5.408333,5.595333
clang,ctorCopy,int,1000000,nearly,desc,sortKeys,5.997833,5.668542,6.124042
clang,ctorCopy,int,1000000,nearly,desc,sortedDirect,5.689792,5.528333,6.03175
clang,ctorCopy,int,1000000,nearly,desc,sortedBridge,5.649584,5.574042,6.164834
clang,ctorCopy,int,1000000,range22,asc,sortKeys,4.675084,4.26225,4.958542
clang,ctorCopy,int,1000000,range22,asc,sortedDirect,4.319584,4.230542,4.853917
clang,ctorCopy,int,1000000,range22,asc,sortedBridge,4.699791,4.340834,4.857042
clang,ctorCopy,int,1000000,range22,desc,sortKeys,4.437042,4.144791,4.531125
clang,ctorCopy,int,1000000,range22,desc,sortedDirect,4.615916,4.363958,4.89975
clang,ctorCopy,int,1000000,range22,desc,sortedBridge,4.63725,4.135834,5.027833
clang,ctorCopy,int,2000000,fullWidth,asc,sortKeys,8.987292,8.853084,9.017042
clang,ctorCopy,int,2000000,fullWidth,asc,sortedDirect,8.980291,8.805125,9.635125
clang,ctorCopy,int,2000000,fullWidth,asc,sortedBridge,8.970916,8.80725,9.406666
clang,ctorCopy,int,2000000,range22,asc,sortKeys,9.162125,9.033709,9.558958
clang,ctorCopy,int,2000000,range22,asc,sortedDirect,9.352667,9.293792,9.368584
clang,ctorCopy,int,2000000,range22,asc,sortedBridge,9.313041,9.148125,9.766125
clang,ctorCopy,longLong,1000000,ascending,asc,sortKeys,1.093,0.901334,1.262
clang,ctorCopy,longLong,1000000,ascending,asc,sortedDirect,1.004084,0.960167,1.160917
clang,ctorCopy,longLong,1000000,ascending,asc,sortedBridge,0.975375,0.9005,1.148542
clang,ctorCopy,longLong,1000000,ascending,desc,sortKeys,1.098417,1.061916,1.3545
clang,ctorCopy,longLong,1000000,ascending,desc,sortedDirect,1.08225,1.014916,1.120542
clang,ctorCopy,longLong,1000000,ascending,desc,sortedBridge,1.109333,1.0375,1.226875
clang,ctorCopy,longLong,1000000,descending,asc,sortKeys,1.04675,1.011167,1.141583
clang,ctorCopy,longLong,1000000,descending,asc,sortedDirect,1.082042,1.02675,1.109
clang,ctorCopy,longLong,1000000,descending,asc,sortedBridge,1.092458,1.038292,1.152084
clang,ctorCopy,longLong,1000000,descending,desc,sortKeys,0.980084,0.900792,1.085833
clang,ctorCopy,longLong,1000000,descending,desc,sortedDirect,0.997708,0.905625,1.093625
clang,ctorCopy,longLong,1000000,descending,desc,sortedBridge,1.168083,1.135042,1.216875
clang,ctorCopy,longLong,1000000,fewValues,asc,sortKeys,3.15625,3.006,3.202417
clang,ctorCopy,longLong,1000000,fewValues,asc,sortedDirect,3.14825,3.089208,3.183333
clang,ctorCopy,longLong,1000000,fewValues,asc,sortedBridge,3.142042,3.027334,3.22125
clang,ctorCopy,longLong,1000000,fewValues,desc,sortKeys,3.116833,3.048292,3.153
clang,ctorCopy,longLong,1000000,fewValues,desc,sortedDirect,3.107209,3.083708,3.235792
clang,ctorCopy,longLong,1000000,fewValues,desc,sortedBridge,3.260209,3.191958,3.373541
clang,ctorCopy,longLong,1000000,fullWidth,asc,sortKeys,7.52075,7.265167,7.670625
clang,ctorCopy,longLong,1000000,fullWidth,asc,sortedDirect,7.447625,7.286959,7.671208
clang,ctorCopy,longLong,1000000,fullWidth,asc,sortedBridge,7.389708,7.08775,7.620625
clang,ctorCopy,longLong,1000000,fullWidth,desc,sortKeys,7.761041,7.565958,7.829375
clang,ctorCopy,longLong,1000000,fullWidth,desc,sortedDirect,7.520125,7.331125,7.831208
clang,ctorCopy,longLong,1000000,fullWidth,desc,sortedBridge,7.78375,7.494833,7.904708
clang,ctorCopy,longLong,1000000,gaps,asc,sortKeys,4.673,4.521125,5.186125
clang,ctorCopy,longLong,1000000,gaps,asc,sortedDirect,4.768,4.676542,5.28325
clang,ctorCopy,longLong,1000000,gaps,asc,sortedBridge,4.877041,4.599,5.782291
clang,ctorCopy,longLong,1000000,gaps,desc,sortKeys,3.578917,3.485083,4.141834
clang,ctorCopy,longLong,1000000,gaps,desc,sortedDirect,4.798375,4.669,4.962209
clang,ctorCopy,longLong,1000000,gaps,desc,sortedBridge,4.966708,4.7625,5.228875
clang,ctorCopy,longLong,1000000,nearly,asc,sortKeys,7.399417,7.257875,7.534333
clang,ctorCopy,longLong,1000000,nearly,asc,sortedDirect,7.228334,7.14925,7.463375
clang,ctorCopy,longLong,1000000,nearly,asc,sortedBridge,7.344291,7.276959,7.514458
clang,ctorCopy,longLong,1000000,nearly,desc,sortKeys,7.256916,7.193416,7.63925
clang,ctorCopy,longLong,1000000,nearly,desc,sortedDirect,7.28125,7.179125,7.786375
clang,ctorCopy,longLong,1000000,nearly,desc,sortedBridge,7.30525,7.202375,7.48775
clang,ctorCopy,longLong,1000000,range22,asc,sortKeys,4.720709,4.51725,4.803042
clang,ctorCopy,longLong,1000000,range22,asc,sortedDirect,4.606875,4.480083,4.900209
clang,ctorCopy,longLong,1000000,range22,asc,sortedBridge,4.808625,4.608708,4.856208
clang,ctorCopy,longLong,1000000,range22,desc,sortKeys,4.788584,4.554416,4.8195
clang,ctorCopy,longLong,1000000,range22,desc,sortedDirect,4.561375,4.498167,5.01275
clang,ctorCopy,longLong,1000000,range22,desc,sortedBridge,4.716625,4.642709,5.171416
clang,ctorMove,int,1000000,ascending,asc,sortKeys,0.681917,0.63775,0.741
clang,ctorMove,int,1000000,ascending,asc,sortedDirect,0.703875,0.650125,0.775834
clang,ctorMove,int,1000000,ascending,asc,sortedBridge,0.674834,0.65025,0.724209
clang,ctorMove,int,1000000,ascending,desc,sortKeys,0.727042,0.687667,0.954417
clang,ctorMove,int,1000000,ascending,desc,sortedDirect,0.7295,0.693375,0.766167
clang,ctorMove,int,1000000,ascending,desc,sortedBridge,0.715792,0.679584,0.908375
clang,ctorMove,int,1000000,descending,asc,sortKeys,0.665291,0.647083,0.815291
clang,ctorMove,int,1000000,descending,asc,sortedDirect,0.69675,0.662,0.776583
clang,ctorMove,int,1000000,descending,asc,sortedBridge,0.657584,0.636916,0.757
clang,ctorMove,int,1000000,descending,desc,sortKeys,0.621875,0.604,0.636
clang,ctorMove,int,1000000,descending,desc,sortedDirect,0.617,0.589083,0.653667
clang,ctorMove,int,1000000,descending,desc,sortedBridge,0.736333,0.721708,0.785333
clang,ctorMove,int,1000000,fewValues,asc,sortKeys,2.593125,2.568625,2.708792
clang,ctorMove,int,1000000,fewValues,asc,sortedDirect,2.558375,2.489083,2.679292
clang,ctorMove,int,1000000,fewValues,asc,sortedBridge,2.579958,2.536125,2.692917
clang,ctorMove,int,1000000,fewValues,desc,sortKeys,2.5915,2.544792,2.643417
clang,ctorMove,int,1000000,fewValues,desc,sortedDirect,2.52825,2.506833,2.778708
clang,ctorMove,int,1000000,fewValues,desc,sortedBridge,2.578833,2.56075,2.702667
clang,ctorMove,int,1000000,fullWidth,asc,sortKeys,4.099292,4.035583,4.144375
clang,ctorMove,int,1000000,fullWidth,asc,sortedDirect,4.059125,3.941292,4.166167
clang,ctorMove,int,1000000,fullWidth,asc,sortedBridge,4.069791,4.044667,4.149042
clang,ctorMove,int,1000000,fullWidth,desc,sortKeys,4.124084,4.014958,4.257958
clang,ctorMove,int,1000000,fullWidth,desc,sortedDirect,4.08175,4.006875,4.157375
clang,ctorMove,int,1000000,fullWidth,desc,sortedBridge,4.170709,4.134166,4.284375
clang,ctorMove,int,1000000,gaps,asc,sortKeys,4.031333,3.999333,4.100083
clang,ctorMove,int,1000000,gaps,asc,sortedDirect,2.952625,2.929458,3.02325
clang,ctorMove,int,1000000,gaps,asc,sortedBridge,2.953584,2.9155,2.965958
clang,ctorMove,int,1000000,gaps,desc,sortKeys,4.463083,4.26625,4.625834
clang,ctorMove,int,1000000,gaps,desc,sortedDirect,3.200875,3.112541,3.502
clang,ctorMove,int,1000000,gaps,desc,sortedBridge,3.457542,3.186125,3.627875
clang,ctorMove,int,1000000,nearly,asc,sortKeys,5.571125,5.308417,5.613209
clang,ctorMove,int,1000000,nearly,asc,sortedDirect,5.47,5.311584,5.590958
clang,ctorMove,int,1000000,nearly,asc,sortedBridge,5.35525,5.312375,5.543125
clang,ctorMove,int,1000000,nearly,desc,sortKeys,5.564708,5.488708,5.668125
clang,ctorMove,int,1000000,nearly,desc,sortedDirect,5.518584,5.367166,5.53775
clang,ctorMove,int,1000000,nearly,desc,sortedBridge,5.527083,5.429625,5.688291
clang,ctorMove,int,1000000,range22,asc,sortKeys,4.527167,3.963,4.763167
clang,ctorMove,int,1000000,range22,asc,sortedDirect,4.574417,4.195792,4.7285
clang,ctorMove,int,1000000,range22,asc,sortedBridge,4.471583,4.051,4.726416
clang,ctorMove,int,1000000,range22,desc,sortKeys,4.490125,4.33,4.610334
clang,ctorMove,int,1000000,range22,desc,sortedDirect,4.28175,3.982084,4.552917
clang,ctorMove,int,1000000,range22,desc,sortedBridge,4.34225,4.032416,4.955458
clang,ctorMove,int,2000000,fullWidth,asc,sortKeys,8.597084,8.436125,9.013833
clang,ctorMove,int,2000000,fullWidth,asc,sortedDirect,8.709584,8.357167,9.289291
clang,ctorMove,int,2000000,fullWidth,asc,sortedBridge,8.635958,8.444792,8.999709
clang,ctorMove,int,2000000,range22,asc,sortKeys,8.832458,8.708125,9.048209
clang,ctorMove,int,2000000,range22,asc,sortedDirect,8.92925,8.683875,9.048292
clang,ctorMove,int,2000000,range22,asc,sortedBridge,8.96675,8.726875,9.115958
clang,ctorMove,longLong,1000000,ascending,asc,sortKeys,0.637333,0.599667,0.695291
clang,ctorMove,longLong,1000000,ascending,asc,sortedDirect,0.623917,0.592,0.659959
clang,ctorMove,longLong,1000000,ascending,asc,sortedBridge,0.694084,0.624792,0.729292
clang,ctorMove,longLong,1000000,ascending,desc,sortKeys,0.787083,0.706458,0.825625
clang,ctorMove,longLong,1000000,ascending,desc,sortedDirect,0.750708,0.729917,0.825875
clang,ctorMove,longLong,1000000,ascending,desc,sortedBridge,0.772125,0.717542,0.81775
clang,ctorMove,longLong,1000000,descending,asc,sortKeys,0.75625,0.6945,0.830875
clang,ctorMove,longLong,1000000,descending,asc,sortedDirect,0.740458,0.720041,0.79375
clang,ctorMove,longLong,1000000,descending,asc,sortedBridge,0.7735,0.714166,0.812583
clang,ctorMove,longLong,1000000,descending,desc,sortKeys,0.638541,0.59425,0.667583
clang,ctorMove,longLong,1000000,descending,desc,sortedDirect,0.68225,0.625125,0.750458
clang,ctorMove,longLong,1000000,descending,desc,sortedBridge,0.855208,0.807834,0.90175
clang,ctorMove,longLong,1000000,fewValues,asc,sortKeys,2.803542,2.78125,3.023375
clang,ctorMove,longLong,1000000,fewValues,asc,sortedDirect,2.8245,2.784958,2.866375
clang,ctorMove,longLong,1000000,fewValues,asc,sortedBridge,2.825833,2.779792,2.84975
clang,ctorMove,longLong,1000000,fewValues,desc,sortKeys,2.797708,2.681416,2.83475
clang,ctorMove,longLong,1000000,fewValues,desc,sortedDirect,2.819958,2.730125,2.958625
clang,ctorMove,longLong,1000000,fewValues,desc,sortedBridge,2.871375,2.833333,3.000584
clang,ctorMove,longLong,1000000,fullWidth,asc,sortKeys,7.273208,7.109875,8.27825
clang,ctorMove,longLong,1000000,fullWidth,asc,sortedDirect,7.178459,7.000125,8.222917
clang,ctorMove,longLong,1000000,fullWidth,asc,sortedBridge,7.129125,7.003667,8.299042
clang,ctorMove,longLong,1000000,fullWidth,desc,sortKeys,7.325125,7.151042,7.443042
clang,ctorMove,longLong,1000000,fullWidth,desc,sortedDirect,7.100458,6.992709,7.220417
clang,ctorMove,longLong,1000000,fullWidth,desc,sortedBridge,7.195333,7.070291,7.453083
clang,ctorMove,longLong,1000000,gaps,asc,sortKeys,4.315542,4.185958,4.419666
clang,ctorMove,longLong,1000000,gaps,asc,sortedDirect,4.625709,4.3535,4.764791
clang,ctorMove,longLong,1000000,gaps,asc,sortedBridge,4.47275,4.28075,4.808208
clang,ctorMove,longLong,1000000,gaps,desc,sortKeys,3.309333,3.2225,3.745625
clang,ctorMove,longLong,1000000,gaps,desc,sortedDirect,4.717833,4.393666,4.862333
clang,ctorMove,longLong,1000000,gaps,desc,sortedBridge,4.688917,4.542125,5.028333
clang,ctorMove,longLong,1000000,nearly,asc,sortKeys,6.965334,6.790958,7.194667
clang,ctorMove,longLong,1000000,nearly,asc,sortedDirect,6.909708,6.625416,7.137042
clang,ctorMove,longLong,1000000,nearly,asc,sortedBridge,6.864917,6.743209,7.3075
clang,ctorMove,longLong,1000000,nearly,desc,sortKeys,7.047666,6.833042,7.112042
clang,ctorMove,longLong,1000000,nearly,desc,sortedDirect,6.769584,6.702542,7.2075
clang,ctorMove,longLong,1000000,nearly,desc,sortedBridge,7.066375,6.779542,7.189042
clang,ctorMove,longLong,1000000,range22,asc,sortKeys,4.239334,4.215959,4.544125
clang,ctorMove,longLong,1000000,range22,asc,sortedDirect,4.3035,4.210166,4.986291
clang,ctorMove,longLong,1000000,range22,asc,sortedBridge,4.409958,4.173375,5.189709
clang,ctorMove,longLong,1000000,range22,desc,sortKeys,4.368917,4.242375,4.471417
clang,ctorMove,longLong,1000000,range22,desc,sortedDirect,4.442417,4.209416,4.59675
clang,ctorMove,longLong,1000000,range22,desc,sortedBridge,4.46325,4.241542,4.596209
clang,sort,int,1000000,ascending,asc,sortKeys,0.2306746,0.2245,0.2585415
clang,sort,int,1000000,ascending,asc,sortedDirect,0.2317168,0.2243498,0.25736475
clang,sort,int,1000000,ascending,asc,sortedBridge,0.2362082,0.22815,0.26225025
clang,sort,int,1000000,ascending,asc,stdSort,0.749208,0.681187,0.779625
clang,sort,int,1000000,ascending,desc,sortKeys,0.29264575,0.27771875,0.3056665
clang,sort,int,1000000,ascending,desc,sortedDirect,0.2919375,0.273677,0.2994165
clang,sort,int,1000000,ascending,desc,sortedBridge,0.28734375,0.27239625,0.30107325
clang,sort,int,1000000,ascending,desc,stdSort,0.904,0.8887295,1.007583
clang,sort,int,1000000,descending,asc,sortKeys,0.2952185,0.28721875,0.2988335
clang,sort,int,1000000,descending,asc,sortedDirect,0.28983325,0.2873545,0.29457275
clang,sort,int,1000000,descending,asc,sortedBridge,0.29335425,0.2862605,0.30091675
clang,sort,int,1000000,descending,asc,stdSort,0.8712505,0.856271,0.9136665
clang,sort,int,1000000,descending,desc,sortKeys,0.229025,0.2220832,0.24405
clang,sort,int,1000000,descending,desc,sortedDirect,0.2348084,0.2226,0.2426748
clang,sort,int,1000000,descending,desc,sortedBridge,0.333513667,0.325,0.347861333
clang,sort,int,1000000,descending,desc,stdSort,0.474319667,0.446972,0.642146
clang,sort,int,1000000,fewValues,asc,sortKeys,2.341333,2.331125,2.393291
clang,sort,int,1000000,fewValues,asc,sortedDirect,2.310875,2.287958,2.371
clang,sort,int,1000000,fewValues,asc,sortedBridge,2.315208,2.246375,2.372417
clang,sort,int,1000000,fewValues,asc,stdSort,8.206125,8.151292,8.354084
clang,sort,int,1000000,fewValues,desc,sortKeys,2.371583,2.344917,2.408458
clang,sort,int,1000000,fewValues,desc,sortedDirect,2.344167,2.285958,2.477167
clang,sort,int,1000000,fewValues,desc,sortedBridge,2.336917,2.3305,2.383125
clang,sort,int,1000000,fewValues,desc,stdSort,3.445458,3.430833,3.504333
clang,sort,int,1000000,fullWidth,asc,sortKeys,3.708708,3.677917,3.757375
clang,sort,int,1000000,fullWidth,asc,sortedDirect,3.744959,3.654917,3.810625
clang,sort,int,1000000,fullWidth,asc,sortedBridge,3.746125,3.706834,3.832333
clang,sort,int,1000000,fullWidth,asc,stdSort,39.611166,39.523,39.803209
clang,sort,int,1000000,fullWidth,desc,sortKeys,3.735125,3.681083,3.823208
clang,sort,int,1000000,fullWidth,desc,sortedDirect,3.692417,3.606333,3.751209
clang,sort,int,1000000,fullWidth,desc,sortedBridge,3.837917,3.689542,3.916167
clang,sort,int,1000000,fullWidth,desc,stdSort,13.91975,13.677,13.975333
clang,sort,int,1000000,gaps,asc,sortKeys,3.811167,3.755708,3.886208
clang,sort,int,1000000,gaps,asc,sortedDirect,2.714792,2.669625,2.852208
clang,sort,int,1000000,gaps,asc,sortedBridge,2.728292,2.70075,2.758625
clang,sort,int,1000000,gaps,asc,stdSort,16.719084,16.634,16.799208
clang,sort,int,1000000,gaps,desc,sortKeys,3.821667,3.77175,3.951875
clang,sort,int,1000000,gaps,desc,sortedDirect,2.833375,2.743458,3.263334
clang,sort,int,1000000,gaps,desc,sortedBridge,3.060709,2.718541,4.075458
clang,sort,int,1000000,gaps,desc,stdSort,4.930459,4.905292,5.321083
clang,sort,int,1000000,nearly,asc,sortKeys,5.14675,5.073667,5.527917
clang,sort,int,1000000,nearly,asc,sortedDirect,5.004125,4.919459,5.1855
clang,sort,int,1000000,nearly,asc,sortedBridge,5.0505,4.814542,5.176542
clang,sort,int,1000000,nearly,asc,stdSort,5.848959,5.806583,5.864792
clang,sort,int,1000000,nearly,desc,sortKeys,5.467208,5.163834,5.748125
clang,sort,int,1000000,nearly,desc,sortedDirect,5.338334,5.08325,11.054625
clang,sort,int,1000000,nearly,desc,sortedBridge,5.3475,4.95225,6.373375
clang,sort,int,1000000,nearly,desc,stdSort,11.205708,10.901625,11.442458
clang,sort,int,1000000,range22,asc,sortKeys,3.227459,2.91225,3.391416
clang,sort,int,1000000,range22,asc,sortedDirect,2.95775,2.896625,3.40025
clang,sort,int,1000000,range22,asc,sortedBridge,3.198625,2.884917,3.494375
clang,sort,int,1000000,range22,asc,stdSort,39.359917,38.530208,43.935792
clang,sort,int,1000000,range22,desc,sortKeys,3.296917,3.090209,3.549208
clang,sort,int,1000000,range22,desc,sortedDirect,3.314166,3.090375,3.502375
clang,sort,int,1000000,range22,desc,sortedBridge,3.462959,3.074584,3.785166
clang,sort,int,1000000,range22,desc,stdSort,14.82275,14.327041,15.833375
clang,sort,int,128,fullWidth,asc,sortKeys,0.000409908,0.000398029,0.000448469
clang,sort,int,128,fullWidth,asc,sortedDirect,0.000365902,0.000362703,0.00039143900000000004
clang,sort,int,128,fullWidth,asc,sortedBridge,0.000369639,0.00035677100000000003,0.000438385
clang,sort,int,128,fullWidth,asc,stdSort,0.000383551,0.000360836,0.000400803
clang,sort,int,2000000,fullWidth,asc,sortKeys,7.832625,7.613167,7.897667
clang,sort,int,2000000,fullWidth,asc,sortedDirect,7.888542,7.740042,8.117667
clang,sort,int,2000000,fullWidth,asc,sortedBridge,7.838375,7.613084,8.595375
clang,sort,int,2000000,fullWidth,asc,stdSort,82.958417,82.576375,83.652958
clang,sort,int,2000000,range22,asc,sortKeys,6.114125,6.042416,6.1575
clang,sort,int,2000000,range22,asc,sortedDirect,6.267583,6.122167,6.372
clang,sort,int,2000000,range22,asc,sortedBridge,6.135333,6.035625,6.317208
clang,sort,int,2000000,range22,asc,stdSort,81.408458,81.202208,81.682584
clang,sort,int,4096,fullWidth,asc,sortKeys,0.013012403,0.012425358000000001,0.014806941
clang,sort,int,4096,fullWidth,asc,sortedDirect,0.011765741,0.011309933000000001,0.013049221
clang,sort,int,4096,fullWidth,asc,sortedBridge,0.012083349,0.011679209000000001,0.013297132
clang,sort,int,4096,fullWidth,asc,stdSort,0.025980744,0.023904738000000002,0.032358935
clang,sort,int,512,fullWidth,asc,sortKeys,0.001974308,0.0018835570000000001,0.00218631
clang,sort,int,512,fullWidth,asc,sortedDirect,0.0024077449999999998,0.002247186,0.002758165
clang,sort,int,512,fullWidth,asc,sortedBridge,0.002388031,0.0022313809999999997,0.002729624
clang,sort,int,512,fullWidth,asc,stdSort,0.002249029,0.0021317280000000003,0.0024053649999999996
clang,sort,longLong,1000000,ascending,asc,sortKeys,0.23255,0.22339979999999998,0.23645
clang,sort,longLong,1000000,ascending,asc,sortedDirect,0.2332168,0.225325,0.23779139999999999
clang,sort,longLong,1000000,ascending,asc,sortedBridge,0.2300836,0.22300820000000002,0.2517295
clang,sort,longLong,1000000,ascending,asc,stdSort,0.6820205,0.6653335,0.6941455
clang,sort,longLong,1000000,ascending,desc,sortKeys,0.3273335,0.32366675,0.342986
clang,sort,longLong,1000000,ascending,desc,sortedDirect,0.358986,0.338403,0.374263667
clang,sort,longLong,1000000,ascending,desc,sortedBridge,0.334389,0.324083,0.346541667
clang,sort,longLong,1000000,ascending,desc,stdSort,0.899229,0.8547505,0.913104
clang,sort,longLong,1000000,descending,asc,sortKeys,0.338361,0.334195,0.34033333299999996
clang,sort,longLong,1000000,descending,asc,sortedDirect,0.341097333,0.32792725,0.348999667
clang,sort,longLong,1000000,descending,asc,sortedBridge,0.346708,0.32851075,0.364653
clang,sort,longLong,1000000,descending,asc,stdSort,0.886271,0.8655625,0.8927085
clang,sort,longLong,1000000,descending,desc,sortKeys,0.2271666,0.2245584,0.23368339999999999
clang,sort,longLong,1000000,descending,desc,sortedDirect,0.229475,0.22311679999999998,0.2448246
clang,sort,longLong,1000000,descending,desc,sortedBridge,0.444694333,0.428931,0.460236
clang,sort,longLong,1000000,descending,desc,stdSort,0.461708,0.451236,0.482472333
clang,sort,longLong,1000000,fewValues,asc,sortKeys,2.584208,2.529459,2.686125
clang,sort,longLong,1000000,fewValues,asc,sortedDirect,2.582791,2.509708,2.871875
clang,sort,longLong,1000000,fewValues,asc,sortedBridge,2.545291,2.511875,2.604417
clang,sort,longLong,1000000,fewValues,asc,stdSort,8.61425,8.553209,8.741459
clang,sort,longLong,1000000,fewValues,desc,sortKeys,2.509625,2.4655,2.633792
clang,sort,longLong,1000000,fewValues,desc,sortedDirect,2.644583,2.576084,2.692375
clang,sort,longLong,1000000,fewValues,desc,sortedBridge,2.638541,2.567166,2.73025
clang,sort,longLong,1000000,fewValues,desc,stdSort,3.37175,3.314375,3.431041
clang,sort,longLong,1000000,fullWidth,asc,sortKeys,6.696209,6.597542,6.767125
clang,sort,longLong,1000000,fullWidth,asc,sortedDirect,6.763209,6.640125,6.857958
clang,sort,longLong,1000000,fullWidth,asc,sortedBridge,6.775,6.55475,6.835583
clang,sort,longLong,1000000,fullWidth,asc,stdSort,39.318291,39.205459,39.462083
clang,sort,longLong,1000000,fullWidth,desc,sortKeys,6.976292,6.8365,7.504375
clang,sort,longLong,1000000,fullWidth,desc,sortedDirect,6.7805,6.713042,7.112292
clang,sort,longLong,1000000,fullWidth,desc,sortedBridge,6.891625,6.757,8.244875
clang,sort,longLong,1000000,fullWidth,desc,stdSort,13.864209,13.600709,13.98225
clang,sort,longLong,1000000,gaps,asc,sortKeys,4.147917,4.048291,4.306
clang,sort,longLong,1000000,gaps,asc,sortedDirect,4.35475,4.050625,4.561167
clang,sort,longLong,1000000,gaps,asc,sortedBridge,4.161,4.064417,4.363542
clang,sort,longLong,1000000,gaps,asc,stdSort,17.460292,17.445333,17.541958
clang,sort,longLong,1000000,gaps,desc,sortKeys,3.039625,2.871083,3.122084
clang,sort,longLong,1000000,gaps,desc,sortedDirect,4.479666,4.247958,4.558666
clang,sort,longLong,1000000,gaps,desc,sortedBridge,4.452042,4.162709,4.824166
clang,sort,longLong,1000000,gaps,desc,stdSort,5.184875,5.150833,5.480208
clang,sort,longLong,1000000,nearly,asc,sortKeys,6.700708,6.56375,6.862666
clang,sort,longLong,1000000,nearly,asc,sortedDirect,6.505833,6.389625,6.747167
clang,sort,longLong,1000000,nearly,asc,sortedBridge,6.601,6.386375,6.790708
clang,sort,longLong,1000000,nearly,asc,stdSort,6.150042,6.1005,6.241792
clang,sort,longLong,1000000,nearly,desc,sortKeys,6.66775,6.461292,6.738708
clang,sort,longLong,1000000,nearly,desc,sortedDirect,6.520417,6.363167,6.634708
clang,sort,longLong,1000000,nearly,desc,sortedBridge,6.665541,6.322625,6.9595
clang,sort,longLong,1000000,nearly,desc,stdSort,10.410333,10.265375,10.546333
clang,sort,longLong,1000000,range22,asc,sortKeys,3.300833,3.24925,3.359291
clang,sort,longLong,1000000,range22,asc,sortedDirect,3.374167,3.214042,3.562125
clang,sort,longLong,1000000,range22,asc,sortedBridge,3.404958,3.230625,3.548708
clang,sort,longLong,1000000,range22,asc,stdSort,40.135041,39.959667,40.568709
clang,sort,longLong,1000000,range22,desc,sortKeys,3.447833,3.29275,3.564417
clang,sort,longLong,1000000,range22,desc,sortedDirect,3.520542,3.198125,3.775791
clang,sort,longLong,1000000,range22,desc,sortedBridge,3.62,3.412,3.991916
clang,sort,longLong,1000000,range22,desc,stdSort,13.531917,13.293042,13.825291
clang,sort,longLong,128,fullWidth,asc,sortKeys,0.000382256,0.000374578,0.000407791
clang,sort,longLong,128,fullWidth,asc,sortedDirect,0.000344418,0.00033728500000000005,0.000377984
clang,sort,longLong,128,fullWidth,asc,sortedBridge,0.00034220299999999996,0.000337668,0.000383617
clang,sort,longLong,128,fullWidth,asc,stdSort,0.000349445,0.00033678500000000004,0.00038135700000000003
clang,sort,longLong,4096,fullWidth,asc,sortKeys,0.023674465,0.022921409,0.023825452
clang,sort,longLong,4096,fullWidth,asc,sortedDirect,0.021439596000000002,0.020234139999999998,0.021774723000000003
clang,sort,longLong,4096,fullWidth,asc,sortedBridge,0.021269978999999998,0.02023162,0.021942913
clang,sort,longLong,4096,fullWidth,asc,stdSort,0.0252052,0.02472861,0.032791644999999994
clang,sort,longLong,512,fullWidth,asc,sortKeys,0.002195351,0.002169457,0.002352505
clang,sort,longLong,512,fullWidth,asc,sortedDirect,0.002209702,0.002141632,0.002389609
clang,sort,longLong,512,fullWidth,asc,sortedBridge,0.002324638,0.002183764,0.002433805
clang,sort,longLong,512,fullWidth,asc,stdSort,0.002058041,0.0019812750000000002,0.00215814
