type,distribution,direction,method,round,ns
int,gaps,asc,0,0,4535000.000
int,gaps,asc,3,0,3055000.000
int,gaps,asc,1,0,4265000.000
int,gaps,asc,4,0,2838000.000
int,gaps,asc,7,0,4073000.000
int,gaps,asc,2,0,4232000.000
int,gaps,asc,6,0,2798000.000
int,gaps,asc,5,0,4092000.000
int,gaps,asc,1,1,4101000.000
int,gaps,asc,0,1,3947000.000
int,gaps,asc,4,1,2676000.000
int,gaps,asc,6,1,2804000.000
int,gaps,asc,5,1,3883000.000
int,gaps,asc,7,1,3789000.000
int,gaps,asc,2,1,3762000.000
int,gaps,asc,3,1,2694000.000
int,gaps,asc,0,2,4020000.000
int,gaps,asc,2,2,4104000.000
int,gaps,asc,6,2,2733000.000
int,gaps,asc,7,2,3883000.000
int,gaps,asc,3,2,2864000.000
int,gaps,asc,4,2,2615000.000
int,gaps,asc,5,2,3838000.000
int,gaps,asc,1,2,3925000.000
int,gaps,asc,2,3,3825000.000
int,gaps,asc,4,3,2688000.000
int,gaps,asc,0,3,3990000.000
int,gaps,asc,3,3,2868000.000
int,gaps,asc,6,3,2732000.000
int,gaps,asc,1,3,3828000.000
int,gaps,asc,5,3,3789000.000
int,gaps,asc,7,3,3804000.000
int,gaps,asc,2,4,3779000.000
int,gaps,asc,4,4,2774000.000
int,gaps,asc,0,4,3721000.000
int,gaps,asc,6,4,2671000.000
int,gaps,asc,7,4,3867000.000
int,gaps,asc,5,4,3976000.000
int,gaps,asc,3,4,2799000.000
int,gaps,asc,1,4,3764000.000
int,gaps,asc,6,5,2676000.000
int,gaps,asc,5,5,3741000.000
int,gaps,asc,7,5,3809000.000
int,gaps,asc,3,5,2651000.000
int,gaps,asc,4,5,2661000.000
int,gaps,asc,0,5,3906000.000
int,gaps,asc,2,5,3808000.000
int,gaps,asc,1,5,3883000.000
int,gaps,asc,4,6,2600000.000
int,gaps,asc,6,6,3484000.000
int,gaps,asc,0,6,3649000.000
int,gaps,asc,5,6,3772000.000
int,gaps,asc,7,6,3893000.000
int,gaps,asc,2,6,3733000.000
int,gaps,asc,3,6,2633000.000
int,gaps,asc,1,6,3745000.000
int,gaps,asc,0,7,3743000.000
int,gaps,asc,4,7,2576000.000
int,gaps,asc,5,7,3788000.000
int,gaps,asc,7,7,3685000.000
int,gaps,asc,2,7,3702000.000
int,gaps,asc,6,7,3973000.000
int,gaps,asc,1,7,3783000.000
int,gaps,asc,3,7,2673000.000
int,gaps,asc,4,8,2645000.000
int,gaps,asc,0,8,3802000.000
int,gaps,asc,1,8,3773000.000
int,gaps,asc,6,8,3978000.000
int,gaps,asc,3,8,2659000.000
int,gaps,asc,5,8,3811000.000
int,gaps,asc,7,8,3719000.000
int,gaps,asc,2,8,3709000.000
int,gaps,desc,0,0,2742000.000
int,gaps,desc,3,0,3867000.000
int,gaps,desc,1,0,3747000.000
int,gaps,desc,4,0,2611000.000
int,gaps,desc,7,0,2635000.000
int,gaps,desc,2,0,3752000.000
int,gaps,desc,6,0,2688000.000
int,gaps,desc,5,0,3714000.000
int,gaps,desc,1,1,3780000.000
int,gaps,desc,0,1,2653000.000
int,gaps,desc,4,1,2646000.000
int,gaps,desc,6,1,2699000.000
int,gaps,desc,5,1,3701000.000
int,gaps,desc,7,1,2630000.000
int,gaps,desc,2,1,3759000.000
int,gaps,desc,3,1,2655000.000
int,gaps,desc,0,2,2645000.000
int,gaps,desc,2,2,3718000.000
int,gaps,desc,6,2,2707000.000
int,gaps,desc,7,2,2725000.000
int,gaps,desc,3,2,2671000.000
int,gaps,desc,4,2,2636000.000
int,gaps,desc,5,2,3766000.000
int,gaps,desc,1,2,3732000.000
int,gaps,desc,2,3,3725000.000
int,gaps,desc,4,3,2652000.000
int,gaps,desc,0,3,2702000.000
int,gaps,desc,3,3,2672000.000
int,gaps,desc,6,3,2750000.000
int,gaps,desc,1,3,3721000.000
int,gaps,desc,5,3,3690000.000
int,gaps,desc,7,3,2644000.000
int,gaps,desc,2,4,3715000.000
int,gaps,desc,4,4,2604000.000
int,gaps,desc,0,4,2637000.000
int,gaps,desc,6,4,2732000.000
int,gaps,desc,7,4,2669000.000
int,gaps,desc,5,4,3722000.000
int,gaps,desc,3,4,2649000.000
int,gaps,desc,1,4,3809000.000
int,gaps,desc,6,5,2667000.000
int,gaps,desc,5,5,3812000.000
int,gaps,desc,7,5,2643000.000
int,gaps,desc,3,5,2713000.000
int,gaps,desc,4,5,2645000.000
int,gaps,desc,0,5,2656000.000
int,gaps,desc,2,5,3727000.000
int,gaps,desc,1,5,3822000.000
int,gaps,desc,4,6,2685000.000
int,gaps,desc,6,6,2732000.000
int,gaps,desc,0,6,2706000.000
int,gaps,desc,5,6,3829000.000
int,gaps,desc,7,6,2657000.000
int,gaps,desc,2,6,3760000.000
int,gaps,desc,3,6,2699000.000
int,gaps,desc,1,6,3753000.000
int,gaps,desc,0,7,2666000.000
int,gaps,desc,4,7,2715000.000
int,gaps,desc,5,7,3754000.000
int,gaps,desc,7,7,2656000.000
int,gaps,desc,2,7,3680000.000
int,gaps,desc,6,7,2792000.000
int,gaps,desc,1,7,3759000.000
int,gaps,desc,3,7,2709000.000
int,gaps,desc,4,8,2633000.000
int,gaps,desc,0,8,2665000.000
int,gaps,desc,1,8,3838000.000
int,gaps,desc,6,8,2708000.000
int,gaps,desc,3,8,2682000.000
int,gaps,desc,5,8,3795000.000
int,gaps,desc,7,8,2674000.000
int,gaps,desc,2,8,3767000.000
int,fewValues,asc,1,0,2273000.000
int,fewValues,asc,2,0,2204000.000
int,fewValues,asc,7,0,2271000.000
int,fewValues,asc,3,0,2235000.000
int,fewValues,asc,4,0,2266000.000
int,fewValues,asc,5,0,2254000.000
int,fewValues,asc,0,0,2281000.000
int,fewValues,asc,6,0,2298000.000
int,fewValues,asc,5,1,2254000.000
int,fewValues,asc,7,1,2223000.000
int,fewValues,asc,6,1,2232000.000
int,fewValues,asc,4,1,2240000.000
int,fewValues,asc,0,1,2231000.000
int,fewValues,asc,2,1,2260000.000
int,fewValues,asc,3,1,2407000.000
int,fewValues,asc,1,1,2271000.000
int,fewValues,asc,0,2,2275000.000
int,fewValues,asc,1,2,2312000.000
int,fewValues,asc,5,2,2435000.000
int,fewValues,asc,2,2,2202000.000
int,fewValues,asc,6,2,2260000.000
int,fewValues,asc,4,2,2278000.000
int,fewValues,asc,3,2,2365000.000
int,fewValues,asc,7,2,2253000.000
int,fewValues,asc,4,3,2262000.000
int,fewValues,asc,7,3,2254000.000
int,fewValues,asc,3,3,2277000.000
int,fewValues,asc,5,3,2335000.000
int,fewValues,asc,6,3,2307000.000
int,fewValues,asc,1,3,2266000.000
int,fewValues,asc,0,3,2276000.000
int,fewValues,asc,2,3,2203000.000
int,fewValues,asc,4,4,2209000.000
int,fewValues,asc,5,4,2305000.000
int,fewValues,asc,3,4,2303000.000
int,fewValues,asc,0,4,2275000.000
int,fewValues,asc,7,4,2231000.000
int,fewValues,asc,6,4,2317000.000
int,fewValues,asc,1,4,2291000.000
int,fewValues,asc,2,4,2198000.000
int,fewValues,asc,7,5,2245000.000
int,fewValues,asc,3,5,2264000.000
int,fewValues,asc,0,5,2237000.000
int,fewValues,asc,5,5,2305000.000
int,fewValues,asc,4,5,2650000.000
int,fewValues,asc,2,5,2705000.000
int,fewValues,asc,6,5,2389000.000
int,fewValues,asc,1,5,2305000.000
int,fewValues,asc,3,6,2556000.000
int,fewValues,asc,2,6,2245000.000
int,fewValues,asc,5,6,2320000.000
int,fewValues,asc,1,6,2300000.000
int,fewValues,asc,0,6,2288000.000
int,fewValues,asc,4,6,2270000.000
int,fewValues,asc,7,6,2346000.000
int,fewValues,asc,6,6,2440000.000
int,fewValues,asc,0,7,2397000.000
int,fewValues,asc,7,7,2396000.000
int,fewValues,asc,4,7,2217000.000
int,fewValues,asc,6,7,2488000.000
int,fewValues,asc,1,7,2524000.000
int,fewValues,asc,3,7,2479000.000
int,fewValues,asc,2,7,2480000.000
int,fewValues,asc,5,7,2538000.000
int,fewValues,asc,5,8,2370000.000
int,fewValues,asc,7,8,2337000.000
int,fewValues,asc,4,8,2312000.000
int,fewValues,asc,1,8,2323000.000
int,fewValues,asc,2,8,2500000.000
int,fewValues,asc,0,8,2357000.000
int,fewValues,asc,6,8,2320000.000
int,fewValues,asc,3,8,2435000.000
int,fewValues,desc,1,0,2475000.000
int,fewValues,desc,2,0,2463000.000
int,fewValues,desc,7,0,2304000.000
int,fewValues,desc,3,0,2574000.000
int,fewValues,desc,4,0,2568000.000
int,fewValues,desc,5,0,2367000.000
int,fewValues,desc,0,0,2434000.000
int,fewValues,desc,6,0,2400000.000
int,fewValues,desc,5,1,2389000.000
int,fewValues,desc,7,1,2525000.000
int,fewValues,desc,6,1,2376000.000
int,fewValues,desc,4,1,2453000.000
int,fewValues,desc,0,1,2354000.000
int,fewValues,desc,2,1,2342000.000
int,fewValues,desc,3,1,2313000.000
int,fewValues,desc,1,1,2328000.000
int,fewValues,desc,0,2,2273000.000
int,fewValues,desc,1,2,2460000.000
int,fewValues,desc,5,2,2405000.000
int,fewValues,desc,2,2,2455000.000
int,fewValues,desc,6,2,2305000.000
int,fewValues,desc,4,2,2294000.000
int,fewValues,desc,3,2,2398000.000
int,fewValues,desc,7,2,2316000.000
int,fewValues,desc,4,3,2248000.000
int,fewValues,desc,7,3,2375000.000
int,fewValues,desc,3,3,2351000.000
int,fewValues,desc,5,3,2452000.000
int,fewValues,desc,6,3,2311000.000
int,fewValues,desc,1,3,2213000.000
int,fewValues,desc,0,3,2176000.000
int,fewValues,desc,2,3,2230000.000
int,fewValues,desc,4,4,2160000.000
int,fewValues,desc,5,4,2278000.000
int,fewValues,desc,3,4,2270000.000
int,fewValues,desc,0,4,2311000.000
int,fewValues,desc,7,4,2390000.000
int,fewValues,desc,6,4,2358000.000
int,fewValues,desc,1,4,2459000.000
int,fewValues,desc,2,4,2448000.000
int,fewValues,desc,7,5,2402000.000
int,fewValues,desc,3,5,2473000.000
int,fewValues,desc,0,5,2283000.000
int,fewValues,desc,5,5,2541000.000
int,fewValues,desc,4,5,2422000.000
int,fewValues,desc,2,5,2406000.000
int,fewValues,desc,6,5,2290000.000
int,fewValues,desc,1,5,2557000.000
int,fewValues,desc,3,6,2547000.000
int,fewValues,desc,2,6,2322000.000
int,fewValues,desc,5,6,2547000.000
int,fewValues,desc,1,6,2399000.000
int,fewValues,desc,0,6,2464000.000
int,fewValues,desc,4,6,2428000.000
int,fewValues,desc,7,6,2319000.000
int,fewValues,desc,6,6,2318000.000
int,fewValues,desc,0,7,2423000.000
int,fewValues,desc,7,7,2353000.000
int,fewValues,desc,4,7,2296000.000
int,fewValues,desc,6,7,2392000.000
int,fewValues,desc,1,7,2395000.000
int,fewValues,desc,3,7,2344000.000
int,fewValues,desc,2,7,2332000.000
int,fewValues,desc,5,7,2462000.000
int,fewValues,desc,5,8,2446000.000
int,fewValues,desc,7,8,2424000.000
int,fewValues,desc,4,8,2324000.000
int,fewValues,desc,1,8,2370000.000
int,fewValues,desc,2,8,2305000.000
int,fewValues,desc,0,8,2645000.000
int,fewValues,desc,6,8,2294000.000
int,fewValues,desc,3,8,2390000.000
int,range22,asc,1,0,2763000.000
int,range22,asc,5,0,3018000.000
int,range22,asc,3,0,3055000.000
int,range22,asc,4,0,3132000.000
int,range22,asc,6,0,3067000.000
int,range22,asc,0,0,3027000.000
int,range22,asc,7,0,3130000.000
int,range22,asc,2,0,3166000.000
int,range22,asc,1,1,3219000.000
int,range22,asc,2,1,3183000.000
int,range22,asc,0,1,3240000.000
int,range22,asc,6,1,3374000.000
int,range22,asc,7,1,3262000.000
int,range22,asc,4,1,3335000.000
int,range22,asc,3,1,3347000.000
int,range22,asc,5,1,3218000.000
int,range22,asc,4,2,3232000.000
int,range22,asc,0,2,3211000.000
int,range22,asc,2,2,2928000.000
int,range22,asc,6,2,3144000.000
int,range22,asc,5,2,3234000.000
int,range22,asc,1,2,3201000.000
int,range22,asc,3,2,3150000.000
int,range22,asc,7,2,3247000.000
int,range22,asc,7,3,3208000.000
int,range22,asc,2,3,3272000.000
int,range22,asc,5,3,3235000.000
int,range22,asc,0,3,3033000.000
int,range22,asc,1,3,2966000.000
int,range22,asc,6,3,2805000.000
int,range22,asc,4,3,3030000.000
int,range22,asc,3,3,3058000.000
int,range22,asc,3,4,3057000.000
int,range22,asc,4,4,3187000.000
int,range22,asc,2,4,3575000.000
int,range22,asc,0,4,3190000.000
int,range22,asc,5,4,3586000.000
int,range22,asc,6,4,3168000.000
int,range22,asc,1,4,3225000.000
int,range22,asc,7,4,3335000.000
int,range22,asc,4,5,3172000.000
int,range22,asc,2,5,2948000.000
int,range22,asc,0,5,3167000.000
int,range22,asc,3,5,2959000.000
int,range22,asc,1,5,2999000.000
int,range22,asc,6,5,3353000.000
int,range22,asc,7,5,3346000.000
int,range22,asc,5,5,3628000.000
int,range22,asc,6,6,3288000.000
int,range22,asc,7,6,3153000.000
int,range22,asc,0,6,2960000.000
int,range22,asc,4,6,3017000.000
int,range22,asc,3,6,2933000.000
int,range22,asc,2,6,3090000.000
int,range22,asc,5,6,2935000.000
int,range22,asc,1,6,2999000.000
int,range22,asc,6,7,3090000.000
int,range22,asc,3,7,3050000.000
int,range22,asc,4,7,3073000.000
int,range22,asc,7,7,2984000.000
int,range22,asc,1,7,3111000.000
int,range22,asc,0,7,3013000.000
int,range22,asc,5,7,2905000.000
int,range22,asc,2,7,3106000.000
int,range22,asc,2,8,2964000.000
int,range22,asc,4,8,2937000.000
int,range22,asc,6,8,3069000.000
int,range22,asc,1,8,2856000.000
int,range22,asc,7,8,2871000.000
int,range22,asc,0,8,2950000.000
int,range22,asc,3,8,3028000.000
int,range22,asc,5,8,2875000.000
int,range22,desc,1,0,2835000.000
int,range22,desc,5,0,2876000.000
int,range22,desc,3,0,2833000.000
int,range22,desc,4,0,2958000.000
int,range22,desc,6,0,3022000.000
int,range22,desc,0,0,2922000.000
int,range22,desc,7,0,3154000.000
int,range22,desc,2,0,2974000.000
int,range22,desc,1,1,2889000.000
int,range22,desc,2,1,2859000.000
int,range22,desc,0,1,2939000.000
int,range22,desc,6,1,2985000.000
int,range22,desc,7,1,2980000.000
int,range22,desc,4,1,2919000.000
int,range22,desc,3,1,2877000.000
int,range22,desc,5,1,2874000.000
int,range22,desc,4,2,3068000.000
int,range22,desc,0,2,2988000.000
int,range22,desc,2,2,2866000.000
int,range22,desc,6,2,3125000.000
int,range22,desc,5,2,3037000.000
int,range22,desc,1,2,2767000.000
int,range22,desc,3,2,2963000.000
int,range22,desc,7,2,2940000.000
int,range22,desc,7,3,3026000.000
int,range22,desc,2,3,3023000.000
int,range22,desc,5,3,3083000.000
int,range22,desc,0,3,3052000.000
int,range22,desc,1,3,3003000.000
int,range22,desc,6,3,3017000.000
int,range22,desc,4,3,2891000.000
int,range22,desc,3,3,2801000.000
int,range22,desc,3,4,2797000.000
int,range22,desc,4,4,2797000.000
int,range22,desc,2,4,2877000.000
int,range22,desc,0,4,2918000.000
int,range22,desc,5,4,2841000.000
int,range22,desc,6,4,3002000.000
int,range22,desc,1,4,2867000.000
int,range22,desc,7,4,2943000.000
int,range22,desc,4,5,2867000.000
int,range22,desc,2,5,2848000.000
int,range22,desc,0,5,2996000.000
int,range22,desc,3,5,2833000.000
int,range22,desc,1,5,2886000.000
int,range22,desc,6,5,2950000.000
int,range22,desc,7,5,2918000.000
int,range22,desc,5,5,2871000.000
int,range22,desc,6,6,2950000.000
int,range22,desc,7,6,2915000.000
int,range22,desc,0,6,3020000.000
int,range22,desc,4,6,2872000.000
int,range22,desc,3,6,2879000.000
int,range22,desc,2,6,2856000.000
int,range22,desc,5,6,2958000.000
int,range22,desc,1,6,2934000.000
int,range22,desc,6,7,2834000.000
int,range22,desc,3,7,2823000.000
int,range22,desc,4,7,2836000.000
int,range22,desc,7,7,2892000.000
int,range22,desc,1,7,2863000.000
int,range22,desc,0,7,2902000.000
int,range22,desc,5,7,2850000.000
int,range22,desc,2,7,2832000.000
int,range22,desc,2,8,2833000.000
int,range22,desc,4,8,2832000.000
int,range22,desc,6,8,2949000.000
int,range22,desc,1,8,2836000.000
int,range22,desc,7,8,2943000.000
int,range22,desc,0,8,2975000.000
int,range22,desc,3,8,2870000.000
int,range22,desc,5,8,2904000.000
int,fullWidth,asc,4,0,3574000.000
int,fullWidth,asc,1,0,3605000.000
int,fullWidth,asc,5,0,3595000.000
int,fullWidth,asc,3,0,3664000.000
int,fullWidth,asc,0,0,3584000.000
int,fullWidth,asc,7,0,3587000.000
int,fullWidth,asc,6,0,3676000.000
int,fullWidth,asc,2,0,3592000.000
int,fullWidth,asc,0,1,3581000.000
int,fullWidth,asc,2,1,3605000.000
int,fullWidth,asc,4,1,3632000.000
int,fullWidth,asc,5,1,3619000.000
int,fullWidth,asc,3,1,3688000.000
int,fullWidth,asc,1,1,3635000.000
int,fullWidth,asc,7,1,3632000.000
int,fullWidth,asc,6,1,3619000.000
int,fullWidth,asc,6,2,3633000.000
int,fullWidth,asc,7,2,3616000.000
int,fullWidth,asc,3,2,3710000.000
int,fullWidth,asc,2,2,3637000.000
int,fullWidth,asc,1,2,3559000.000
int,fullWidth,asc,5,2,3709000.000
int,fullWidth,asc,0,2,3575000.000
int,fullWidth,asc,4,2,3649000.000
int,fullWidth,asc,0,3,3628000.000
int,fullWidth,asc,6,3,3730000.000
int,fullWidth,asc,7,3,3569000.000
int,fullWidth,asc,5,3,3630000.000
int,fullWidth,asc,4,3,3577000.000
int,fullWidth,asc,2,3,3617000.000
int,fullWidth,asc,1,3,3643000.000
int,fullWidth,asc,3,3,3698000.000
int,fullWidth,asc,7,4,3560000.000
int,fullWidth,asc,5,4,3630000.000
int,fullWidth,asc,1,4,3653000.000
int,fullWidth,asc,6,4,3636000.000
int,fullWidth,asc,0,4,3571000.000
int,fullWidth,asc,3,4,3624000.000
int,fullWidth,asc,2,4,3588000.000
int,fullWidth,asc,4,4,3607000.000
int,fullWidth,asc,0,5,3596000.000
int,fullWidth,asc,4,5,3548000.000
int,fullWidth,asc,7,5,3550000.000
int,fullWidth,asc,5,5,3668000.000
int,fullWidth,asc,1,5,3697000.000
int,fullWidth,asc,2,5,3518000.000
int,fullWidth,asc,6,5,3559000.000
int,fullWidth,asc,3,5,3568000.000
int,fullWidth,asc,2,6,3591000.000
int,fullWidth,asc,1,6,3579000.000
int,fullWidth,asc,3,6,3643000.000
int,fullWidth,asc,7,6,3507000.000
int,fullWidth,asc,5,6,3570000.000
int,fullWidth,asc,6,6,3569000.000
int,fullWidth,asc,0,6,3454000.000
int,fullWidth,asc,4,6,3558000.000
int,fullWidth,asc,1,7,3621000.000
int,fullWidth,asc,6,7,3610000.000
int,fullWidth,asc,2,7,3514000.000
int,fullWidth,asc,5,7,3525000.000
int,fullWidth,asc,0,7,3455000.000
int,fullWidth,asc,7,7,3613000.000
int,fullWidth,asc,3,7,3559000.000
int,fullWidth,asc,4,7,3536000.000
int,fullWidth,asc,0,8,3573000.000
int,fullWidth,asc,7,8,3546000.000
int,fullWidth,asc,5,8,3638000.000
int,fullWidth,asc,4,8,3542000.000
int,fullWidth,asc,2,8,3494000.000
int,fullWidth,asc,3,8,3610000.000
int,fullWidth,asc,6,8,3568000.000
int,fullWidth,asc,1,8,3609000.000
int,fullWidth,desc,4,0,3508000.000
int,fullWidth,desc,1,0,3568000.000
int,fullWidth,desc,5,0,3626000.000
int,fullWidth,desc,3,0,3690000.000
int,fullWidth,desc,0,0,3693000.000
int,fullWidth,desc,7,0,3592000.000
int,fullWidth,desc,6,0,3860000.000
int,fullWidth,desc,2,0,3683000.000
int,fullWidth,desc,0,1,3645000.000
int,fullWidth,desc,2,1,3483000.000
int,fullWidth,desc,4,1,3474000.000
int,fullWidth,desc,5,1,3638000.000
int,fullWidth,desc,3,1,3616000.000
int,fullWidth,desc,1,1,3683000.000
int,fullWidth,desc,7,1,3661000.000
int,fullWidth,desc,6,1,3664000.000
int,fullWidth,desc,6,2,3699000.000
int,fullWidth,desc,7,2,3679000.000
int,fullWidth,desc,3,2,3682000.000
int,fullWidth,desc,2,2,3577000.000
int,fullWidth,desc,1,2,3596000.000
int,fullWidth,desc,5,2,3641000.000
int,fullWidth,desc,0,2,3684000.000
int,fullWidth,desc,4,2,3504000.000
int,fullWidth,desc,0,3,3702000.000
int,fullWidth,desc,6,3,3748000.000
int,fullWidth,desc,7,3,3654000.000
int,fullWidth,desc,5,3,3548000.000
int,fullWidth,desc,4,3,3513000.000
int,fullWidth,desc,2,3,3596000.000
int,fullWidth,desc,1,3,3580000.000
int,fullWidth,desc,3,3,3648000.000
int,fullWidth,desc,7,4,3647000.000
int,fullWidth,desc,5,4,3707000.000
int,fullWidth,desc,1,4,3613000.000
int,fullWidth,desc,6,4,3731000.000
int,fullWidth,desc,0,4,3692000.000
int,fullWidth,desc,3,4,3635000.000
int,fullWidth,desc,2,4,3513000.000
int,fullWidth,desc,4,4,3544000.000
int,fullWidth,desc,0,5,3704000.000
int,fullWidth,desc,4,5,3564000.000
int,fullWidth,desc,7,5,3676000.000
int,fullWidth,desc,5,5,3572000.000
int,fullWidth,desc,1,5,3548000.000
int,fullWidth,desc,2,5,3593000.000
int,fullWidth,desc,6,5,3605000.000
int,fullWidth,desc,3,5,3571000.000
int,fullWidth,desc,2,6,3617000.000
int,fullWidth,desc,1,6,3581000.000
int,fullWidth,desc,3,6,3690000.000
int,fullWidth,desc,7,6,3875000.000
int,fullWidth,desc,5,6,3961000.000
int,fullWidth,desc,6,6,3767000.000
int,fullWidth,desc,0,6,3738000.000
int,fullWidth,desc,4,6,3572000.000
int,fullWidth,desc,1,7,3698000.000
int,fullWidth,desc,6,7,3694000.000
int,fullWidth,desc,2,7,3650000.000
int,fullWidth,desc,5,7,3640000.000
int,fullWidth,desc,0,7,3731000.000
int,fullWidth,desc,7,7,3683000.000
int,fullWidth,desc,3,7,3693000.000
int,fullWidth,desc,4,7,3600000.000
int,fullWidth,desc,0,8,3673000.000
int,fullWidth,desc,7,8,3614000.000
int,fullWidth,desc,5,8,3595000.000
int,fullWidth,desc,4,8,3750000.000
int,fullWidth,desc,2,8,3547000.000
int,fullWidth,desc,3,8,3651000.000
int,fullWidth,desc,6,8,3689000.000
int,fullWidth,desc,1,8,3771000.000
longLong,gaps,asc,5,0,4710000.000
longLong,gaps,asc,7,0,4285000.000
longLong,gaps,asc,2,0,4354000.000
longLong,gaps,asc,3,0,3238000.000
longLong,gaps,asc,0,0,4211000.000
longLong,gaps,asc,6,0,3093000.000
longLong,gaps,asc,4,0,3009000.000
longLong,gaps,asc,1,0,4287000.000
longLong,gaps,asc,6,1,4178000.000
longLong,gaps,asc,7,1,4195000.000
longLong,gaps,asc,5,1,4427000.000
longLong,gaps,asc,0,1,3963000.000
longLong,gaps,asc,3,1,2993000.000
longLong,gaps,asc,4,1,2828000.000
longLong,gaps,asc,2,1,4369000.000
longLong,gaps,asc,1,1,4096000.000
longLong,gaps,asc,7,2,3970000.000
longLong,gaps,asc,2,2,4147000.000
longLong,gaps,asc,4,2,2920000.000
longLong,gaps,asc,6,2,3042000.000
longLong,gaps,asc,3,2,2981000.000
longLong,gaps,asc,0,2,3925000.000
longLong,gaps,asc,5,2,4071000.000
longLong,gaps,asc,1,2,4067000.000
longLong,gaps,asc,4,3,2825000.000
longLong,gaps,asc,7,3,3932000.000
longLong,gaps,asc,5,3,4102000.000
longLong,gaps,asc,3,3,2989000.000
longLong,gaps,asc,2,3,3905000.000
longLong,gaps,asc,0,3,4093000.000
longLong,gaps,asc,1,3,4140000.000
longLong,gaps,asc,6,3,3013000.000
longLong,gaps,asc,1,4,4034000.000
longLong,gaps,asc,6,4,4331000.000
longLong,gaps,asc,3,4,2924000.000
longLong,gaps,asc,5,4,4125000.000
longLong,gaps,asc,4,4,2869000.000
longLong,gaps,asc,2,4,4368000.000
longLong,gaps,asc,0,4,3930000.000
longLong,gaps,asc,7,4,4225000.000
longLong,gaps,asc,0,5,4174000.000
longLong,gaps,asc,6,5,3123000.000
longLong,gaps,asc,4,5,2821000.000
longLong,gaps,asc,3,5,3148000.000
longLong,gaps,asc,2,5,4005000.000
longLong,gaps,asc,5,5,4391000.000
longLong,gaps,asc,1,5,4079000.000
longLong,gaps,asc,7,5,3935000.000
longLong,gaps,asc,4,6,2826000.000
longLong,gaps,asc,5,6,4299000.000
longLong,gaps,asc,6,6,4350000.000
longLong,gaps,asc,0,6,3992000.000
longLong,gaps,asc,7,6,3976000.000
longLong,gaps,asc,3,6,2951000.000
longLong,gaps,asc,1,6,4216000.000
longLong,gaps,asc,2,6,4312000.000
longLong,gaps,asc,4,7,2894000.000
longLong,gaps,asc,0,7,3973000.000
longLong,gaps,asc,5,7,4312000.000
longLong,gaps,asc,7,7,3966000.000
longLong,gaps,asc,2,7,4060000.000
longLong,gaps,asc,1,7,4154000.000
longLong,gaps,asc,6,7,4224000.000
longLong,gaps,asc,3,7,3033000.000
longLong,gaps,asc,4,8,2843000.000
longLong,gaps,asc,3,8,2915000.000
longLong,gaps,asc,1,8,4183000.000
longLong,gaps,asc,6,8,4291000.000
longLong,gaps,asc,7,8,3928000.000
longLong,gaps,asc,0,8,4004000.000
longLong,gaps,asc,2,8,3979000.000
longLong,gaps,asc,5,8,4083000.000
longLong,gaps,desc,5,0,4098000.000
longLong,gaps,desc,7,0,2962000.000
longLong,gaps,desc,2,0,4062000.000
longLong,gaps,desc,3,0,3033000.000
longLong,gaps,desc,0,0,2903000.000
longLong,gaps,desc,6,0,3033000.000
longLong,gaps,desc,4,0,2836000.000
longLong,gaps,desc,1,0,4151000.000
longLong,gaps,desc,6,1,3120000.000
longLong,gaps,desc,7,1,2882000.000
longLong,gaps,desc,5,1,4168000.000
longLong,gaps,desc,0,1,2895000.000
longLong,gaps,desc,3,1,3023000.000
longLong,gaps,desc,4,1,2891000.000
longLong,gaps,desc,2,1,4043000.000
longLong,gaps,desc,1,1,4077000.000
longLong,gaps,desc,7,2,4118000.000
longLong,gaps,desc,2,2,3991000.000
longLong,gaps,desc,4,2,3049000.000
longLong,gaps,desc,6,2,3145000.000
longLong,gaps,desc,3,2,2969000.000
longLong,gaps,desc,0,2,2898000.000
longLong,gaps,desc,5,2,4195000.000
longLong,gaps,desc,1,2,4107000.000
longLong,gaps,desc,4,3,2933000.000
longLong,gaps,desc,7,3,2907000.000
longLong,gaps,desc,5,3,4093000.000
longLong,gaps,desc,3,3,2939000.000
longLong,gaps,desc,2,3,3905000.000
longLong,gaps,desc,0,3,2856000.000
longLong,gaps,desc,1,3,4314000.000
longLong,gaps,desc,6,3,3044000.000
longLong,gaps,desc,1,4,4119000.000
longLong,gaps,desc,6,4,3408000.000
longLong,gaps,desc,3,4,2956000.000
longLong,gaps,desc,5,4,4200000.000
longLong,gaps,desc,4,4,2821000.000
longLong,gaps,desc,2,4,4277000.000
longLong,gaps,desc,0,4,2956000.000
longLong,gaps,desc,7,4,2965000.000
longLong,gaps,desc,0,5,2967000.000
longLong,gaps,desc,6,5,3333000.000
longLong,gaps,desc,4,5,2779000.000
longLong,gaps,desc,3,5,3045000.000
longLong,gaps,desc,2,5,4124000.000
longLong,gaps,desc,5,5,4579000.000
longLong,gaps,desc,1,5,4506000.000
longLong,gaps,desc,7,5,3005000.000
longLong,gaps,desc,4,6,2872000.000
longLong,gaps,desc,5,6,4235000.000
longLong,gaps,desc,6,6,2975000.000
longLong,gaps,desc,0,6,2906000.000
longLong,gaps,desc,7,6,2843000.000
longLong,gaps,desc,3,6,2903000.000
longLong,gaps,desc,1,6,4028000.000
longLong,gaps,desc,2,6,3941000.000
longLong,gaps,desc,4,7,2819000.000
longLong,gaps,desc,0,7,2831000.000
longLong,gaps,desc,5,7,4309000.000
longLong,gaps,desc,7,7,2963000.000
longLong,gaps,desc,2,7,4068000.000
longLong,gaps,desc,1,7,4550000.000
longLong,gaps,desc,6,7,3529000.000
longLong,gaps,desc,3,7,3192000.000
longLong,gaps,desc,4,8,2798000.000
longLong,gaps,desc,3,8,2961000.000
longLong,gaps,desc,1,8,3994000.000
longLong,gaps,desc,6,8,2965000.000
longLong,gaps,desc,7,8,2835000.000
longLong,gaps,desc,0,8,2849000.000
longLong,gaps,desc,2,8,4219000.000
longLong,gaps,desc,5,8,4142000.000
longLong,fewValues,asc,0,0,2469000.000
longLong,fewValues,asc,3,0,2546000.000
longLong,fewValues,asc,7,0,2458000.000
longLong,fewValues,asc,2,0,2409000.000
longLong,fewValues,asc,6,0,2663000.000
longLong,fewValues,asc,1,0,2661000.000
longLong,fewValues,asc,4,0,2436000.000
longLong,fewValues,asc,5,0,2588000.000
longLong,fewValues,asc,1,1,2546000.000
longLong,fewValues,asc,5,1,2549000.000
longLong,fewValues,asc,3,1,2544000.000
longLong,fewValues,asc,7,1,2444000.000
longLong,fewValues,asc,0,1,2402000.000
longLong,fewValues,asc,4,1,2425000.000
longLong,fewValues,asc,2,1,2487000.000
longLong,fewValues,asc,6,1,2521000.000
longLong,fewValues,asc,1,2,2565000.000
longLong,fewValues,asc,5,2,2530000.000
longLong,fewValues,asc,0,2,2425000.000
longLong,fewValues,asc,6,2,2540000.000
longLong,fewValues,asc,2,2,2451000.000
longLong,fewValues,asc,3,2,2486000.000
longLong,fewValues,asc,7,2,2536000.000
longLong,fewValues,asc,4,2,2472000.000
longLong,fewValues,asc,2,3,2517000.000
longLong,fewValues,asc,1,3,2528000.000
longLong,fewValues,asc,6,3,2626000.000
longLong,fewValues,asc,0,3,2589000.000
longLong,fewValues,asc,4,3,2489000.000
longLong,fewValues,asc,7,3,2428000.000
longLong,fewValues,asc,3,3,2650000.000
longLong,fewValues,asc,5,3,2598000.000
longLong,fewValues,asc,5,4,2558000.000
longLong,fewValues,asc,6,4,2522000.000
longLong,fewValues,asc,4,4,2447000.000
longLong,fewValues,asc,3,4,2647000.000
longLong,fewValues,asc,0,4,2695000.000
longLong,fewValues,asc,2,4,2507000.000
longLong,fewValues,asc,7,4,2954000.000
longLong,fewValues,asc,1,4,2842000.000
longLong,fewValues,asc,6,5,2620000.000
longLong,fewValues,asc,3,5,2512000.000
longLong,fewValues,asc,1,5,2536000.000
longLong,fewValues,asc,7,5,2516000.000
longLong,fewValues,asc,2,5,2451000.000
longLong,fewValues,asc,5,5,2556000.000
longLong,fewValues,asc,0,5,2492000.000
longLong,fewValues,asc,4,5,2472000.000
longLong,fewValues,asc,0,6,2515000.000
longLong,fewValues,asc,5,6,2858000.000
longLong,fewValues,asc,6,6,2608000.000
longLong,fewValues,asc,3,6,2658000.000
longLong,fewValues,asc,7,6,2498000.000
longLong,fewValues,asc,1,6,2618000.000
longLong,fewValues,asc,2,6,2496000.000
longLong,fewValues,asc,4,6,2551000.000
longLong,fewValues,asc,1,7,2625000.000
longLong,fewValues,asc,6,7,2731000.000
longLong,fewValues,asc,2,7,2597000.000
longLong,fewValues,asc,4,7,2573000.000
longLong,fewValues,asc,0,7,2555000.000
longLong,fewValues,asc,7,7,2561000.000
longLong,fewValues,asc,3,7,2606000.000
longLong,fewValues,asc,5,7,2624000.000
longLong,fewValues,asc,2,8,2573000.000
longLong,fewValues,asc,7,8,2526000.000
longLong,fewValues,asc,4,8,2484000.000
longLong,fewValues,asc,0,8,2464000.000
longLong,fewValues,asc,3,8,2547000.000
longLong,fewValues,asc,6,8,2682000.000
longLong,fewValues,asc,1,8,2593000.000
longLong,fewValues,asc,5,8,2587000.000
longLong,fewValues,desc,0,0,2573000.000
longLong,fewValues,desc,3,0,2561000.000
longLong,fewValues,desc,7,0,2487000.000
longLong,fewValues,desc,2,0,2465000.000
longLong,fewValues,desc,6,0,2523000.000
longLong,fewValues,desc,1,0,2568000.000
longLong,fewValues,desc,4,0,2547000.000
longLong,fewValues,desc,5,0,2597000.000
longLong,fewValues,desc,1,1,2565000.000
longLong,fewValues,desc,5,1,2595000.000
longLong,fewValues,desc,3,1,2502000.000
longLong,fewValues,desc,7,1,2486000.000
longLong,fewValues,desc,0,1,2418000.000
longLong,fewValues,desc,4,1,2548000.000
longLong,fewValues,desc,2,1,2469000.000
longLong,fewValues,desc,6,1,2496000.000
longLong,fewValues,desc,1,2,2556000.000
longLong,fewValues,desc,5,2,2549000.000
longLong,fewValues,desc,0,2,2508000.000
longLong,fewValues,desc,6,2,2530000.000
longLong,fewValues,desc,2,2,2400000.000
longLong,fewValues,desc,3,2,2484000.000
longLong,fewValues,desc,7,2,2442000.000
longLong,fewValues,desc,4,2,2520000.000
longLong,fewValues,desc,2,3,2458000.000
longLong,fewValues,desc,1,3,2532000.000
longLong,fewValues,desc,6,3,2490000.000
longLong,fewValues,desc,0,3,2533000.000
longLong,fewValues,desc,4,3,2412000.000
longLong,fewValues,desc,7,3,2423000.000
longLong,fewValues,desc,3,3,2598000.000
longLong,fewValues,desc,5,3,2602000.000
longLong,fewValues,desc,5,4,2544000.000
longLong,fewValues,desc,6,4,2562000.000
longLong,fewValues,desc,4,4,2466000.000
longLong,fewValues,desc,3,4,2604000.000
longLong,fewValues,desc,0,4,2467000.000
longLong,fewValues,desc,2,4,2426000.000
longLong,fewValues,desc,7,4,2474000.000
longLong,fewValues,desc,1,4,2576000.000
longLong,fewValues,desc,6,5,2498000.000
longLong,fewValues,desc,3,5,2545000.000
longLong,fewValues,desc,1,5,2550000.000
longLong,fewValues,desc,7,5,2455000.000
longLong,fewValues,desc,2,5,2403000.000
longLong,fewValues,desc,5,5,2606000.000
longLong,fewValues,desc,0,5,2450000.000
longLong,fewValues,desc,4,5,2435000.000
longLong,fewValues,desc,0,6,2438000.000
longLong,fewValues,desc,5,6,2625000.000
longLong,fewValues,desc,6,6,2560000.000
longLong,fewValues,desc,3,6,2658000.000
longLong,fewValues,desc,7,6,2461000.000
longLong,fewValues,desc,1,6,2557000.000
longLong,fewValues,desc,2,6,2450000.000
longLong,fewValues,desc,4,6,2504000.000
longLong,fewValues,desc,1,7,2612000.000
longLong,fewValues,desc,6,7,2551000.000
longLong,fewValues,desc,2,7,2451000.000
longLong,fewValues,desc,4,7,2437000.000
longLong,fewValues,desc,0,7,2564000.000
longLong,fewValues,desc,7,7,2489000.000
longLong,fewValues,desc,3,7,2588000.000
longLong,fewValues,desc,5,7,2579000.000
longLong,fewValues,desc,2,8,2473000.000
longLong,fewValues,desc,7,8,2469000.000
longLong,fewValues,desc,4,8,2546000.000
longLong,fewValues,desc,0,8,2477000.000
longLong,fewValues,desc,3,8,2565000.000
longLong,fewValues,desc,6,8,2492000.000
longLong,fewValues,desc,1,8,2534000.000
longLong,fewValues,desc,5,8,2555000.000
longLong,range22,asc,1,0,3209000.000
longLong,range22,asc,6,0,3135000.000
longLong,range22,asc,4,0,3268000.000
longLong,range22,asc,3,0,3137000.000
longLong,range22,asc,7,0,3211000.000
longLong,range22,asc,0,0,3149000.000
longLong,range22,asc,2,0,3180000.000
longLong,range22,asc,5,0,3195000.000
longLong,range22,asc,5,1,3151000.000
longLong,range22,asc,4,1,3108000.000
longLong,range22,asc,2,1,3131000.000
longLong,range22,asc,3,1,3221000.000
longLong,range22,asc,0,1,3130000.000
longLong,range22,asc,7,1,3158000.000
longLong,range22,asc,1,1,3151000.000
longLong,range22,asc,6,1,3175000.000
longLong,range22,asc,5,2,3159000.000
longLong,range22,asc,3,2,3115000.000
longLong,range22,asc,6,2,3147000.000
longLong,range22,asc,4,2,3176000.000
longLong,range22,asc,1,2,3153000.000
longLong,range22,asc,7,2,3267000.000
longLong,range22,asc,0,2,3362000.000
longLong,range22,asc,2,2,3242000.000
longLong,range22,asc,0,3,3253000.000
longLong,range22,asc,5,3,3476000.000
longLong,range22,asc,2,3,3338000.000
longLong,range22,asc,7,3,3438000.000
longLong,range22,asc,4,3,3616000.000
longLong,range22,asc,6,3,3792000.000
longLong,range22,asc,1,3,3599000.000
longLong,range22,asc,3,3,3350000.000
longLong,range22,asc,5,4,3903000.000
longLong,range22,asc,6,4,3503000.000
longLong,range22,asc,2,4,3912000.000
longLong,range22,asc,3,4,3655000.000
longLong,range22,asc,1,4,3880000.000
longLong,range22,asc,7,4,3220000.000
longLong,range22,asc,4,4,3553000.000
longLong,range22,asc,0,4,3365000.000
longLong,range22,asc,1,5,3924000.000
longLong,range22,asc,0,5,3728000.000
longLong,range22,asc,2,5,3908000.000
longLong,range22,asc,6,5,3610000.000
longLong,range22,asc,5,5,3664000.000
longLong,range22,asc,3,5,3455000.000
longLong,range22,asc,7,5,3337000.000
longLong,range22,asc,4,5,3184000.000
longLong,range22,asc,4,6,3335000.000
longLong,range22,asc,5,6,3481000.000
longLong,range22,asc,0,6,3400000.000
longLong,range22,asc,6,6,3669000.000
longLong,range22,asc,2,6,3591000.000
longLong,range22,asc,3,6,3464000.000
longLong,range22,asc,1,6,3683000.000
longLong,range22,asc,7,6,3237000.000
longLong,range22,asc,6,7,3891000.000
longLong,range22,asc,3,7,3401000.000
longLong,range22,asc,1,7,3488000.000
longLong,range22,asc,5,7,3341000.000
longLong,range22,asc,7,7,3304000.000
longLong,range22,asc,0,7,3248000.000
longLong,range22,asc,2,7,3108000.000
longLong,range22,asc,4,7,3364000.000
longLong,range22,asc,7,8,3566000.000
longLong,range22,asc,5,8,3738000.000
longLong,range22,asc,0,8,3360000.000
longLong,range22,asc,4,8,3482000.000
longLong,range22,asc,1,8,3695000.000
longLong,range22,asc,6,8,3421000.000
longLong,range22,asc,2,8,3456000.000
longLong,range22,asc,3,8,3390000.000
longLong,range22,desc,1,0,3377000.000
longLong,range22,desc,6,0,3506000.000
longLong,range22,desc,4,0,3314000.000
longLong,range22,desc,3,0,3290000.000
longLong,range22,desc,7,0,3521000.000
longLong,range22,desc,0,0,3393000.000
longLong,range22,desc,2,0,3706000.000
longLong,range22,desc,5,0,3654000.000
longLong,range22,desc,5,1,3439000.000
longLong,range22,desc,4,1,3147000.000
longLong,range22,desc,2,1,3680000.000
longLong,range22,desc,3,1,3448000.000
longLong,range22,desc,0,1,3420000.000
longLong,range22,desc,7,1,3422000.000
longLong,range22,desc,1,1,3667000.000
longLong,range22,desc,6,1,3505000.000
longLong,range22,desc,5,2,3638000.000
longLong,range22,desc,3,2,3318000.000
longLong,range22,desc,6,2,3666000.000
longLong,range22,desc,4,2,3413000.000
longLong,range22,desc,1,2,3642000.000
longLong,range22,desc,7,2,3537000.000
longLong,range22,desc,0,2,3540000.000
longLong,range22,desc,2,2,3781000.000
longLong,range22,desc,0,3,3481000.000
longLong,range22,desc,5,3,3624000.000
longLong,range22,desc,2,3,3855000.000
longLong,range22,desc,7,3,3511000.000
longLong,range22,desc,4,3,3298000.000
longLong,range22,desc,6,3,3508000.000
longLong,range22,desc,1,3,3714000.000
longLong,range22,desc,3,3,3627000.000
longLong,range22,desc,5,4,3832000.000
longLong,range22,desc,6,4,3879000.000
longLong,range22,desc,2,4,3782000.000
longLong,range22,desc,3,4,3683000.000
longLong,range22,desc,1,4,3827000.000
longLong,range22,desc,7,4,3855000.000
longLong,range22,desc,4,4,3746000.000
longLong,range22,desc,0,4,3507000.000
longLong,range22,desc,1,5,3916000.000
longLong,range22,desc,0,5,3400000.000
longLong,range22,desc,2,5,3661000.000
longLong,range22,desc,6,5,4114000.000
longLong,range22,desc,5,5,3806000.000
longLong,range22,desc,3,5,3896000.000
longLong,range22,desc,7,5,3614000.000
longLong,range22,desc,4,5,3693000.000
longLong,range22,desc,4,6,3813000.000
longLong,range22,desc,5,6,4052000.000
longLong,range22,desc,0,6,5245000.000
longLong,range22,desc,6,6,4367000.000
longLong,range22,desc,2,6,4344000.000
longLong,range22,desc,3,6,3781000.000
longLong,range22,desc,1,6,4256000.000
longLong,range22,desc,7,6,3316000.000
longLong,range22,desc,6,7,3882000.000
longLong,range22,desc,3,7,3459000.000
longLong,range22,desc,1,7,3543000.000
longLong,range22,desc,5,7,3509000.000
longLong,range22,desc,7,7,3677000.000
longLong,range22,desc,0,7,3735000.000
longLong,range22,desc,2,7,3638000.000
longLong,range22,desc,4,7,3414000.000
longLong,range22,desc,7,8,3473000.000
longLong,range22,desc,5,8,3571000.000
longLong,range22,desc,0,8,3605000.000
longLong,range22,desc,4,8,3405000.000
longLong,range22,desc,1,8,3652000.000
longLong,range22,desc,6,8,3466000.000
longLong,range22,desc,2,8,3681000.000
longLong,range22,desc,3,8,3473000.000
longLong,fullWidth,asc,3,0,6868000.000
longLong,fullWidth,asc,4,0,6919000.000
longLong,fullWidth,asc,1,0,7307000.000
longLong,fullWidth,asc,0,0,6600000.000
longLong,fullWidth,asc,7,0,6586000.000
longLong,fullWidth,asc,2,0,6959000.000
longLong,fullWidth,asc,6,0,7000000.000
longLong,fullWidth,asc,5,0,6848000.000
longLong,fullWidth,asc,6,1,6490000.000
longLong,fullWidth,asc,7,1,6819000.000
longLong,fullWidth,asc,3,1,6661000.000
longLong,fullWidth,asc,1,1,6766000.000
longLong,fullWidth,asc,4,1,6678000.000
longLong,fullWidth,asc,2,1,6715000.000
longLong,fullWidth,asc,0,1,6654000.000
longLong,fullWidth,asc,5,1,6848000.000
longLong,fullWidth,asc,1,2,6732000.000
longLong,fullWidth,asc,7,2,6608000.000
longLong,fullWidth,asc,3,2,6715000.000
longLong,fullWidth,asc,4,2,6670000.000
longLong,fullWidth,asc,6,2,6744000.000
longLong,fullWidth,asc,0,2,6642000.000
longLong,fullWidth,asc,5,2,6739000.000
longLong,fullWidth,asc,2,2,6797000.000
longLong,fullWidth,asc,2,3,6443000.000
longLong,fullWidth,asc,3,3,6692000.000
longLong,fullWidth,asc,0,3,6625000.000
longLong,fullWidth,asc,1,3,6715000.000
longLong,fullWidth,asc,7,3,6653000.000
longLong,fullWidth,asc,4,3,6623000.000
longLong,fullWidth,asc,5,3,6674000.000
longLong,fullWidth,asc,6,3,6703000.000
longLong,fullWidth,asc,2,4,6682000.000
longLong,fullWidth,asc,3,4,6595000.000
longLong,fullWidth,asc,0,4,6563000.000
longLong,fullWidth,asc,4,4,6621000.000
longLong,fullWidth,asc,7,4,6621000.000
longLong,fullWidth,asc,5,4,6743000.000
longLong,fullWidth,asc,6,4,6679000.000
longLong,fullWidth,asc,1,4,6707000.000
longLong,fullWidth,asc,3,5,6610000.000
longLong,fullWidth,asc,4,5,6671000.000
longLong,fullWidth,asc,2,5,6709000.000
longLong,fullWidth,asc,1,5,6647000.000
longLong,fullWidth,asc,7,5,6529000.000
longLong,fullWidth,asc,0,5,6613000.000
longLong,fullWidth,asc,6,5,6616000.000
longLong,fullWidth,asc,5,5,6675000.000
longLong,fullWidth,asc,3,6,6537000.000
longLong,fullWidth,asc,4,6,6599000.000
longLong,fullWidth,asc,5,6,6753000.000
longLong,fullWidth,asc,2,6,6712000.000
longLong,fullWidth,asc,6,6,6615000.000
longLong,fullWidth,asc,7,6,6615000.000
longLong,fullWidth,asc,0,6,6634000.000
longLong,fullWidth,asc,1,6,6627000.000
longLong,fullWidth,asc,2,7,6687000.000
longLong,fullWidth,asc,1,7,6770000.000
longLong,fullWidth,asc,7,7,6642000.000
longLong,fullWidth,asc,4,7,6585000.000
longLong,fullWidth,asc,6,7,6860000.000
longLong,fullWidth,asc,3,7,6563000.000
longLong,fullWidth,asc,0,7,6731000.000
longLong,fullWidth,asc,5,7,7079000.000
longLong,fullWidth,asc,6,8,6590000.000
longLong,fullWidth,asc,1,8,6665000.000
longLong,fullWidth,asc,7,8,6403000.000
longLong,fullWidth,asc,2,8,6369000.000
longLong,fullWidth,asc,3,8,6648000.000
longLong,fullWidth,asc,4,8,6631000.000
longLong,fullWidth,asc,0,8,6665000.000
longLong,fullWidth,asc,5,8,6877000.000
longLong,fullWidth,desc,3,0,6845000.000
longLong,fullWidth,desc,4,0,6487000.000
longLong,fullWidth,desc,1,0,6802000.000
longLong,fullWidth,desc,0,0,6821000.000
longLong,fullWidth,desc,7,0,6861000.000
longLong,fullWidth,desc,2,0,6687000.000
longLong,fullWidth,desc,6,0,6825000.000
longLong,fullWidth,desc,5,0,6755000.000
longLong,fullWidth,desc,6,1,6839000.000
longLong,fullWidth,desc,7,1,6678000.000
longLong,fullWidth,desc,3,1,6597000.000
longLong,fullWidth,desc,1,1,6850000.000
longLong,fullWidth,desc,4,1,6453000.000
longLong,fullWidth,desc,2,1,6765000.000
longLong,fullWidth,desc,0,1,6753000.000
longLong,fullWidth,desc,5,1,6810000.000
longLong,fullWidth,desc,1,2,7037000.000
longLong,fullWidth,desc,7,2,6710000.000
longLong,fullWidth,desc,3,2,6640000.000
longLong,fullWidth,desc,4,2,6665000.000
longLong,fullWidth,desc,6,2,6715000.000
longLong,fullWidth,desc,0,2,6728000.000
longLong,fullWidth,desc,5,2,6869000.000
longLong,fullWidth,desc,2,2,6753000.000
longLong,fullWidth,desc,2,3,6722000.000
longLong,fullWidth,desc,3,3,6684000.000
longLong,fullWidth,desc,0,3,6869000.000
longLong,fullWidth,desc,1,3,6915000.000
longLong,fullWidth,desc,7,3,6788000.000
longLong,fullWidth,desc,4,3,6704000.000
longLong,fullWidth,desc,5,3,7473000.000
longLong,fullWidth,desc,6,3,7031000.000
longLong,fullWidth,desc,2,4,7120000.000
longLong,fullWidth,desc,3,4,6898000.000
longLong,fullWidth,desc,0,4,7129000.000
longLong,fullWidth,desc,4,4,6750000.000
longLong,fullWidth,desc,7,4,6886000.000
longLong,fullWidth,desc,5,4,6495000.000
longLong,fullWidth,desc,6,4,7153000.000
longLong,fullWidth,desc,1,4,6543000.000
longLong,fullWidth,desc,3,5,6732000.000
longLong,fullWidth,desc,4,5,6602000.000
longLong,fullWidth,desc,2,5,6622000.000
longLong,fullWidth,desc,1,5,6695000.000
longLong,fullWidth,desc,7,5,6812000.000
longLong,fullWidth,desc,0,5,6781000.000
longLong,fullWidth,desc,6,5,6859000.000
longLong,fullWidth,desc,5,5,6718000.000
longLong,fullWidth,desc,3,6,6654000.000
longLong,fullWidth,desc,4,6,6768000.000
longLong,fullWidth,desc,5,6,6664000.000
longLong,fullWidth,desc,2,6,6879000.000
longLong,fullWidth,desc,6,6,7464000.000
longLong,fullWidth,desc,7,6,6913000.000
longLong,fullWidth,desc,0,6,6998000.000
longLong,fullWidth,desc,1,6,6910000.000
longLong,fullWidth,desc,2,7,6949000.000
longLong,fullWidth,desc,1,7,6747000.000
longLong,fullWidth,desc,7,7,6819000.000
longLong,fullWidth,desc,4,7,6663000.000
longLong,fullWidth,desc,6,7,6915000.000
longLong,fullWidth,desc,3,7,6604000.000
longLong,fullWidth,desc,0,7,6771000.000
longLong,fullWidth,desc,5,7,6758000.000
longLong,fullWidth,desc,6,8,6864000.000
longLong,fullWidth,desc,1,8,6629000.000
longLong,fullWidth,desc,7,8,6725000.000
longLong,fullWidth,desc,2,8,6584000.000
longLong,fullWidth,desc,3,8,6558000.000
longLong,fullWidth,desc,4,8,6511000.000
longLong,fullWidth,desc,0,8,6664000.000
longLong,fullWidth,desc,5,8,6642000.000
