workload,backend,payload,variant,round,n,total_ms,erase_ns_per_op,checksum
eraseAll,TreeMap,bool,after,1,1000000,203.932000,203.932000,4018580768261718795
eraseAll,TreeMap,bool,before,1,1000000,187.963000,187.963000,4018580768261718795
eraseAll,TreeMap,bool,before,2,1000000,199.837000,199.837000,4018580768261718795
eraseAll,TreeMap,bool,after,2,1000000,211.269000,211.269000,4018580768261718795
eraseAll,TreeMap,bool,after,3,1000000,207.256000,207.256000,4018580768261718795
eraseAll,TreeMap,bool,before,3,1000000,196.262000,196.262000,4018580768261718795
eraseAll,TreeMap,bool,before,4,1000000,187.515000,187.515000,4018580768261718795
eraseAll,TreeMap,bool,after,4,1000000,187.041000,187.041000,4018580768261718795
eraseAll,TreeMap,bool,after,5,1000000,197.646000,197.646000,4018580768261718795
eraseAll,TreeMap,bool,before,5,1000000,207.885000,207.885000,4018580768261718795
eraseAll,TreeMap,int,before,1,1000000,203.513000,203.513000,11249559732904987915
eraseAll,TreeMap,int,after,1,1000000,198.537000,198.537000,11249559732904987915
eraseAll,TreeMap,int,after,2,1000000,209.279000,209.279000,11249559732904987915
eraseAll,TreeMap,int,before,2,1000000,211.074000,211.074000,11249559732904987915
eraseAll,TreeMap,int,before,3,1000000,226.589000,226.589000,11249559732904987915
eraseAll,TreeMap,int,after,3,1000000,240.047000,240.047000,11249559732904987915
eraseAll,TreeMap,int,after,4,1000000,244.368000,244.368000,11249559732904987915
eraseAll,TreeMap,int,before,4,1000000,240.047000,240.047000,11249559732904987915
eraseAll,TreeMap,int,before,5,1000000,233.956000,233.956000,11249559732904987915
eraseAll,TreeMap,int,after,5,1000000,210.927000,210.927000,11249559732904987915
eraseAll,TreeMapOff,bool,after,1,1000000,98.129000,98.129000,4018580768261718795
eraseAll,TreeMapOff,bool,before,1,1000000,100.008000,100.008000,4018580768261718795
eraseAll,TreeMapOff,bool,before,2,1000000,100.032000,100.032000,4018580768261718795
eraseAll,TreeMapOff,bool,after,2,1000000,98.968000,98.968000,4018580768261718795
eraseAll,TreeMapOff,bool,after,3,1000000,98.268000,98.268000,4018580768261718795
eraseAll,TreeMapOff,bool,before,3,1000000,99.774000,99.774000,4018580768261718795
eraseAll,TreeMapOff,bool,before,4,1000000,99.953000,99.953000,4018580768261718795
eraseAll,TreeMapOff,bool,after,4,1000000,98.544000,98.544000,4018580768261718795
eraseAll,TreeMapOff,bool,after,5,1000000,97.658000,97.658000,4018580768261718795
eraseAll,TreeMapOff,bool,before,5,1000000,100.167000,100.167000,4018580768261718795
eraseAll,TreeMapOff,int,before,1,1000000,99.189000,99.189000,11249559732904987915
eraseAll,TreeMapOff,int,after,1,1000000,98.211000,98.211000,11249559732904987915
eraseAll,TreeMapOff,int,after,2,1000000,98.960000,98.960000,11249559732904987915
eraseAll,TreeMapOff,int,before,2,1000000,98.379000,98.379000,11249559732904987915
eraseAll,TreeMapOff,int,before,3,1000000,99.931000,99.931000,11249559732904987915
eraseAll,TreeMapOff,int,after,3,1000000,98.790000,98.790000,11249559732904987915
eraseAll,TreeMapOff,int,after,4,1000000,98.818000,98.818000,11249559732904987915
eraseAll,TreeMapOff,int,before,4,1000000,98.219000,98.219000,11249559732904987915
eraseAll,TreeMapOff,int,before,5,1000000,99.907000,99.907000,11249559732904987915
eraseAll,TreeMapOff,int,after,5,1000000,98.077000,98.077000,11249559732904987915
clear,TreeMap,bool,after,1,1000000,0.000000,,18352563797401786955
clear,TreeMap,bool,before,1,1000000,1.576000,,18352563797401786955
clear,TreeMap,bool,before,2,1000000,1.552000,,18352563797401786955
clear,TreeMap,bool,after,2,1000000,0.000000,,18352563797401786955
clear,TreeMap,bool,after,3,1000000,0.000000,,18352563797401786955
clear,TreeMap,bool,before,3,1000000,1.661000,,18352563797401786955
clear,TreeMap,bool,before,4,1000000,1.552000,,18352563797401786955
clear,TreeMap,bool,after,4,1000000,0.000000,,18352563797401786955
clear,TreeMap,bool,after,5,1000000,0.000000,,18352563797401786955
clear,TreeMap,bool,before,5,1000000,1.578000,,18352563797401786955
clear,TreeMap,int,before,1,1000000,0.241000,,6155238277863445579
clear,TreeMap,int,after,1,1000000,0.000000,,6155238277863445579
clear,TreeMap,int,after,2,1000000,0.000000,,6155238277863445579
clear,TreeMap,int,before,2,1000000,0.238000,,6155238277863445579
clear,TreeMap,int,before,3,1000000,0.240000,,6155238277863445579
clear,TreeMap,int,after,3,1000000,0.000000,,6155238277863445579
clear,TreeMap,int,after,4,1000000,0.000000,,6155238277863445579
clear,TreeMap,int,before,4,1000000,0.234000,,6155238277863445579
clear,TreeMap,int,before,5,1000000,0.232000,,6155238277863445579
clear,TreeMap,int,after,5,1000000,0.000000,,6155238277863445579
clear,TreeMapOff,bool,after,1,1000000,0.018000,,18352563797401786955
clear,TreeMapOff,bool,before,1,1000000,1.622000,,18352563797401786955
clear,TreeMapOff,bool,before,2,1000000,1.577000,,18352563797401786955
clear,TreeMapOff,bool,after,2,1000000,0.021000,,18352563797401786955
clear,TreeMapOff,bool,after,3,1000000,0.020000,,18352563797401786955
clear,TreeMapOff,bool,before,3,1000000,1.610000,,18352563797401786955
clear,TreeMapOff,bool,before,4,1000000,1.609000,,18352563797401786955
clear,TreeMapOff,bool,after,4,1000000,0.019000,,18352563797401786955
clear,TreeMapOff,bool,after,5,1000000,0.023000,,18352563797401786955
clear,TreeMapOff,bool,before,5,1000000,1.570000,,18352563797401786955
clear,TreeMapOff,int,before,1,1000000,0.262000,,6155238277863445579
clear,TreeMapOff,int,after,1,1000000,0.020000,,6155238277863445579
clear,TreeMapOff,int,after,2,1000000,0.022000,,6155238277863445579
clear,TreeMapOff,int,before,2,1000000,0.266000,,6155238277863445579
clear,TreeMapOff,int,before,3,1000000,0.259000,,6155238277863445579
clear,TreeMapOff,int,after,3,1000000,0.018000,,6155238277863445579
clear,TreeMapOff,int,after,4,1000000,0.018000,,6155238277863445579
clear,TreeMapOff,int,before,4,1000000,0.274000,,6155238277863445579
clear,TreeMapOff,int,before,5,1000000,0.319000,,6155238277863445579
clear,TreeMapOff,int,after,5,1000000,0.019000,,6155238277863445579
