distribution,mode,round,n,total_ms,construct_ms,insert_ms
random,automatic,1,1000000,229.154000,0.011000,229.143000
random,fixed,1,1000000,194.386000,0.524000,193.862000
random,reserved,1,1000000,201.475000,0.426000,201.049000
random,reserved,2,1000000,294.639000,0.506000,294.133000
random,automatic,2,1000000,291.159000,0.000000,291.159000
random,fixed,2,1000000,252.692000,0.460000,252.232000
random,fixed,3,1000000,196.799000,0.414000,196.385000
random,reserved,3,1000000,192.425000,0.413000,192.012000
random,automatic,3,1000000,198.499000,0.000000,198.499000
random,reserved,4,1000000,207.452000,0.417000,207.035000
random,automatic,4,1000000,193.866000,0.000000,193.866000
random,fixed,4,1000000,203.676000,0.411000,203.265000
random,reserved,5,1000000,202.403000,0.482000,201.921000
random,automatic,5,1000000,191.391000,0.000000,191.391000
random,fixed,5,1000000,190.572000,0.429000,190.143000
random,reserved,6,1000000,190.755000,0.399000,190.356000
random,fixed,6,1000000,192.017000,0.445000,191.572000
random,automatic,6,1000000,193.560000,0.000000,193.560000
random,automatic,7,1000000,192.772000,0.005000,192.767000
random,fixed,7,1000000,190.155000,0.398000,189.757000
random,reserved,7,1000000,189.471000,0.408000,189.063000
ascending,automatic,1,1000000,143.938000,0.001000,143.937000
ascending,reserved,1,1000000,142.377000,0.426000,141.951000
ascending,fixed,1,1000000,142.876000,0.442000,142.434000
ascending,fixed,2,1000000,139.575000,0.408000,139.167000
ascending,automatic,2,1000000,143.612000,0.000000,143.612000
ascending,reserved,2,1000000,143.708000,0.421000,143.287000
ascending,reserved,3,1000000,142.102000,0.399000,141.703000
ascending,fixed,3,1000000,143.911000,0.417000,143.494000
ascending,automatic,3,1000000,140.698000,0.000000,140.698000
ascending,automatic,4,1000000,142.669000,0.000000,142.669000
ascending,reserved,4,1000000,141.113000,0.399000,140.714000
ascending,fixed,4,1000000,139.239000,0.468000,138.771000
ascending,automatic,5,1000000,138.777000,0.001000,138.776000
ascending,fixed,5,1000000,140.576000,0.425000,140.151000
ascending,reserved,5,1000000,139.216000,0.434000,138.782000
ascending,reserved,6,1000000,144.237000,0.463000,143.774000
ascending,automatic,6,1000000,136.862000,0.001000,136.861000
ascending,fixed,6,1000000,139.210000,0.405000,138.805000
ascending,reserved,7,1000000,138.539000,0.408000,138.131000
ascending,automatic,7,1000000,140.538000,0.000000,140.538000
ascending,fixed,7,1000000,144.830000,0.410000,144.420000
