workload,mode,round,n,q,ns_per_op,result_hash,final_hash,final_size
build,reserved,1,1000000,1000000,188.584,182156675363715685,8404432170531818405,1000000
build,fixed,1,1000000,1000000,204.388,182156675363715685,8404432170531818405,1000000
build,automatic,1,1000000,1000000,205.638,182156675363715685,8404432170531818405,1000000
build,fixedOnly,1,1000000,1000000,206.691,182156675363715685,8404432170531818405,1000000
build,automatic,2,1000000,1000000,206.551,182156675363715685,8404432170531818405,1000000
build,reserved,2,1000000,1000000,199.488,182156675363715685,8404432170531818405,1000000
build,fixedOnly,2,1000000,1000000,191.192,182156675363715685,8404432170531818405,1000000
build,fixed,2,1000000,1000000,195.688,182156675363715685,8404432170531818405,1000000
build,automatic,3,1000000,1000000,194.020,182156675363715685,8404432170531818405,1000000
build,fixedOnly,3,1000000,1000000,190.582,182156675363715685,8404432170531818405,1000000
build,reserved,3,1000000,1000000,189.540,182156675363715685,8404432170531818405,1000000
build,fixed,3,1000000,1000000,189.628,182156675363715685,8404432170531818405,1000000
build,automatic,4,1000000,1000000,199.343,182156675363715685,8404432170531818405,1000000
build,fixed,4,1000000,1000000,202.520,182156675363715685,8404432170531818405,1000000
build,fixedOnly,4,1000000,1000000,187.408,182156675363715685,8404432170531818405,1000000
build,reserved,4,1000000,1000000,191.960,182156675363715685,8404432170531818405,1000000
build,automatic,5,1000000,1000000,192.707,182156675363715685,8404432170531818405,1000000
build,reserved,5,1000000,1000000,189.867,182156675363715685,8404432170531818405,1000000
build,fixedOnly,5,1000000,1000000,189.571,182156675363715685,8404432170531818405,1000000
build,fixed,5,1000000,1000000,191.176,182156675363715685,8404432170531818405,1000000
build,reserved,6,1000000,1000000,212.127,182156675363715685,8404432170531818405,1000000
build,fixedOnly,6,1000000,1000000,206.247,182156675363715685,8404432170531818405,1000000
build,automatic,6,1000000,1000000,202.880,182156675363715685,8404432170531818405,1000000
build,fixed,6,1000000,1000000,198.761,182156675363715685,8404432170531818405,1000000
build,fixed,7,1000000,1000000,204.842,182156675363715685,8404432170531818405,1000000
build,reserved,7,1000000,1000000,191.540,182156675363715685,8404432170531818405,1000000
build,fixedOnly,7,1000000,1000000,192.810,182156675363715685,8404432170531818405,1000000
build,automatic,7,1000000,1000000,191.305,182156675363715685,8404432170531818405,1000000
containsHit,automatic,1,1000000,1000000,157.673,182156675363715685,8404432170531818405,1000000
containsHit,fixed,1,1000000,1000000,149.466,182156675363715685,8404432170531818405,1000000
containsHit,fixedOnly,1,1000000,1000000,179.456,182156675363715685,8404432170531818405,1000000
containsHit,reserved,1,1000000,1000000,177.489,182156675363715685,8404432170531818405,1000000
containsHit,automatic,2,1000000,1000000,165.317,182156675363715685,8404432170531818405,1000000
containsHit,reserved,2,1000000,1000000,152.460,182156675363715685,8404432170531818405,1000000
containsHit,fixedOnly,2,1000000,1000000,150.197,182156675363715685,8404432170531818405,1000000
containsHit,fixed,2,1000000,1000000,145.229,182156675363715685,8404432170531818405,1000000
containsHit,fixed,3,1000000,1000000,156.434,182156675363715685,8404432170531818405,1000000
containsHit,reserved,3,1000000,1000000,146.344,182156675363715685,8404432170531818405,1000000
containsHit,automatic,3,1000000,1000000,143.467,182156675363715685,8404432170531818405,1000000
containsHit,fixedOnly,3,1000000,1000000,159.662,182156675363715685,8404432170531818405,1000000
containsHit,fixed,4,1000000,1000000,148.879,182156675363715685,8404432170531818405,1000000
containsHit,fixedOnly,4,1000000,1000000,182.434,182156675363715685,8404432170531818405,1000000
containsHit,reserved,4,1000000,1000000,181.509,182156675363715685,8404432170531818405,1000000
containsHit,automatic,4,1000000,1000000,162.094,182156675363715685,8404432170531818405,1000000
containsHit,fixed,5,1000000,1000000,151.223,182156675363715685,8404432170531818405,1000000
containsHit,fixedOnly,5,1000000,1000000,147.177,182156675363715685,8404432170531818405,1000000
containsHit,reserved,5,1000000,1000000,168.721,182156675363715685,8404432170531818405,1000000
containsHit,automatic,5,1000000,1000000,168.843,182156675363715685,8404432170531818405,1000000
containsHit,fixed,6,1000000,1000000,145.702,182156675363715685,8404432170531818405,1000000
containsHit,fixedOnly,6,1000000,1000000,148.407,182156675363715685,8404432170531818405,1000000
containsHit,automatic,6,1000000,1000000,151.710,182156675363715685,8404432170531818405,1000000
containsHit,reserved,6,1000000,1000000,179.824,182156675363715685,8404432170531818405,1000000
containsHit,reserved,7,1000000,1000000,210.246,182156675363715685,8404432170531818405,1000000
containsHit,fixedOnly,7,1000000,1000000,172.254,182156675363715685,8404432170531818405,1000000
containsHit,fixed,7,1000000,1000000,153.318,182156675363715685,8404432170531818405,1000000
containsHit,automatic,7,1000000,1000000,156.426,182156675363715685,8404432170531818405,1000000
updateMixed,fixed,1,1000000,1000000,257.752,8517056851876614565,2254428255035052421,1000000
updateMixed,reserved,1,1000000,1000000,220.419,8517056851876614565,2254428255035052421,1000000
updateMixed,fixedOnly,1,1000000,1000000,212.174,8517056851876614565,2254428255035052421,1000000
updateMixed,automatic,1,1000000,1000000,229.511,8517056851876614565,2254428255035052421,1000000
updateMixed,fixedOnly,2,1000000,1000000,216.796,8517056851876614565,2254428255035052421,1000000
updateMixed,reserved,2,1000000,1000000,229.007,8517056851876614565,2254428255035052421,1000000
updateMixed,fixed,2,1000000,1000000,255.425,8517056851876614565,2254428255035052421,1000000
updateMixed,automatic,2,1000000,1000000,223.363,8517056851876614565,2254428255035052421,1000000
updateMixed,fixed,3,1000000,1000000,212.925,8517056851876614565,2254428255035052421,1000000
updateMixed,automatic,3,1000000,1000000,217.262,8517056851876614565,2254428255035052421,1000000
updateMixed,reserved,3,1000000,1000000,217.895,8517056851876614565,2254428255035052421,1000000
updateMixed,fixedOnly,3,1000000,1000000,273.894,8517056851876614565,2254428255035052421,1000000
updateMixed,fixedOnly,4,1000000,1000000,253.811,8517056851876614565,2254428255035052421,1000000
updateMixed,automatic,4,1000000,1000000,232.861,8517056851876614565,2254428255035052421,1000000
updateMixed,fixed,4,1000000,1000000,216.930,8517056851876614565,2254428255035052421,1000000
updateMixed,reserved,4,1000000,1000000,220.663,8517056851876614565,2254428255035052421,1000000
updateMixed,automatic,5,1000000,1000000,223.659,8517056851876614565,2254428255035052421,1000000
updateMixed,reserved,5,1000000,1000000,224.619,8517056851876614565,2254428255035052421,1000000
updateMixed,fixed,5,1000000,1000000,254.881,8517056851876614565,2254428255035052421,1000000
updateMixed,fixedOnly,5,1000000,1000000,222.128,8517056851876614565,2254428255035052421,1000000
updateMixed,fixedOnly,6,1000000,1000000,223.936,8517056851876614565,2254428255035052421,1000000
updateMixed,fixed,6,1000000,1000000,217.381,8517056851876614565,2254428255035052421,1000000
updateMixed,automatic,6,1000000,1000000,217.912,8517056851876614565,2254428255035052421,1000000
updateMixed,reserved,6,1000000,1000000,227.264,8517056851876614565,2254428255035052421,1000000
updateMixed,fixedOnly,7,1000000,1000000,256.728,8517056851876614565,2254428255035052421,1000000
updateMixed,automatic,7,1000000,1000000,280.437,8517056851876614565,2254428255035052421,1000000
updateMixed,fixed,7,1000000,1000000,209.615,8517056851876614565,2254428255035052421,1000000
updateMixed,reserved,7,1000000,1000000,212.268,8517056851876614565,2254428255035052421,1000000
