work,type,n,distribution,direction,method,round,ms
sort,int,1000000,range22,ascending,stdSort,1,40.130000
sort,int,1000000,range22,ascending,current,1,3.426000
sort,int,1000000,range22,ascending,pipeAdaptedMove,1,3.922000
sort,int,1000000,range22,ascending,pipeTypedMove,1,40.598000
sort,int,1000000,range22,ascending,pipeAdaptedCopy,1,4.176000
sort,int,1000000,range22,ascending,pipeTypedMove,2,40.223000
sort,int,1000000,range22,ascending,pipeAdaptedCopy,2,3.958000
sort,int,1000000,range22,ascending,current,2,2.971000
sort,int,1000000,range22,ascending,pipeAdaptedMove,2,3.638000
sort,int,1000000,range22,ascending,stdSort,2,39.982000
sort,int,1000000,range22,ascending,pipeAdaptedCopy,3,3.885000
sort,int,1000000,range22,ascending,pipeAdaptedMove,3,3.762000
sort,int,1000000,range22,ascending,current,3,3.059000
sort,int,1000000,range22,ascending,pipeTypedMove,3,39.704000
sort,int,1000000,range22,ascending,stdSort,3,39.996000
sort,int,1000000,range22,ascending,pipeAdaptedCopy,4,3.950000
sort,int,1000000,range22,ascending,current,4,3.009000
sort,int,1000000,range22,ascending,pipeAdaptedMove,4,3.679000
sort,int,1000000,range22,ascending,stdSort,4,40.008000
sort,int,1000000,range22,ascending,pipeTypedMove,4,39.683000
sort,int,1000000,range22,ascending,stdSort,5,39.985000
sort,int,1000000,range22,ascending,pipeAdaptedMove,5,3.809000
sort,int,1000000,range22,ascending,pipeAdaptedCopy,5,4.022000
sort,int,1000000,range22,ascending,pipeTypedMove,5,39.793000
sort,int,1000000,range22,ascending,current,5,3.025000
constructor,int,1000000,range22,ascending,current,1,4.077000
constructor,int,1000000,range22,ascending,pipeTypedMove,1,42.315000
constructor,int,1000000,range22,ascending,pipeAdaptedMove,1,5.318000
constructor,int,1000000,range22,ascending,pipeAdaptedMove,2,5.385000
constructor,int,1000000,range22,ascending,pipeTypedMove,2,45.218000
constructor,int,1000000,range22,ascending,current,2,4.758000
constructor,int,1000000,range22,ascending,current,3,4.892000
constructor,int,1000000,range22,ascending,pipeAdaptedMove,3,5.487000
constructor,int,1000000,range22,ascending,pipeTypedMove,3,45.781000
constructor,int,1000000,range22,ascending,pipeAdaptedMove,4,5.270000
constructor,int,1000000,range22,ascending,pipeTypedMove,4,44.895000
constructor,int,1000000,range22,ascending,current,4,4.504000
constructor,int,1000000,range22,ascending,pipeAdaptedMove,5,5.254000
constructor,int,1000000,range22,ascending,current,5,4.240000
constructor,int,1000000,range22,ascending,pipeTypedMove,5,45.116000
sort,int,1000000,fullWidth,ascending,current,1,4.258000
sort,int,1000000,fullWidth,ascending,stdSort,1,43.879000
sort,int,1000000,fullWidth,ascending,pipeAdaptedCopy,1,4.843000
sort,int,1000000,fullWidth,ascending,pipeAdaptedMove,1,4.647000
sort,int,1000000,fullWidth,ascending,pipeTypedMove,1,44.523000
sort,int,1000000,fullWidth,ascending,pipeTypedMove,2,43.571000
sort,int,1000000,fullWidth,ascending,pipeAdaptedCopy,2,5.010000
sort,int,1000000,fullWidth,ascending,current,2,3.984000
sort,int,1000000,fullWidth,ascending,pipeAdaptedMove,2,4.937000
sort,int,1000000,fullWidth,ascending,stdSort,2,43.828000
sort,int,1000000,fullWidth,ascending,current,3,3.991000
sort,int,1000000,fullWidth,ascending,pipeAdaptedCopy,3,4.889000
sort,int,1000000,fullWidth,ascending,pipeTypedMove,3,43.837000
sort,int,1000000,fullWidth,ascending,stdSort,3,41.599000
sort,int,1000000,fullWidth,ascending,pipeAdaptedMove,3,4.583000
sort,int,1000000,fullWidth,ascending,pipeAdaptedMove,4,4.490000
sort,int,1000000,fullWidth,ascending,pipeTypedMove,4,41.363000
sort,int,1000000,fullWidth,ascending,stdSort,4,41.180000
sort,int,1000000,fullWidth,ascending,current,4,3.763000
sort,int,1000000,fullWidth,ascending,pipeAdaptedCopy,4,4.833000
sort,int,1000000,fullWidth,ascending,pipeAdaptedMove,5,4.656000
sort,int,1000000,fullWidth,ascending,current,5,3.794000
sort,int,1000000,fullWidth,ascending,stdSort,5,41.028000
sort,int,1000000,fullWidth,ascending,pipeAdaptedCopy,5,4.862000
sort,int,1000000,fullWidth,ascending,pipeTypedMove,5,41.711000
constructor,int,1000000,fullWidth,ascending,current,1,4.209000
constructor,int,1000000,fullWidth,ascending,pipeAdaptedMove,1,4.975000
constructor,int,1000000,fullWidth,ascending,pipeTypedMove,1,41.077000
constructor,int,1000000,fullWidth,ascending,current,2,4.427000
constructor,int,1000000,fullWidth,ascending,pipeTypedMove,2,41.173000
constructor,int,1000000,fullWidth,ascending,pipeAdaptedMove,2,5.087000
constructor,int,1000000,fullWidth,ascending,pipeAdaptedMove,3,5.102000
constructor,int,1000000,fullWidth,ascending,pipeTypedMove,3,41.061000
constructor,int,1000000,fullWidth,ascending,current,3,4.265000
constructor,int,1000000,fullWidth,ascending,pipeAdaptedMove,4,5.047000
constructor,int,1000000,fullWidth,ascending,pipeTypedMove,4,40.760000
constructor,int,1000000,fullWidth,ascending,current,4,4.322000
constructor,int,1000000,fullWidth,ascending,pipeTypedMove,5,46.052000
constructor,int,1000000,fullWidth,ascending,pipeAdaptedMove,5,5.312000
constructor,int,1000000,fullWidth,ascending,current,5,4.307000
sort,int,1000000,fewValues,ascending,pipeAdaptedCopy,1,2.674000
sort,int,1000000,fewValues,ascending,pipeTypedMove,1,13.868000
sort,int,1000000,fewValues,ascending,pipeAdaptedMove,1,2.382000
sort,int,1000000,fewValues,ascending,current,1,2.362000
sort,int,1000000,fewValues,ascending,stdSort,1,13.962000
sort,int,1000000,fewValues,ascending,pipeTypedMove,2,13.725000
sort,int,1000000,fewValues,ascending,stdSort,2,13.804000
sort,int,1000000,fewValues,ascending,current,2,2.505000
sort,int,1000000,fewValues,ascending,pipeAdaptedCopy,2,2.657000
sort,int,1000000,fewValues,ascending,pipeAdaptedMove,2,2.452000
sort,int,1000000,fewValues,ascending,current,3,2.489000
sort,int,1000000,fewValues,ascending,pipeTypedMove,3,13.747000
sort,int,1000000,fewValues,ascending,pipeAdaptedCopy,3,2.673000
sort,int,1000000,fewValues,ascending,stdSort,3,13.677000
sort,int,1000000,fewValues,ascending,pipeAdaptedMove,3,2.332000
sort,int,1000000,fewValues,ascending,current,4,2.288000
sort,int,1000000,fewValues,ascending,pipeAdaptedMove,4,2.424000
sort,int,1000000,fewValues,ascending,pipeTypedMove,4,13.929000
sort,int,1000000,fewValues,ascending,stdSort,4,13.600000
sort,int,1000000,fewValues,ascending,pipeAdaptedCopy,4,2.691000
sort,int,1000000,fewValues,ascending,stdSort,5,13.589000
sort,int,1000000,fewValues,ascending,pipeAdaptedCopy,5,2.714000
sort,int,1000000,fewValues,ascending,pipeAdaptedMove,5,2.317000
sort,int,1000000,fewValues,ascending,current,5,2.441000
sort,int,1000000,fewValues,ascending,pipeTypedMove,5,13.840000
constructor,int,1000000,fewValues,ascending,current,1,3.144000
constructor,int,1000000,fewValues,ascending,pipeAdaptedMove,1,3.207000
constructor,int,1000000,fewValues,ascending,pipeTypedMove,1,14.617000
constructor,int,1000000,fewValues,ascending,pipeTypedMove,2,14.579000
constructor,int,1000000,fewValues,ascending,current,2,3.089000
constructor,int,1000000,fewValues,ascending,pipeAdaptedMove,2,2.999000
constructor,int,1000000,fewValues,ascending,current,3,3.030000
constructor,int,1000000,fewValues,ascending,pipeTypedMove,3,14.611000
constructor,int,1000000,fewValues,ascending,pipeAdaptedMove,3,3.014000
constructor,int,1000000,fewValues,ascending,pipeTypedMove,4,14.729000
constructor,int,1000000,fewValues,ascending,current,4,3.095000
constructor,int,1000000,fewValues,ascending,pipeAdaptedMove,4,2.954000
constructor,int,1000000,fewValues,ascending,current,5,3.233000
constructor,int,1000000,fewValues,ascending,pipeTypedMove,5,14.573000
constructor,int,1000000,fewValues,ascending,pipeAdaptedMove,5,3.031000
sort,int,1000000,ascending,ascending,pipeAdaptedMove,1,0.255000
sort,int,1000000,ascending,ascending,current,1,0.239000
sort,int,1000000,ascending,ascending,stdSort,1,7.264000
sort,int,1000000,ascending,ascending,pipeTypedMove,1,0.236000
sort,int,1000000,ascending,ascending,pipeAdaptedCopy,1,0.402000
sort,int,1000000,ascending,ascending,pipeTypedMove,2,0.235000
sort,int,1000000,ascending,ascending,stdSort,2,7.272000
sort,int,1000000,ascending,ascending,current,2,0.235000
sort,int,1000000,ascending,ascending,pipeAdaptedCopy,2,0.476000
sort,int,1000000,ascending,ascending,pipeAdaptedMove,2,0.238000
sort,int,1000000,ascending,ascending,current,3,0.268000
sort,int,1000000,ascending,ascending,pipeAdaptedMove,3,0.241000
sort,int,1000000,ascending,ascending,pipeTypedMove,3,0.238000
sort,int,1000000,ascending,ascending,stdSort,3,7.341000
sort,int,1000000,ascending,ascending,pipeAdaptedCopy,3,0.538000
sort,int,1000000,ascending,ascending,stdSort,4,7.399000
sort,int,1000000,ascending,ascending,pipeTypedMove,4,0.235000
sort,int,1000000,ascending,ascending,pipeAdaptedMove,4,0.232000
sort,int,1000000,ascending,ascending,pipeAdaptedCopy,4,0.422000
sort,int,1000000,ascending,ascending,current,4,0.235000
sort,int,1000000,ascending,ascending,pipeAdaptedMove,5,0.233000
sort,int,1000000,ascending,ascending,stdSort,5,7.257000
sort,int,1000000,ascending,ascending,current,5,0.235000
sort,int,1000000,ascending,ascending,pipeAdaptedCopy,5,0.398000
sort,int,1000000,ascending,ascending,pipeTypedMove,5,0.242000
constructor,int,1000000,ascending,ascending,pipeTypedMove,1,0.788000
constructor,int,1000000,ascending,ascending,current,1,0.834000
constructor,int,1000000,ascending,ascending,pipeAdaptedMove,1,0.790000
constructor,int,1000000,ascending,ascending,current,2,0.762000
constructor,int,1000000,ascending,ascending,pipeAdaptedMove,2,0.851000
constructor,int,1000000,ascending,ascending,pipeTypedMove,2,0.826000
constructor,int,1000000,ascending,ascending,pipeTypedMove,3,0.760000
constructor,int,1000000,ascending,ascending,current,3,0.813000
constructor,int,1000000,ascending,ascending,pipeAdaptedMove,3,0.845000
constructor,int,1000000,ascending,ascending,pipeTypedMove,4,0.856000
constructor,int,1000000,ascending,ascending,pipeAdaptedMove,4,0.849000
constructor,int,1000000,ascending,ascending,current,4,0.818000
constructor,int,1000000,ascending,ascending,pipeTypedMove,5,0.786000
constructor,int,1000000,ascending,ascending,pipeAdaptedMove,5,0.775000
constructor,int,1000000,ascending,ascending,current,5,0.851000
sort,int,1000000,descending,ascending,pipeAdaptedMove,1,0.419000
sort,int,1000000,descending,ascending,stdSort,1,5.184000
sort,int,1000000,descending,ascending,current,1,0.374000
sort,int,1000000,descending,ascending,pipeAdaptedCopy,1,0.608000
sort,int,1000000,descending,ascending,pipeTypedMove,1,0.574000
sort,int,1000000,descending,ascending,pipeTypedMove,2,0.650000
sort,int,1000000,descending,ascending,pipeAdaptedMove,2,0.400000
sort,int,1000000,descending,ascending,stdSort,2,5.294000
sort,int,1000000,descending,ascending,pipeAdaptedCopy,2,0.555000
sort,int,1000000,descending,ascending,current,2,0.434000
sort,int,1000000,descending,ascending,pipeTypedMove,3,0.574000
sort,int,1000000,descending,ascending,stdSort,3,5.166000
sort,int,1000000,descending,ascending,current,3,0.373000
sort,int,1000000,descending,ascending,pipeAdaptedCopy,3,0.576000
sort,int,1000000,descending,ascending,pipeAdaptedMove,3,0.412000
sort,int,1000000,descending,ascending,stdSort,4,5.182000
sort,int,1000000,descending,ascending,current,4,0.369000
sort,int,1000000,descending,ascending,pipeTypedMove,4,0.600000
sort,int,1000000,descending,ascending,pipeAdaptedCopy,4,0.549000
sort,int,1000000,descending,ascending,pipeAdaptedMove,4,0.439000
sort,int,1000000,descending,ascending,pipeTypedMove,5,0.578000
sort,int,1000000,descending,ascending,pipeAdaptedCopy,5,0.568000
sort,int,1000000,descending,ascending,stdSort,5,5.227000
sort,int,1000000,descending,ascending,current,5,0.402000
sort,int,1000000,descending,ascending,pipeAdaptedMove,5,0.377000
constructor,int,1000000,descending,ascending,pipeAdaptedMove,1,0.958000
constructor,int,1000000,descending,ascending,pipeTypedMove,1,1.283000
constructor,int,1000000,descending,ascending,current,1,0.923000
constructor,int,1000000,descending,ascending,pipeAdaptedMove,2,0.964000
constructor,int,1000000,descending,ascending,current,2,0.987000
constructor,int,1000000,descending,ascending,pipeTypedMove,2,1.257000
constructor,int,1000000,descending,ascending,current,3,1.012000
constructor,int,1000000,descending,ascending,pipeTypedMove,3,1.224000
constructor,int,1000000,descending,ascending,pipeAdaptedMove,3,1.076000
constructor,int,1000000,descending,ascending,current,4,1.053000
constructor,int,1000000,descending,ascending,pipeTypedMove,4,1.200000
constructor,int,1000000,descending,ascending,pipeAdaptedMove,4,1.027000
constructor,int,1000000,descending,ascending,pipeAdaptedMove,5,0.980000
constructor,int,1000000,descending,ascending,current,5,1.152000
constructor,int,1000000,descending,ascending,pipeTypedMove,5,1.214000
sort,int,2000000,range22,ascending,stdSort,1,84.798000
sort,int,2000000,range22,ascending,current,1,6.321000
sort,int,2000000,range22,ascending,pipeAdaptedMove,1,7.837000
sort,int,2000000,range22,ascending,pipeTypedMove,1,84.279000
sort,int,2000000,range22,ascending,pipeAdaptedCopy,1,8.286000
sort,int,2000000,range22,ascending,current,2,6.383000
sort,int,2000000,range22,ascending,pipeAdaptedMove,2,7.992000
sort,int,2000000,range22,ascending,pipeTypedMove,2,84.112000
sort,int,2000000,range22,ascending,pipeAdaptedCopy,2,8.700000
sort,int,2000000,range22,ascending,stdSort,2,84.706000
sort,int,2000000,range22,ascending,pipeAdaptedMove,3,7.824000
sort,int,2000000,range22,ascending,stdSort,3,84.679000
sort,int,2000000,range22,ascending,current,3,6.611000
sort,int,2000000,range22,ascending,pipeTypedMove,3,84.220000
sort,int,2000000,range22,ascending,pipeAdaptedCopy,3,8.421000
sort,int,2000000,range22,ascending,pipeTypedMove,4,84.245000
sort,int,2000000,range22,ascending,pipeAdaptedMove,4,7.768000
sort,int,2000000,range22,ascending,stdSort,4,84.213000
sort,int,2000000,range22,ascending,current,4,6.317000
sort,int,2000000,range22,ascending,pipeAdaptedCopy,4,8.371000
sort,int,2000000,range22,ascending,current,5,6.142000
sort,int,2000000,range22,ascending,stdSort,5,84.349000
sort,int,2000000,range22,ascending,pipeTypedMove,5,86.922000
sort,int,2000000,range22,ascending,pipeAdaptedMove,5,8.063000
sort,int,2000000,range22,ascending,pipeAdaptedCopy,5,8.599000
constructor,int,2000000,range22,ascending,pipeAdaptedMove,1,11.931000
constructor,int,2000000,range22,ascending,pipeTypedMove,1,93.253000
constructor,int,2000000,range22,ascending,current,1,9.975000
constructor,int,2000000,range22,ascending,current,2,9.641000
constructor,int,2000000,range22,ascending,pipeAdaptedMove,2,11.521000
constructor,int,2000000,range22,ascending,pipeTypedMove,2,90.192000
constructor,int,2000000,range22,ascending,pipeAdaptedMove,3,11.574000
constructor,int,2000000,range22,ascending,current,3,9.695000
constructor,int,2000000,range22,ascending,pipeTypedMove,3,93.120000
constructor,int,2000000,range22,ascending,pipeAdaptedMove,4,12.041000
constructor,int,2000000,range22,ascending,current,4,10.067000
constructor,int,2000000,range22,ascending,pipeTypedMove,4,91.696000
constructor,int,2000000,range22,ascending,pipeAdaptedMove,5,11.441000
constructor,int,2000000,range22,ascending,current,5,10.170000
constructor,int,2000000,range22,ascending,pipeTypedMove,5,90.101000
sort,int,1000000,range22,descending,stdSort,1,39.630000
sort,int,1000000,range22,descending,current,1,3.157000
sort,int,1000000,range22,descending,pipeAdaptedMove,1,4.005000
sort,int,1000000,range22,descending,pipeTypedMove,1,39.773000
sort,int,1000000,range22,descending,pipeAdaptedCopy,1,4.274000
sort,int,1000000,range22,descending,pipeTypedMove,2,40.933000
sort,int,1000000,range22,descending,pipeAdaptedCopy,2,4.602000
sort,int,1000000,range22,descending,current,2,3.120000
sort,int,1000000,range22,descending,pipeAdaptedMove,2,3.855000
sort,int,1000000,range22,descending,stdSort,2,39.755000
sort,int,1000000,range22,descending,pipeAdaptedCopy,3,4.471000
sort,int,1000000,range22,descending,pipeAdaptedMove,3,3.897000
sort,int,1000000,range22,descending,current,3,3.044000
sort,int,1000000,range22,descending,pipeTypedMove,3,39.674000
sort,int,1000000,range22,descending,stdSort,3,39.398000
sort,int,1000000,range22,descending,pipeAdaptedCopy,4,4.178000
sort,int,1000000,range22,descending,current,4,3.064000
sort,int,1000000,range22,descending,pipeAdaptedMove,4,3.812000
sort,int,1000000,range22,descending,stdSort,4,42.593000
sort,int,1000000,range22,descending,pipeTypedMove,4,40.795000
sort,int,1000000,range22,descending,stdSort,5,39.126000
sort,int,1000000,range22,descending,pipeAdaptedMove,5,4.012000
sort,int,1000000,range22,descending,pipeAdaptedCopy,5,4.100000
sort,int,1000000,range22,descending,pipeTypedMove,5,39.240000
sort,int,1000000,range22,descending,current,5,3.277000
constructor,int,1000000,range22,descending,current,1,4.267000
constructor,int,1000000,range22,descending,pipeTypedMove,1,40.148000
constructor,int,1000000,range22,descending,pipeAdaptedMove,1,5.530000
constructor,int,1000000,range22,descending,pipeAdaptedMove,2,4.960000
constructor,int,1000000,range22,descending,pipeTypedMove,2,40.528000
constructor,int,1000000,range22,descending,current,2,4.242000
constructor,int,1000000,range22,descending,current,3,4.273000
constructor,int,1000000,range22,descending,pipeAdaptedMove,3,5.110000
constructor,int,1000000,range22,descending,pipeTypedMove,3,40.213000
constructor,int,1000000,range22,descending,pipeAdaptedMove,4,4.954000
constructor,int,1000000,range22,descending,pipeTypedMove,4,40.220000
constructor,int,1000000,range22,descending,current,4,4.273000
constructor,int,1000000,range22,descending,pipeAdaptedMove,5,5.041000
constructor,int,1000000,range22,descending,current,5,4.271000
constructor,int,1000000,range22,descending,pipeTypedMove,5,40.430000
sort,longLong,1000000,fullWidth,ascending,current,1,6.869000
sort,longLong,1000000,fullWidth,ascending,stdSort,1,39.672000
sort,longLong,1000000,fullWidth,ascending,pipeAdaptedCopy,1,9.092000
sort,longLong,1000000,fullWidth,ascending,pipeAdaptedMove,1,8.217000
sort,longLong,1000000,fullWidth,ascending,pipeTypedMove,1,39.517000
sort,longLong,1000000,fullWidth,ascending,pipeTypedMove,2,39.718000
sort,longLong,1000000,fullWidth,ascending,pipeAdaptedCopy,2,8.881000
sort,longLong,1000000,fullWidth,ascending,current,2,6.809000
sort,longLong,1000000,fullWidth,ascending,pipeAdaptedMove,2,9.028000
sort,longLong,1000000,fullWidth,ascending,stdSort,2,40.521000
sort,longLong,1000000,fullWidth,ascending,current,3,7.046000
sort,longLong,1000000,fullWidth,ascending,pipeAdaptedCopy,3,9.053000
sort,longLong,1000000,fullWidth,ascending,pipeTypedMove,3,39.970000
sort,longLong,1000000,fullWidth,ascending,stdSort,3,39.933000
sort,longLong,1000000,fullWidth,ascending,pipeAdaptedMove,3,8.597000
sort,longLong,1000000,fullWidth,ascending,pipeAdaptedMove,4,8.358000
sort,longLong,1000000,fullWidth,ascending,pipeTypedMove,4,39.815000
sort,longLong,1000000,fullWidth,ascending,stdSort,4,40.045000
sort,longLong,1000000,fullWidth,ascending,current,4,6.985000
sort,longLong,1000000,fullWidth,ascending,pipeAdaptedCopy,4,8.737000
sort,longLong,1000000,fullWidth,ascending,pipeAdaptedMove,5,8.161000
sort,longLong,1000000,fullWidth,ascending,current,5,6.863000
sort,longLong,1000000,fullWidth,ascending,stdSort,5,40.168000
sort,longLong,1000000,fullWidth,ascending,pipeAdaptedCopy,5,8.899000
sort,longLong,1000000,fullWidth,ascending,pipeTypedMove,5,39.723000
constructor,longLong,1000000,fullWidth,ascending,current,1,7.468000
constructor,longLong,1000000,fullWidth,ascending,pipeAdaptedMove,1,9.095000
constructor,longLong,1000000,fullWidth,ascending,pipeTypedMove,1,40.855000
constructor,longLong,1000000,fullWidth,ascending,current,2,8.282000
constructor,longLong,1000000,fullWidth,ascending,pipeTypedMove,2,40.746000
constructor,longLong,1000000,fullWidth,ascending,pipeAdaptedMove,2,9.347000
constructor,longLong,1000000,fullWidth,ascending,pipeAdaptedMove,3,9.078000
constructor,longLong,1000000,fullWidth,ascending,pipeTypedMove,3,40.669000
constructor,longLong,1000000,fullWidth,ascending,current,3,7.628000
constructor,longLong,1000000,fullWidth,ascending,pipeAdaptedMove,4,9.283000
constructor,longLong,1000000,fullWidth,ascending,pipeTypedMove,4,41.038000
constructor,longLong,1000000,fullWidth,ascending,current,4,8.080000
constructor,longLong,1000000,fullWidth,ascending,pipeTypedMove,5,40.575000
constructor,longLong,1000000,fullWidth,ascending,pipeAdaptedMove,5,9.041000
constructor,longLong,1000000,fullWidth,ascending,current,5,7.748000
