work,type,n,distribution,direction,method,samples,medianMs,minMs,maxMs
sort,int,1000000,range22,ascending,stdSort,5,39.996,39.982,40.13
sort,int,1000000,range22,ascending,current,5,3.025,2.971,3.426
sort,int,1000000,range22,ascending,pipeAdaptedMove,5,3.762,3.638,3.922
sort,int,1000000,range22,ascending,pipeTypedMove,5,39.793,39.683,40.598
sort,int,1000000,range22,ascending,pipeAdaptedCopy,5,3.958,3.885,4.176
constructor,int,1000000,range22,ascending,current,5,4.504,4.077,4.892
constructor,int,1000000,range22,ascending,pipeTypedMove,5,45.116,42.315,45.781
constructor,int,1000000,range22,ascending,pipeAdaptedMove,5,5.318,5.254,5.487
sort,int,1000000,fullWidth,ascending,current,5,3.984,3.763,4.258
sort,int,1000000,fullWidth,ascending,stdSort,5,41.599,41.028,43.879
sort,int,1000000,fullWidth,ascending,pipeAdaptedCopy,5,4.862,4.833,5.01
sort,int,1000000,fullWidth,ascending,pipeAdaptedMove,5,4.647,4.49,4.937
sort,int,1000000,fullWidth,ascending,pipeTypedMove,5,43.571,41.363,44.523
constructor,int,1000000,fullWidth,ascending,current,5,4.307,4.209,4.427
constructor,int,1000000,fullWidth,ascending,pipeAdaptedMove,5,5.087,4.975,5.312
constructor,int,1000000,fullWidth,ascending,pipeTypedMove,5,41.077,40.76,46.052
sort,int,1000000,fewValues,ascending,pipeAdaptedCopy,5,2.674,2.657,2.714
sort,int,1000000,fewValues,ascending,pipeTypedMove,5,13.84,13.725,13.929
sort,int,1000000,fewValues,ascending,pipeAdaptedMove,5,2.382,2.317,2.452
sort,int,1000000,fewValues,ascending,current,5,2.441,2.288,2.505
sort,int,1000000,fewValues,ascending,stdSort,5,13.677,13.589,13.962
constructor,int,1000000,fewValues,ascending,current,5,3.095,3.03,3.233
constructor,int,1000000,fewValues,ascending,pipeAdaptedMove,5,3.014,2.954,3.207
constructor,int,1000000,fewValues,ascending,pipeTypedMove,5,14.611,14.573,14.729
sort,int,1000000,ascending,ascending,pipeAdaptedMove,5,0.238,0.232,0.255
sort,int,1000000,ascending,ascending,current,5,0.235,0.235,0.268
sort,int,1000000,ascending,ascending,stdSort,5,7.272,7.257,7.399
sort,int,1000000,ascending,ascending,pipeTypedMove,5,0.236,0.235,0.242
sort,int,1000000,ascending,ascending,pipeAdaptedCopy,5,0.422,0.398,0.538
constructor,int,1000000,ascending,ascending,pipeTypedMove,5,0.788,0.76,0.856
constructor,int,1000000,ascending,ascending,current,5,0.818,0.762,0.851
constructor,int,1000000,ascending,ascending,pipeAdaptedMove,5,0.845,0.775,0.851
sort,int,1000000,descending,ascending,pipeAdaptedMove,5,0.412,0.377,0.439
sort,int,1000000,descending,ascending,stdSort,5,5.184,5.166,5.294
sort,int,1000000,descending,ascending,current,5,0.374,0.369,0.434
sort,int,1000000,descending,ascending,pipeAdaptedCopy,5,0.568,0.549,0.608
sort,int,1000000,descending,ascending,pipeTypedMove,5,0.578,0.574,0.65
constructor,int,1000000,descending,ascending,pipeAdaptedMove,5,0.98,0.958,1.076
constructor,int,1000000,descending,ascending,pipeTypedMove,5,1.224,1.2,1.283
constructor,int,1000000,descending,ascending,current,5,1.012,0.923,1.152
sort,int,2000000,range22,ascending,stdSort,5,84.679,84.213,84.798
sort,int,2000000,range22,ascending,current,5,6.321,6.142,6.611
sort,int,2000000,range22,ascending,pipeAdaptedMove,5,7.837,7.768,8.063
sort,int,2000000,range22,ascending,pipeTypedMove,5,84.245,84.112,86.922
sort,int,2000000,range22,ascending,pipeAdaptedCopy,5,8.421,8.286,8.7
constructor,int,2000000,range22,ascending,pipeAdaptedMove,5,11.574,11.441,12.041
constructor,int,2000000,range22,ascending,pipeTypedMove,5,91.696,90.101,93.253
constructor,int,2000000,range22,ascending,current,5,9.975,9.641,10.17
sort,int,1000000,range22,descending,stdSort,5,39.63,39.126,42.593
sort,int,1000000,range22,descending,current,5,3.12,3.044,3.277
sort,int,1000000,range22,descending,pipeAdaptedMove,5,3.897,3.812,4.012
sort,int,1000000,range22,descending,pipeTypedMove,5,39.773,39.24,40.933
sort,int,1000000,range22,descending,pipeAdaptedCopy,5,4.274,4.1,4.602
constructor,int,1000000,range22,descending,current,5,4.271,4.242,4.273
constructor,int,1000000,range22,descending,pipeTypedMove,5,40.22,40.148,40.528
constructor,int,1000000,range22,descending,pipeAdaptedMove,5,5.041,4.954,5.53
sort,longLong,1000000,fullWidth,ascending,current,5,6.869,6.809,7.046
sort,longLong,1000000,fullWidth,ascending,stdSort,5,40.045,39.672,40.521
sort,longLong,1000000,fullWidth,ascending,pipeAdaptedCopy,5,8.899,8.737,9.092
sort,longLong,1000000,fullWidth,ascending,pipeAdaptedMove,5,8.358,8.161,9.028
sort,longLong,1000000,fullWidth,ascending,pipeTypedMove,5,39.723,39.517,39.97
constructor,longLong,1000000,fullWidth,ascending,current,5,7.748,7.468,8.282
constructor,longLong,1000000,fullWidth,ascending,pipeAdaptedMove,5,9.095,9.041,9.347
constructor,longLong,1000000,fullWidth,ascending,pipeTypedMove,5,40.746,40.575,41.038
