compiler,version,operation,n,repeats,median_ms
Clang 17,before,boundary_dense,1024,20,0.043
Clang 17,before,boundary_sparse,1024,20,0.04
Clang 17,before,inter_predicate,1024,40000,4.122
Clang 17,before,near_line,1024,40000,4.073
Clang 17,before,tangents,1024,40000,0.782
Clang 17,before,calipers,1024,20,0.203
Clang 17,before,near_convex,1024,20,0.248
Clang 17,before,inter_convex_predicate,1024,20,0.256
Clang 17,before,minkowski,1024,20,0.361
Clang 17,before,convex_intersection,1024,20,0.56
Clang 17,before,circle_polygon_area,1024,20,0.105
Clang 17,before,boundary_dense,8192,20,0.401
Clang 17,before,boundary_sparse,8192,20,0.317
Clang 17,before,inter_predicate,8192,40000,5.671
Clang 17,before,near_line,8192,40000,5.638
Clang 17,before,tangents,8192,40000,3.142
Clang 17,before,calipers,8192,20,1.706
Clang 17,before,near_convex,8192,20,1.797
Clang 17,before,inter_convex_predicate,8192,20,1.808
Clang 17,before,minkowski,8192,20,2.504
Clang 17,before,convex_intersection,8192,20,5.267
Clang 17,before,circle_polygon_area,8192,20,0.808
Clang 17,before,boundary_dense,65536,20,3.146
Clang 17,before,boundary_sparse,65536,20,2.46
Clang 17,before,inter_predicate,65536,40000,9.778
Clang 17,before,near_line,65536,40000,10.035
Clang 17,before,tangents,65536,40000,5.592
Clang 17,before,calipers,65536,20,31.945
Clang 17,before,near_convex,65536,20,11.563
Clang 17,before,inter_convex_predicate,65536,20,11.419
Clang 17,before,minkowski,65536,20,19.755
Clang 17,before,convex_intersection,65536,20,56.106
Clang 17,before,circle_polygon_area,65536,20,6.568
Clang 17,after,boundary_dense,1024,20,0.046
Clang 17,after,boundary_sparse,1024,20,0.037
Clang 17,after,inter_predicate,1024,40000,2.747
Clang 17,after,near_line,1024,40000,2.989
Clang 17,after,tangents,1024,40000,0.728
Clang 17,after,calipers,1024,20,0.202
Clang 17,after,near_convex,1024,20,0.257
Clang 17,after,inter_convex_predicate,1024,20,0.252
Clang 17,after,minkowski,1024,20,0.355
Clang 17,after,convex_intersection,1024,20,0.562
Clang 17,after,circle_polygon_area,1024,20,0.106
Clang 17,after,boundary_dense,8192,20,0.409
Clang 17,after,boundary_sparse,8192,20,0.32
Clang 17,after,inter_predicate,8192,40000,4.129
Clang 17,after,near_line,8192,40000,4.48
Clang 17,after,tangents,8192,40000,3.26
Clang 17,after,calipers,8192,20,1.693
Clang 17,after,near_convex,8192,20,1.745
Clang 17,after,inter_convex_predicate,8192,20,1.757
Clang 17,after,minkowski,8192,20,2.472
Clang 17,after,convex_intersection,8192,20,5.452
Clang 17,after,circle_polygon_area,8192,20,0.808
Clang 17,after,boundary_dense,65536,20,3.135
Clang 17,after,boundary_sparse,65536,20,2.305
Clang 17,after,inter_predicate,65536,40000,8.071
Clang 17,after,near_line,65536,40000,8.435
Clang 17,after,tangents,65536,40000,5.754
Clang 17,after,calipers,65536,20,30.534
Clang 17,after,near_convex,65536,20,11.38
Clang 17,after,inter_convex_predicate,65536,20,12.046
Clang 17,after,minkowski,65536,20,18.84
Clang 17,after,convex_intersection,65536,20,51.46
Clang 17,after,circle_polygon_area,65536,20,6.509
GCC 15.2,before,boundary_dense,1024,20,0.059
GCC 15.2,before,boundary_sparse,1024,20,0.044
GCC 15.2,before,inter_predicate,1024,40000,2.716
GCC 15.2,before,near_line,1024,40000,3.342
GCC 15.2,before,tangents,1024,40000,1.658
GCC 15.2,before,calipers,1024,20,0.249
GCC 15.2,before,near_convex,1024,20,0.233
GCC 15.2,before,inter_convex_predicate,1024,20,0.22
GCC 15.2,before,minkowski,1024,20,0.338
GCC 15.2,before,convex_intersection,1024,20,0.685
GCC 15.2,before,circle_polygon_area,1024,20,0.096
GCC 15.2,before,boundary_dense,8192,20,0.54
GCC 15.2,before,boundary_sparse,8192,20,0.338
GCC 15.2,before,inter_predicate,8192,40000,4.397
GCC 15.2,before,near_line,8192,40000,4.657
GCC 15.2,before,tangents,8192,40000,7.951
GCC 15.2,before,calipers,8192,20,2.365
GCC 15.2,before,near_convex,8192,20,1.628
GCC 15.2,before,inter_convex_predicate,8192,20,1.569
GCC 15.2,before,minkowski,8192,20,2.601
GCC 15.2,before,convex_intersection,8192,20,6.509
GCC 15.2,before,circle_polygon_area,8192,20,0.719
GCC 15.2,before,boundary_dense,65536,20,4.001
GCC 15.2,before,boundary_sparse,65536,20,2.656
GCC 15.2,before,inter_predicate,65536,40000,7.774
GCC 15.2,before,near_line,65536,40000,8.397
GCC 15.2,before,tangents,65536,40000,12.667
GCC 15.2,before,calipers,65536,20,32.787
GCC 15.2,before,near_convex,65536,20,12.668
GCC 15.2,before,inter_convex_predicate,65536,20,12.035
GCC 15.2,before,minkowski,65536,20,23.424
GCC 15.2,before,convex_intersection,65536,20,63.639
GCC 15.2,before,circle_polygon_area,65536,20,5.933
GCC 15.2,after,boundary_dense,1024,20,0.058
GCC 15.2,after,boundary_sparse,1024,20,0.044
GCC 15.2,after,inter_predicate,1024,40000,2.526
GCC 15.2,after,near_line,1024,40000,2.762
GCC 15.2,after,tangents,1024,40000,1.866
GCC 15.2,after,calipers,1024,20,0.241
GCC 15.2,after,near_convex,1024,20,0.232
GCC 15.2,after,inter_convex_predicate,1024,20,0.216
GCC 15.2,after,minkowski,1024,20,0.342
GCC 15.2,after,convex_intersection,1024,20,0.7
GCC 15.2,after,circle_polygon_area,1024,20,0.095
GCC 15.2,after,boundary_dense,8192,20,0.506
GCC 15.2,after,boundary_sparse,8192,20,0.368
GCC 15.2,after,inter_predicate,8192,40000,3.886
GCC 15.2,after,near_line,8192,40000,3.919
GCC 15.2,after,tangents,8192,40000,7.125
GCC 15.2,after,calipers,8192,20,2.267
GCC 15.2,after,near_convex,8192,20,1.627
GCC 15.2,after,inter_convex_predicate,8192,20,1.58
GCC 15.2,after,minkowski,8192,20,2.583
GCC 15.2,after,convex_intersection,8192,20,6.764
GCC 15.2,after,circle_polygon_area,8192,20,0.739
GCC 15.2,after,boundary_dense,65536,20,3.836
GCC 15.2,after,boundary_sparse,65536,20,2.733
GCC 15.2,after,inter_predicate,65536,40000,7.619
GCC 15.2,after,near_line,65536,40000,8.283
GCC 15.2,after,tangents,65536,40000,12.406
GCC 15.2,after,calipers,65536,20,32.711
GCC 15.2,after,near_convex,65536,20,12.844
GCC 15.2,after,inter_convex_predicate,65536,20,12.343
GCC 15.2,after,minkowski,65536,20,21.277
GCC 15.2,after,convex_intersection,65536,20,62.97
GCC 15.2,after,circle_polygon_area,65536,20,5.886
