compiler,version,implementation,operation,n,repeats,median_ms
Clang 17,before,Geo2,build_and_area_parabola,1025,10,0.144375
Clang 17,before,Friend,build_and_area_parabola,1025,10,0.115166
Clang 17,before,Geo2,location,1025,40000,1.323125
Clang 17,before,Friend,location,1025,40000,2.310834
Clang 17,before,Geo2,tangents_original,1025,40000,1.973666
Clang 17,before,Friend,tangents_original,1025,40000,3.229541
Clang 17,before,Geo2,tangents_fast,1025,40000,1.906333
Clang 17,before,Friend,tangents_fast,1025,40000,2.483917
Clang 17,before,Geo2,line_predicate,1025,40000,3.136917
Clang 17,before,Friend,line_predicate,1025,40000,2.439833
Clang 17,before,Geo2,diameter2,1025,30,0.096375
Clang 17,before,Friend,diameter2,1025,30,0.157958
Clang 17,before,Geo2,area2_cached_vs_scan,1025,1000,0.307542
Clang 17,before,Friend,area2_cached_vs_scan,1025,1000,0.001084
Clang 17,before,Geo2,build_and_area_parabola,8193,10,1.904083
Clang 17,before,Friend,build_and_area_parabola,8193,10,2.11525
Clang 17,before,Geo2,location,8193,40000,1.65075
Clang 17,before,Friend,location,8193,40000,3.206958
Clang 17,before,Geo2,tangents_original,8193,40000,2.785125
Clang 17,before,Friend,tangents_original,8193,40000,4.889042
Clang 17,before,Geo2,tangents_fast,8193,40000,2.747083
Clang 17,before,Friend,tangents_fast,8193,40000,4.188292
Clang 17,before,Geo2,line_predicate,8193,40000,4.309042
Clang 17,before,Friend,line_predicate,8193,40000,3.52325
Clang 17,before,Geo2,diameter2,8193,30,0.744333
Clang 17,before,Friend,diameter2,8193,30,1.253583
Clang 17,before,Geo2,area2_cached_vs_scan,8193,1000,2.442625
Clang 17,before,Friend,area2_cached_vs_scan,8193,1000,0.001125
Clang 17,before,Geo2,build_and_area_parabola,60001,10,24.067292
Clang 17,before,Friend,build_and_area_parabola,60001,10,25.068833
Clang 17,before,Geo2,location,60001,40000,2.386333
Clang 17,before,Friend,location,60001,40000,4.521917
Clang 17,before,Geo2,tangents_original,60001,40000,3.832709
Clang 17,before,Friend,tangents_original,60001,40000,6.125833
Clang 17,before,Geo2,tangents_fast,60001,40000,3.705792
Clang 17,before,Friend,tangents_fast,60001,40000,7.191666
Clang 17,before,Geo2,line_predicate,60001,40000,5.944708
Clang 17,before,Friend,line_predicate,60001,40000,3.292459
Clang 17,before,Geo2,diameter2,60001,30,5.48075
Clang 17,before,Friend,diameter2,60001,30,8.695791
Clang 17,before,Geo2,area2_cached_vs_scan,60001,1000,18.535208
Clang 17,before,Friend,area2_cached_vs_scan,60001,1000,0.001041
Clang 17,before,Geo2,build_and_area_random,1024,10,0.142875
Clang 17,before,Friend,build_and_area_random,1024,10,0.108083
Clang 17,before,Geo2,build_and_area_random,8192,10,2.734375
Clang 17,before,Friend,build_and_area_random,8192,10,1.973417
Clang 17,before,Geo2,build_and_area_random,65536,10,33.139208
Clang 17,before,Friend,build_and_area_random,65536,10,33.528375
Clang 17,after,Geo2,build_and_area_parabola,1025,10,0.14075
Clang 17,after,Friend,build_and_area_parabola,1025,10,0.118875
Clang 17,after,Geo2,location,1025,40000,1.340167
Clang 17,after,Friend,location,1025,40000,2.496333
Clang 17,after,Geo2,tangents_original,1025,40000,1.991334
Clang 17,after,Friend,tangents_original,1025,40000,3.23425
Clang 17,after,Geo2,tangents_fast,1025,40000,1.902917
Clang 17,after,Friend,tangents_fast,1025,40000,2.462916
Clang 17,after,Geo2,line_predicate,1025,40000,2.371125
Clang 17,after,Friend,line_predicate,1025,40000,2.495416
Clang 17,after,Geo2,diameter2,1025,30,0.097666
Clang 17,after,Friend,diameter2,1025,30,0.15975
Clang 17,after,Geo2,area2_cached_vs_scan,1025,1000,0.310041
Clang 17,after,Friend,area2_cached_vs_scan,1025,1000,0.001167
Clang 17,after,Geo2,build_and_area_parabola,8193,10,1.929667
Clang 17,after,Friend,build_and_area_parabola,8193,10,1.966334
Clang 17,after,Geo2,location,8193,40000,1.615917
Clang 17,after,Friend,location,8193,40000,3.307084
Clang 17,after,Geo2,tangents_original,8193,40000,2.764458
Clang 17,after,Friend,tangents_original,8193,40000,4.973791
Clang 17,after,Geo2,tangents_fast,8193,40000,2.76525
Clang 17,after,Friend,tangents_fast,8193,40000,4.408834
Clang 17,after,Geo2,line_predicate,8193,40000,3.307167
Clang 17,after,Friend,line_predicate,8193,40000,3.559708
Clang 17,after,Geo2,diameter2,8193,30,0.746166
Clang 17,after,Friend,diameter2,8193,30,1.209
Clang 17,after,Geo2,area2_cached_vs_scan,8193,1000,2.486334
Clang 17,after,Friend,area2_cached_vs_scan,8193,1000,0.001125
Clang 17,after,Geo2,build_and_area_parabola,60001,10,22.684041
Clang 17,after,Friend,build_and_area_parabola,60001,10,25.239625
Clang 17,after,Geo2,location,60001,40000,2.420833
Clang 17,after,Friend,location,60001,40000,4.501333
Clang 17,after,Geo2,tangents_original,60001,40000,3.651208
Clang 17,after,Friend,tangents_original,60001,40000,5.979959
Clang 17,after,Geo2,tangents_fast,60001,40000,3.650417
Clang 17,after,Friend,tangents_fast,60001,40000,7.039125
Clang 17,after,Geo2,line_predicate,60001,40000,4.058291
Clang 17,after,Friend,line_predicate,60001,40000,3.332667
Clang 17,after,Geo2,diameter2,60001,30,5.468834
Clang 17,after,Friend,diameter2,60001,30,8.593375
Clang 17,after,Geo2,area2_cached_vs_scan,60001,1000,18.743833
Clang 17,after,Friend,area2_cached_vs_scan,60001,1000,0.001042
Clang 17,after,Geo2,build_and_area_random,1024,10,0.1425
Clang 17,after,Friend,build_and_area_random,1024,10,0.107416
Clang 17,after,Geo2,build_and_area_random,8192,10,2.115708
Clang 17,after,Friend,build_and_area_random,8192,10,1.762333
Clang 17,after,Geo2,build_and_area_random,65536,10,31.823708
Clang 17,after,Friend,build_and_area_random,65536,10,34.545833
GCC 15.2,before,Geo2,build_and_area_parabola,1025,10,0.155
GCC 15.2,before,Friend,build_and_area_parabola,1025,10,0.114
GCC 15.2,before,Geo2,location,1025,40000,1.623
GCC 15.2,before,Friend,location,1025,40000,1.77
GCC 15.2,before,Geo2,tangents_original,1025,40000,2.22
GCC 15.2,before,Friend,tangents_original,1025,40000,3.09
GCC 15.2,before,Geo2,tangents_fast,1025,40000,2.1
GCC 15.2,before,Friend,tangents_fast,1025,40000,2.293
GCC 15.2,before,Geo2,line_predicate,1025,40000,3.028
GCC 15.2,before,Friend,line_predicate,1025,40000,2.526
GCC 15.2,before,Geo2,diameter2,1025,30,0.08
GCC 15.2,before,Friend,diameter2,1025,30,0.14
GCC 15.2,before,Geo2,area2_cached_vs_scan,1025,1000,0.367
GCC 15.2,before,Friend,area2_cached_vs_scan,1025,1000,0.001
GCC 15.2,before,Geo2,build_and_area_parabola,8193,10,2.284
GCC 15.2,before,Friend,build_and_area_parabola,8193,10,1.213
GCC 15.2,before,Geo2,location,8193,40000,2.13
GCC 15.2,before,Friend,location,8193,40000,2.431
GCC 15.2,before,Geo2,tangents_original,8193,40000,2.942
GCC 15.2,before,Friend,tangents_original,8193,40000,5.027
GCC 15.2,before,Geo2,tangents_fast,8193,40000,2.923
GCC 15.2,before,Friend,tangents_fast,8193,40000,3.498
GCC 15.2,before,Geo2,line_predicate,8193,40000,3.907
GCC 15.2,before,Friend,line_predicate,8193,40000,3.683
GCC 15.2,before,Geo2,diameter2,8193,30,0.634
GCC 15.2,before,Friend,diameter2,8193,30,1.184
GCC 15.2,before,Geo2,area2_cached_vs_scan,8193,1000,2.983
GCC 15.2,before,Friend,area2_cached_vs_scan,8193,1000,0.001
GCC 15.2,before,Geo2,build_and_area_parabola,60001,10,25.064
GCC 15.2,before,Friend,build_and_area_parabola,60001,10,21.526
GCC 15.2,before,Geo2,location,60001,40000,2.717
GCC 15.2,before,Friend,location,60001,40000,3.187
GCC 15.2,before,Geo2,tangents_original,60001,40000,3.857
GCC 15.2,before,Friend,tangents_original,60001,40000,5.763
GCC 15.2,before,Geo2,tangents_fast,60001,40000,3.874
GCC 15.2,before,Friend,tangents_fast,60001,40000,5.245
GCC 15.2,before,Geo2,line_predicate,60001,40000,4.821
GCC 15.2,before,Friend,line_predicate,60001,40000,3.423
GCC 15.2,before,Geo2,diameter2,60001,30,4.619
GCC 15.2,before,Friend,diameter2,60001,30,7.957
GCC 15.2,before,Geo2,area2_cached_vs_scan,60001,1000,21.825
GCC 15.2,before,Friend,area2_cached_vs_scan,60001,1000,0.001
GCC 15.2,before,Geo2,build_and_area_random,1024,10,0.156
GCC 15.2,before,Friend,build_and_area_random,1024,10,0.13
GCC 15.2,before,Geo2,build_and_area_random,8192,10,2.736
GCC 15.2,before,Friend,build_and_area_random,8192,10,2.142
GCC 15.2,before,Geo2,build_and_area_random,65536,10,33.65
GCC 15.2,before,Friend,build_and_area_random,65536,10,29.863
GCC 15.2,after,Geo2,build_and_area_parabola,1025,10,0.16
GCC 15.2,after,Friend,build_and_area_parabola,1025,10,0.118
GCC 15.2,after,Geo2,location,1025,40000,1.737
GCC 15.2,after,Friend,location,1025,40000,1.785
GCC 15.2,after,Geo2,tangents_original,1025,40000,2.143
GCC 15.2,after,Friend,tangents_original,1025,40000,3.061
GCC 15.2,after,Geo2,tangents_fast,1025,40000,2.101
GCC 15.2,after,Friend,tangents_fast,1025,40000,2.314
GCC 15.2,after,Geo2,line_predicate,1025,40000,1.5
GCC 15.2,after,Friend,line_predicate,1025,40000,2.516
GCC 15.2,after,Geo2,diameter2,1025,30,0.08
GCC 15.2,after,Friend,diameter2,1025,30,0.138
GCC 15.2,after,Geo2,area2_cached_vs_scan,1025,1000,0.367
GCC 15.2,after,Friend,area2_cached_vs_scan,1025,1000,0.001
GCC 15.2,after,Geo2,build_and_area_parabola,8193,10,2.195
GCC 15.2,after,Friend,build_and_area_parabola,8193,10,1.239
GCC 15.2,after,Geo2,location,8193,40000,2.13
GCC 15.2,after,Friend,location,8193,40000,2.448
GCC 15.2,after,Geo2,tangents_original,8193,40000,2.87
GCC 15.2,after,Friend,tangents_original,8193,40000,5.078
GCC 15.2,after,Geo2,tangents_fast,8193,40000,2.944
GCC 15.2,after,Friend,tangents_fast,8193,40000,3.523
GCC 15.2,after,Geo2,line_predicate,8193,40000,2.007
GCC 15.2,after,Friend,line_predicate,8193,40000,3.577
GCC 15.2,after,Geo2,diameter2,8193,30,0.635
GCC 15.2,after,Friend,diameter2,8193,30,1.12
GCC 15.2,after,Geo2,area2_cached_vs_scan,8193,1000,2.988
GCC 15.2,after,Friend,area2_cached_vs_scan,8193,1000,0.001
GCC 15.2,after,Geo2,build_and_area_parabola,60001,10,24.282
GCC 15.2,after,Friend,build_and_area_parabola,60001,10,21.267
GCC 15.2,after,Geo2,location,60001,40000,2.811
GCC 15.2,after,Friend,location,60001,40000,3.227
GCC 15.2,after,Geo2,tangents_original,60001,40000,3.842
GCC 15.2,after,Friend,tangents_original,60001,40000,5.793
GCC 15.2,after,Geo2,tangents_fast,60001,40000,3.938
GCC 15.2,after,Friend,tangents_fast,60001,40000,5.226
GCC 15.2,after,Geo2,line_predicate,60001,40000,2.545
GCC 15.2,after,Friend,line_predicate,60001,40000,3.408
GCC 15.2,after,Geo2,diameter2,60001,30,4.64
GCC 15.2,after,Friend,diameter2,60001,30,8.014
GCC 15.2,after,Geo2,area2_cached_vs_scan,60001,1000,22.013
GCC 15.2,after,Friend,area2_cached_vs_scan,60001,1000,0.001
GCC 15.2,after,Geo2,build_and_area_random,1024,10,0.163
GCC 15.2,after,Friend,build_and_area_random,1024,10,0.129
GCC 15.2,after,Geo2,build_and_area_random,8192,10,2.074
GCC 15.2,after,Friend,build_and_area_random,8192,10,1.607
GCC 15.2,after,Geo2,build_and_area_random,65536,10,32.68
GCC 15.2,after,Friend,build_and_area_random,65536,10,29.575
