compiler,implementation,operation,n,repeats,median_ms
Clang 17,Geo2,line_predicate_public,1024,40000,2.483083
Clang 17,KACTL,line_predicate_public,1024,40000,6.087708
Clang 17,Geo2,line_predicate_kernel,1024,40000,2.3995
Clang 17,KACTL-adapted,line_predicate_kernel,1024,40000,2.066458
Clang 17,Geo2,near_line_disjoint,1024,40000,2.993542
Clang 17,KACTL-adapted,near_line_disjoint,1024,40000,1.925084
Clang 17,Geo2,line_predicate_public,8192,40000,3.598583
Clang 17,KACTL,line_predicate_public,8192,40000,13.538459
Clang 17,Geo2,line_predicate_kernel,8192,40000,3.588959
Clang 17,KACTL-adapted,line_predicate_kernel,8192,40000,8.775333
Clang 17,Geo2,near_line_disjoint,8192,40000,4.620792
Clang 17,KACTL-adapted,near_line_disjoint,8192,40000,9.510583
Clang 17,Geo2,line_predicate_public,65536,40000,6.78225
Clang 17,KACTL,line_predicate_public,65536,40000,24.005042
Clang 17,Geo2,line_predicate_kernel,65536,40000,6.795084
Clang 17,KACTL-adapted,line_predicate_kernel,65536,40000,16.056875
Clang 17,Geo2,near_line_disjoint,65536,40000,9.087083
Clang 17,KACTL-adapted,near_line_disjoint,65536,40000,16.052208
Clang 17,Geo2,diameter_public,1025,30,0.097583
Clang 17,KACTL,diameter_public,1025,30,0.123792
Clang 17,Geo2,diameter_kernel,1025,30,0.096917
Clang 17,KACTL-adapted,diameter_kernel,1025,30,0.125375
Clang 17,Geo2,diameter_public,8193,30,0.74
Clang 17,KACTL,diameter_public,8193,30,1.013542
Clang 17,Geo2,diameter_kernel,8193,30,0.741625
Clang 17,KACTL-adapted,diameter_kernel,8193,30,0.967708
Clang 17,Geo2,diameter_public,60001,30,5.389167
Clang 17,KACTL,diameter_public,60001,30,7.648917
Clang 17,Geo2,diameter_kernel,60001,30,5.46975
Clang 17,KACTL-adapted,diameter_kernel,60001,30,7.282209
Clang 17,Geo2,segment_intersection,40000,40000,0.209167
Clang 17,KACTL,segment_intersection,40000,40000,2.079667
GCC 15.2,Geo2,line_predicate_public,1024,40000,2.017
GCC 15.2,KACTL,line_predicate_public,1024,40000,5.71
GCC 15.2,Geo2,line_predicate_kernel,1024,40000,2.001
GCC 15.2,KACTL-adapted,line_predicate_kernel,1024,40000,2.089
GCC 15.2,Geo2,near_line_disjoint,1024,40000,2.42
GCC 15.2,KACTL-adapted,near_line_disjoint,1024,40000,2.031
GCC 15.2,Geo2,line_predicate_public,8192,40000,3.004
GCC 15.2,KACTL,line_predicate_public,8192,40000,11.553
GCC 15.2,Geo2,line_predicate_kernel,8192,40000,3.039
GCC 15.2,KACTL-adapted,line_predicate_kernel,8192,40000,7.408
GCC 15.2,Geo2,near_line_disjoint,8192,40000,3.53
GCC 15.2,KACTL-adapted,near_line_disjoint,8192,40000,7.865
GCC 15.2,Geo2,line_predicate_public,65536,40000,6.055
GCC 15.2,KACTL,line_predicate_public,65536,40000,17.683
GCC 15.2,Geo2,line_predicate_kernel,65536,40000,5.974
GCC 15.2,KACTL-adapted,line_predicate_kernel,65536,40000,12.593
GCC 15.2,Geo2,near_line_disjoint,65536,40000,7.271
GCC 15.2,KACTL-adapted,near_line_disjoint,65536,40000,14.17
GCC 15.2,Geo2,diameter_public,1025,30,0.072
GCC 15.2,KACTL,diameter_public,1025,30,0.127
GCC 15.2,Geo2,diameter_kernel,1025,30,0.08
GCC 15.2,KACTL-adapted,diameter_kernel,1025,30,0.116
GCC 15.2,Geo2,diameter_public,8193,30,0.624
GCC 15.2,KACTL,diameter_public,8193,30,1.079
GCC 15.2,Geo2,diameter_kernel,8193,30,0.61
GCC 15.2,KACTL-adapted,diameter_kernel,8193,30,0.918
GCC 15.2,Geo2,diameter_public,60001,30,4.587
GCC 15.2,KACTL,diameter_public,60001,30,7.979
GCC 15.2,Geo2,diameter_kernel,60001,30,4.644
GCC 15.2,KACTL-adapted,diameter_kernel,60001,30,7.194
GCC 15.2,Geo2,segment_intersection,40000,40000,0.123
GCC 15.2,KACTL,segment_intersection,40000,40000,2.126
