compiler,operation,n,repeats,median_ms
Clang 17,boundary_dense,1024,20,0.046
Clang 17,boundary_sparse,1024,20,0.037
Clang 17,inter_predicate,1024,40000,2.747
Clang 17,near_line,1024,40000,2.989
Clang 17,tangents,1024,40000,0.728
Clang 17,calipers,1024,20,0.202
Clang 17,near_convex,1024,20,0.257
Clang 17,inter_convex_predicate,1024,20,0.252
Clang 17,minkowski,1024,20,0.355
Clang 17,convex_intersection,1024,20,0.562
Clang 17,circle_polygon_area,1024,20,0.106
Clang 17,boundary_dense,8192,20,0.409
Clang 17,boundary_sparse,8192,20,0.32
Clang 17,inter_predicate,8192,40000,4.129
Clang 17,near_line,8192,40000,4.48
Clang 17,tangents,8192,40000,3.26
Clang 17,calipers,8192,20,1.693
Clang 17,near_convex,8192,20,1.745
Clang 17,inter_convex_predicate,8192,20,1.757
Clang 17,minkowski,8192,20,2.472
Clang 17,convex_intersection,8192,20,5.452
Clang 17,circle_polygon_area,8192,20,0.808
Clang 17,boundary_dense,65536,20,3.135
Clang 17,boundary_sparse,65536,20,2.305
Clang 17,inter_predicate,65536,40000,8.071
Clang 17,near_line,65536,40000,8.435
Clang 17,tangents,65536,40000,5.754
Clang 17,calipers,65536,20,30.534
Clang 17,near_convex,65536,20,11.38
Clang 17,inter_convex_predicate,65536,20,12.046
Clang 17,minkowski,65536,20,18.84
Clang 17,convex_intersection,65536,20,51.46
Clang 17,circle_polygon_area,65536,20,6.509
GCC 15.2,boundary_dense,1024,20,0.058
GCC 15.2,boundary_sparse,1024,20,0.044
GCC 15.2,inter_predicate,1024,40000,2.526
GCC 15.2,near_line,1024,40000,2.762
GCC 15.2,tangents,1024,40000,1.866
GCC 15.2,calipers,1024,20,0.241
GCC 15.2,near_convex,1024,20,0.232
GCC 15.2,inter_convex_predicate,1024,20,0.216
GCC 15.2,minkowski,1024,20,0.342
GCC 15.2,convex_intersection,1024,20,0.7
GCC 15.2,circle_polygon_area,1024,20,0.095
GCC 15.2,boundary_dense,8192,20,0.506
GCC 15.2,boundary_sparse,8192,20,0.368
GCC 15.2,inter_predicate,8192,40000,3.886
GCC 15.2,near_line,8192,40000,3.919
GCC 15.2,tangents,8192,40000,7.125
GCC 15.2,calipers,8192,20,2.267
GCC 15.2,near_convex,8192,20,1.627
GCC 15.2,inter_convex_predicate,8192,20,1.58
GCC 15.2,minkowski,8192,20,2.583
GCC 15.2,convex_intersection,8192,20,6.764
GCC 15.2,circle_polygon_area,8192,20,0.739
GCC 15.2,boundary_dense,65536,20,3.836
GCC 15.2,boundary_sparse,65536,20,2.733
GCC 15.2,inter_predicate,65536,40000,7.619
GCC 15.2,near_line,65536,40000,8.283
GCC 15.2,tangents,65536,40000,12.406
GCC 15.2,calipers,65536,20,32.711
GCC 15.2,near_convex,65536,20,12.844
GCC 15.2,inter_convex_predicate,65536,20,12.343
GCC 15.2,minkowski,65536,20,21.277
GCC 15.2,convex_intersection,65536,20,62.97
GCC 15.2,circle_polygon_area,65536,20,5.886
