profile,operation,n,repeats,before_ms,after_ms,speedup
Clang 17,boundary_dense,1024,20,0.042,0.043,0.9767441860465118
Clang 17,boundary_sparse,1024,20,0.034,0.034,1.0
Clang 17,inter_predicate,1024,40000,2.676,2.736,0.9780701754385964
Clang 17,near_line,1024,40000,2.921,2.974,0.9821788836583725
Clang 17,tangents,1024,40000,0.778,0.727,1.0701513067400277
Clang 17,calipers,1024,20,0.2,0.199,1.0050251256281406
Clang 17,near_convex,1024,20,0.253,0.24,1.0541666666666667
Clang 17,inter_convex_predicate,1024,20,0.244,0.247,0.9878542510121457
Clang 17,minkowski,1024,20,0.345,0.342,1.0087719298245612
Clang 17,convex_intersection,1024,20,0.567,0.567,1.0
Clang 17,circle_polygon_area,1024,20,0.106,0.105,1.0095238095238095
Clang 17,boundary_dense,8192,20,0.411,0.4,1.0274999999999999
Clang 17,boundary_sparse,8192,20,0.31,0.309,1.0032362459546926
Clang 17,inter_predicate,8192,40000,4.013,4.033,0.995040912472105
Clang 17,near_line,8192,40000,4.402,4.394,1.001820664542558
Clang 17,tangents,8192,40000,2.914,2.944,0.9898097826086957
Clang 17,calipers,8192,20,2.065,2.104,0.9814638783269961
Clang 17,near_convex,8192,20,1.743,1.73,1.0075144508670522
Clang 17,inter_convex_predicate,8192,20,1.753,1.793,0.9776910206358059
Clang 17,minkowski,8192,20,2.616,2.555,1.0238747553816048
Clang 17,convex_intersection,8192,20,5.447,5.304,1.0269607843137254
Clang 17,circle_polygon_area,8192,20,0.826,0.818,1.0097799511002445
Clang 17,boundary_dense,65536,20,3.195,3.163,1.0101169775529562
Clang 17,boundary_sparse,65536,20,2.329,2.321,1.003446790176648
Clang 17,inter_predicate,65536,40000,7.878,7.863,1.0019076688286912
Clang 17,near_line,65536,40000,8.347,8.379,0.9961809285117555
Clang 17,tangents,65536,40000,5.651,5.645,1.0010628875110719
Clang 17,calipers,65536,20,31.157,30.293,1.0285214405968375
Clang 17,near_convex,65536,20,11.453,11.54,0.9924610051993068
Clang 17,inter_convex_predicate,65536,20,11.66,11.567,1.0080401141177489
Clang 17,minkowski,65536,20,18.765,18.377,1.021113348206998
Clang 17,convex_intersection,65536,20,50.696,51.087,0.9923463894924344
Clang 17,circle_polygon_area,65536,20,6.546,6.568,0.996650426309379
GCC 15.2,boundary_dense,1024,20,0.06,0.062,0.9677419354838709
GCC 15.2,boundary_sparse,1024,20,0.044,0.047,0.9361702127659574
GCC 15.2,inter_predicate,1024,40000,2.509,2.553,0.9827653740697219
GCC 15.2,near_line,1024,40000,2.659,2.751,0.9665576154125772
GCC 15.2,tangents,1024,40000,1.613,1.609,1.002486016159105
GCC 15.2,calipers,1024,20,0.235,0.243,0.9670781893004115
GCC 15.2,near_convex,1024,20,0.221,0.228,0.9692982456140351
GCC 15.2,inter_convex_predicate,1024,20,0.213,0.212,1.0047169811320755
GCC 15.2,minkowski,1024,20,0.326,0.331,0.9848942598187311
GCC 15.2,convex_intersection,1024,20,0.678,0.666,1.018018018018018
GCC 15.2,circle_polygon_area,1024,20,0.094,0.087,1.0804597701149425
GCC 15.2,boundary_dense,8192,20,0.496,0.482,1.029045643153527
GCC 15.2,boundary_sparse,8192,20,0.359,0.351,1.0227920227920229
GCC 15.2,inter_predicate,8192,40000,3.718,3.653,1.0177935943060499
GCC 15.2,near_line,8192,40000,3.878,3.817,1.015981137018601
GCC 15.2,tangents,8192,40000,7.678,7.084,1.0838509316770186
GCC 15.2,calipers,8192,20,2.262,2.262,1.0
GCC 15.2,near_convex,8192,20,1.678,1.667,1.006598680263947
GCC 15.2,inter_convex_predicate,8192,20,1.59,1.589,1.0006293266205162
GCC 15.2,minkowski,8192,20,2.584,2.6,0.9938461538461538
GCC 15.2,convex_intersection,8192,20,6.562,6.51,1.0079877112135178
GCC 15.2,circle_polygon_area,8192,20,0.733,0.732,1.0013661202185793
GCC 15.2,boundary_dense,65536,20,3.804,3.888,0.9783950617283951
GCC 15.2,boundary_sparse,65536,20,2.711,2.702,1.0033308660251665
GCC 15.2,inter_predicate,65536,40000,7.399,7.395,1.0005409060175796
GCC 15.2,near_line,65536,40000,7.964,8.098,0.9834527043714497
GCC 15.2,tangents,65536,40000,12.233,12.735,0.9605810757754222
GCC 15.2,calipers,65536,20,32.876,33.709,0.9752884986205462
GCC 15.2,near_convex,65536,20,12.923,12.821,1.007955697683488
GCC 15.2,inter_convex_predicate,65536,20,12.315,12.331,0.9987024572216365
GCC 15.2,minkowski,65536,20,21.027,21.064,0.9982434485377897
GCC 15.2,convex_intersection,65536,20,58.741,60.46,0.9715679788289778
GCC 15.2,circle_polygon_area,65536,20,5.877,5.88,0.9994897959183673
