type,n,distribution,bits,algorithm,round,ns
int,16,positive22,22,current8,1,46.875
int,16,positive22,22,stdSort,1,62.500
int,16,positive22,22,adaptive,1,62.500
int,16,positive22,22,adaptive,2,78.125
int,16,positive22,22,current8,2,78.125
int,16,positive22,22,stdSort,2,46.875
int,16,positive22,22,adaptive,3,62.500
int,16,positive22,22,stdSort,3,78.125
int,16,positive22,22,current8,3,62.500
int,16,positive22,22,current8,4,62.500
int,16,positive22,22,adaptive,4,46.875
int,16,positive22,22,stdSort,4,62.500
int,16,positive22,22,stdSort,5,46.875
int,16,positive22,22,current8,5,46.875
int,16,positive22,22,adaptive,5,62.500
int,16,signed16,16,stdSort,1,62.500
int,16,signed16,16,adaptive,1,46.875
int,16,signed16,16,current8,1,31.250
int,16,signed16,16,stdSort,2,62.500
int,16,signed16,16,adaptive,2,62.500
int,16,signed16,16,current8,2,78.125
int,16,signed16,16,adaptive,3,31.250
int,16,signed16,16,stdSort,3,62.500
int,16,signed16,16,current8,3,93.750
int,16,signed16,16,adaptive,4,46.875
int,16,signed16,16,stdSort,4,62.500
int,16,signed16,16,current8,4,78.125
int,16,signed16,16,stdSort,5,62.500
int,16,signed16,16,adaptive,5,46.875
int,16,signed16,16,current8,5,62.500
int,16,full,32,adaptive,1,46.875
int,16,full,32,stdSort,1,46.875
int,16,full,32,current8,1,31.250
int,16,full,32,stdSort,2,31.250
int,16,full,32,current8,2,46.875
int,16,full,32,adaptive,2,62.500
int,16,full,32,current8,3,62.500
int,16,full,32,stdSort,3,15.625
int,16,full,32,adaptive,3,15.625
int,16,full,32,current8,4,46.875
int,16,full,32,stdSort,4,46.875
int,16,full,32,adaptive,4,31.250
int,16,full,32,stdSort,5,46.875
int,16,full,32,current8,5,46.875
int,16,full,32,adaptive,5,46.875
int,16,few,4,stdSort,1,46.875
int,16,few,4,current8,1,46.875
int,16,few,4,adaptive,1,46.875
int,16,few,4,stdSort,2,15.625
int,16,few,4,current8,2,15.625
int,16,few,4,adaptive,2,31.250
int,16,few,4,stdSort,3,46.875
int,16,few,4,current8,3,62.500
int,16,few,4,adaptive,3,31.250
int,16,few,4,adaptive,4,78.125
int,16,few,4,stdSort,4,62.500
int,16,few,4,current8,4,31.250
int,16,few,4,stdSort,5,62.500
int,16,few,4,adaptive,5,78.125
int,16,few,4,current8,5,46.875
int,16,reverse,4,stdSort,1,125.000
int,16,reverse,4,current8,1,109.375
int,16,reverse,4,adaptive,1,31.250
int,16,reverse,4,stdSort,2,109.375
int,16,reverse,4,adaptive,2,31.250
int,16,reverse,4,current8,2,125.000
int,16,reverse,4,current8,3,109.375
int,16,reverse,4,stdSort,3,93.750
int,16,reverse,4,adaptive,3,31.250
int,16,reverse,4,current8,4,109.375
int,16,reverse,4,stdSort,4,93.750
int,16,reverse,4,adaptive,4,31.250
int,16,reverse,4,adaptive,5,15.625
int,16,reverse,4,current8,5,109.375
int,16,reverse,4,stdSort,5,109.375
int,64,positive22,22,stdSort,1,390.625
int,64,positive22,22,current8,1,343.750
int,64,positive22,22,adaptive,1,359.375
int,64,positive22,22,stdSort,2,390.625
int,64,positive22,22,current8,2,328.125
int,64,positive22,22,adaptive,2,312.500
int,64,positive22,22,current8,3,359.375
int,64,positive22,22,stdSort,3,343.750
int,64,positive22,22,adaptive,3,390.625
int,64,positive22,22,adaptive,4,359.375
int,64,positive22,22,stdSort,4,343.750
int,64,positive22,22,current8,4,343.750
int,64,positive22,22,stdSort,5,390.625
int,64,positive22,22,current8,5,343.750
int,64,positive22,22,adaptive,5,390.625
int,64,signed16,16,stdSort,1,312.500
int,64,signed16,16,adaptive,1,406.250
int,64,signed16,16,current8,1,375.000
int,64,signed16,16,current8,2,359.375
int,64,signed16,16,adaptive,2,359.375
int,64,signed16,16,stdSort,2,359.375
int,64,signed16,16,adaptive,3,265.625
int,64,signed16,16,current8,3,328.125
int,64,signed16,16,stdSort,3,312.500
int,64,signed16,16,adaptive,4,312.500
int,64,signed16,16,current8,4,328.125
int,64,signed16,16,stdSort,4,281.250
int,64,signed16,16,stdSort,5,265.625
int,64,signed16,16,current8,5,359.375
int,64,signed16,16,adaptive,5,312.500
int,64,full,32,stdSort,1,265.625
int,64,full,32,current8,1,296.875
int,64,full,32,adaptive,1,328.125
int,64,full,32,stdSort,2,375.000
int,64,full,32,adaptive,2,328.125
int,64,full,32,current8,2,312.500
int,64,full,32,current8,3,328.125
int,64,full,32,stdSort,3,328.125
int,64,full,32,adaptive,3,375.000
int,64,full,32,stdSort,4,265.625
int,64,full,32,current8,4,328.125
int,64,full,32,adaptive,4,296.875
int,64,full,32,adaptive,5,328.125
int,64,full,32,current8,5,296.875
int,64,full,32,stdSort,5,296.875
int,64,few,4,adaptive,1,328.125
int,64,few,4,stdSort,1,343.750
int,64,few,4,current8,1,312.500
int,64,few,4,current8,2,343.750
int,64,few,4,stdSort,2,296.875
int,64,few,4,adaptive,2,343.750
int,64,few,4,stdSort,3,296.875
int,64,few,4,adaptive,3,328.125
int,64,few,4,current8,3,328.125
int,64,few,4,adaptive,4,296.875
int,64,few,4,current8,4,375.000
int,64,few,4,stdSort,4,343.750
int,64,few,4,current8,5,359.375
int,64,few,4,adaptive,5,406.250
int,64,few,4,stdSort,5,359.375
int,64,reverse,6,stdSort,1,171.875
int,64,reverse,6,current8,1,218.750
int,64,reverse,6,adaptive,1,62.500
int,64,reverse,6,stdSort,2,187.500
int,64,reverse,6,adaptive,2,46.875
int,64,reverse,6,current8,2,203.125
int,64,reverse,6,adaptive,3,46.875
int,64,reverse,6,stdSort,3,171.875
int,64,reverse,6,current8,3,218.750
int,64,reverse,6,adaptive,4,46.875
int,64,reverse,6,current8,4,171.875
int,64,reverse,6,stdSort,4,187.500
int,64,reverse,6,current8,5,187.500
int,64,reverse,6,stdSort,5,187.500
int,64,reverse,6,adaptive,5,31.250
int,256,positive22,22,current8,1,1781.250
int,256,positive22,22,adaptive,1,1937.500
int,256,positive22,22,stdSort,1,1812.500
int,256,positive22,22,adaptive,2,1875.000
int,256,positive22,22,stdSort,2,1875.000
int,256,positive22,22,current8,2,1781.250
int,256,positive22,22,current8,3,1781.250
int,256,positive22,22,stdSort,3,1843.750
int,256,positive22,22,adaptive,3,1812.500
int,256,positive22,22,stdSort,4,1781.250
int,256,positive22,22,adaptive,4,1937.500
int,256,positive22,22,current8,4,1750.000
int,256,positive22,22,adaptive,5,1937.500
int,256,positive22,22,current8,5,1843.750
int,256,positive22,22,stdSort,5,1812.500
int,256,signed16,16,adaptive,1,1343.750
int,256,signed16,16,current8,1,2125.000
int,256,signed16,16,stdSort,1,2031.250
int,256,signed16,16,current8,2,2000.000
int,256,signed16,16,adaptive,2,1375.000
int,256,signed16,16,stdSort,2,2000.000
int,256,signed16,16,stdSort,3,2000.000
int,256,signed16,16,current8,3,2093.750
int,256,signed16,16,adaptive,3,1375.000
int,256,signed16,16,current8,4,2031.250
int,256,signed16,16,adaptive,4,1343.750
int,256,signed16,16,stdSort,4,2000.000
int,256,signed16,16,stdSort,5,2000.000
int,256,signed16,16,adaptive,5,1375.000
int,256,signed16,16,current8,5,2125.000
int,256,full,32,adaptive,1,2500.000
int,256,full,32,stdSort,1,2000.000
int,256,full,32,current8,1,1843.750
int,256,full,32,stdSort,2,2000.000
int,256,full,32,adaptive,2,2312.500
int,256,full,32,current8,2,2000.000
int,256,full,32,current8,3,1781.250
int,256,full,32,stdSort,3,2000.000
int,256,full,32,adaptive,3,2375.000
int,256,full,32,current8,4,2031.250
int,256,full,32,stdSort,4,1968.750
int,256,full,32,adaptive,4,2406.250
int,256,full,32,adaptive,5,2468.750
int,256,full,32,stdSort,5,1968.750
int,256,full,32,current8,5,2093.750
int,256,few,4,current8,1,1687.500
int,256,few,4,stdSort,1,1750.000
int,256,few,4,adaptive,1,1125.000
int,256,few,4,current8,2,1718.750
int,256,few,4,adaptive,2,1156.250
int,256,few,4,stdSort,2,1687.500
int,256,few,4,current8,3,1656.250
int,256,few,4,stdSort,3,1750.000
int,256,few,4,adaptive,3,1062.500
int,256,few,4,adaptive,4,1218.750
int,256,few,4,current8,4,1750.000
int,256,few,4,stdSort,4,1687.500
int,256,few,4,stdSort,5,1687.500
int,256,few,4,adaptive,5,1125.000
int,256,few,4,current8,5,1781.250
int,256,reverse,8,current8,1,1031.250
int,256,reverse,8,stdSort,1,937.500
int,256,reverse,8,adaptive,1,156.250
int,256,reverse,8,current8,2,968.750
int,256,reverse,8,stdSort,2,968.750
int,256,reverse,8,adaptive,2,250.000
int,256,reverse,8,current8,3,937.500
int,256,reverse,8,adaptive,3,156.250
int,256,reverse,8,stdSort,3,1000.000
int,256,reverse,8,current8,4,968.750
int,256,reverse,8,stdSort,4,906.250
int,256,reverse,8,adaptive,4,218.750
int,256,reverse,8,stdSort,5,937.500
int,256,reverse,8,adaptive,5,250.000
int,256,reverse,8,current8,5,1000.000
int,512,positive22,22,current8,1,4000.000
int,512,positive22,22,stdSort,1,4000.000
int,512,positive22,22,adaptive,1,3000.000
int,512,positive22,22,adaptive,2,3000.000
int,512,positive22,22,stdSort,2,3875.000
int,512,positive22,22,current8,2,3750.000
int,512,positive22,22,adaptive,3,3000.000
int,512,positive22,22,stdSort,3,4062.500
int,512,positive22,22,current8,3,3750.000
int,512,positive22,22,adaptive,4,3000.000
int,512,positive22,22,stdSort,4,4000.000
int,512,positive22,22,current8,4,4000.000
int,512,positive22,22,current8,5,4000.000
int,512,positive22,22,stdSort,5,4000.000
int,512,positive22,22,adaptive,5,2937.500
int,512,signed16,16,current8,1,3937.500
int,512,signed16,16,adaptive,1,2062.500
int,512,signed16,16,stdSort,1,4125.000
int,512,signed16,16,current8,2,3750.000
int,512,signed16,16,stdSort,2,4000.000
int,512,signed16,16,adaptive,2,2000.000
int,512,signed16,16,current8,3,4000.000
int,512,signed16,16,stdSort,3,3875.000
int,512,signed16,16,adaptive,3,2125.000
int,512,signed16,16,stdSort,4,3937.500
int,512,signed16,16,adaptive,4,2187.500
int,512,signed16,16,current8,4,3937.500
int,512,signed16,16,adaptive,5,2125.000
int,512,signed16,16,stdSort,5,3937.500
int,512,signed16,16,current8,5,4000.000
int,512,full,32,adaptive,1,3250.000
int,512,full,32,current8,1,4000.000
int,512,full,32,stdSort,1,3812.500
int,512,full,32,adaptive,2,3500.000
int,512,full,32,current8,2,3937.500
int,512,full,32,stdSort,2,3625.000
int,512,full,32,current8,3,3437.500
int,512,full,32,adaptive,3,3250.000
int,512,full,32,stdSort,3,3625.000
int,512,full,32,current8,4,4000.000
int,512,full,32,stdSort,4,4000.000
int,512,full,32,adaptive,4,3562.500
int,512,full,32,current8,5,4062.500
int,512,full,32,stdSort,5,4000.000
int,512,full,32,adaptive,5,3250.000
int,512,few,4,current8,1,3250.000
int,512,few,4,stdSort,1,3375.000
int,512,few,4,adaptive,1,1750.000
int,512,few,4,adaptive,2,1750.000
int,512,few,4,current8,2,3250.000
int,512,few,4,stdSort,2,3312.500
int,512,few,4,adaptive,3,1750.000
int,512,few,4,stdSort,3,3250.000
int,512,few,4,current8,3,3375.000
int,512,few,4,adaptive,4,1812.500
int,512,few,4,current8,4,3250.000
int,512,few,4,stdSort,4,3375.000
int,512,few,4,adaptive,5,1687.500
int,512,few,4,current8,5,3312.500
int,512,few,4,stdSort,5,3437.500
int,512,reverse,9,stdSort,1,2187.500
int,512,reverse,9,current8,1,2312.500
int,512,reverse,9,adaptive,1,312.500
int,512,reverse,9,current8,2,2312.500
int,512,reverse,9,adaptive,2,312.500
int,512,reverse,9,stdSort,2,2125.000
int,512,reverse,9,stdSort,3,2187.500
int,512,reverse,9,current8,3,2250.000
int,512,reverse,9,adaptive,3,312.500
int,512,reverse,9,stdSort,4,2187.500
int,512,reverse,9,adaptive,4,312.500
int,512,reverse,9,current8,4,2250.000
int,512,reverse,9,current8,5,2125.000
int,512,reverse,9,stdSort,5,2250.000
int,512,reverse,9,adaptive,5,250.000
int,1024,positive22,22,stdSort,1,9375.000
int,1024,positive22,22,adaptive,1,5000.000
int,1024,positive22,22,current8,1,7375.000
int,1024,positive22,22,current8,2,8250.000
int,1024,positive22,22,stdSort,2,9000.000
int,1024,positive22,22,adaptive,2,5500.000
int,1024,positive22,22,current8,3,7125.000
int,1024,positive22,22,stdSort,3,8500.000
int,1024,positive22,22,adaptive,3,5125.000
int,1024,positive22,22,adaptive,4,5250.000
int,1024,positive22,22,current8,4,6750.000
int,1024,positive22,22,stdSort,4,8875.000
int,1024,positive22,22,current8,5,6875.000
int,1024,positive22,22,stdSort,5,8375.000
int,1024,positive22,22,adaptive,5,5125.000
int,1024,signed16,16,stdSort,1,8375.000
int,1024,signed16,16,adaptive,1,3375.000
int,1024,signed16,16,current8,1,14000.000
int,1024,signed16,16,stdSort,2,8250.000
int,1024,signed16,16,adaptive,2,4000.000
int,1024,signed16,16,current8,2,13875.000
int,1024,signed16,16,adaptive,3,3875.000
int,1024,signed16,16,stdSort,3,9000.000
int,1024,signed16,16,current8,3,14000.000
int,1024,signed16,16,adaptive,4,4000.000
int,1024,signed16,16,stdSort,4,8375.000
int,1024,signed16,16,current8,4,13000.000
int,1024,signed16,16,adaptive,5,4000.000
int,1024,signed16,16,current8,5,14000.000
int,1024,signed16,16,stdSort,5,9000.000
int,1024,full,32,adaptive,1,6125.000
int,1024,full,32,stdSort,1,8750.000
int,1024,full,32,current8,1,4125.000
int,1024,full,32,adaptive,2,5625.000
int,1024,full,32,stdSort,2,7875.000
int,1024,full,32,current8,2,4375.000
int,1024,full,32,current8,3,4375.000
int,1024,full,32,stdSort,3,7750.000
int,1024,full,32,adaptive,3,5875.000
int,1024,full,32,adaptive,4,5500.000
int,1024,full,32,current8,4,4250.000
int,1024,full,32,stdSort,4,7750.000
int,1024,full,32,adaptive,5,5625.000
int,1024,full,32,stdSort,5,7625.000
int,1024,full,32,current8,5,4250.000
int,1024,few,4,adaptive,1,2500.000
int,1024,few,4,stdSort,1,6750.000
int,1024,few,4,current8,1,9375.000
int,1024,few,4,adaptive,2,2500.000
int,1024,few,4,current8,2,9125.000
int,1024,few,4,stdSort,2,6875.000
int,1024,few,4,current8,3,9250.000
int,1024,few,4,adaptive,3,2875.000
int,1024,few,4,stdSort,3,6875.000
int,1024,few,4,current8,4,9375.000
int,1024,few,4,stdSort,4,6875.000
int,1024,few,4,adaptive,4,3125.000
int,1024,few,4,adaptive,5,2750.000
int,1024,few,4,current8,5,9125.000
int,1024,few,4,stdSort,5,6875.000
int,1024,reverse,10,stdSort,1,4750.000
int,1024,reverse,10,adaptive,1,625.000
int,1024,reverse,10,current8,1,8250.000
int,1024,reverse,10,current8,2,8125.000
int,1024,reverse,10,adaptive,2,500.000
int,1024,reverse,10,stdSort,2,4500.000
int,1024,reverse,10,current8,3,8500.000
int,1024,reverse,10,stdSort,3,4625.000
int,1024,reverse,10,adaptive,3,500.000
int,1024,reverse,10,current8,4,8250.000
int,1024,reverse,10,adaptive,4,500.000
int,1024,reverse,10,stdSort,4,5000.000
int,1024,reverse,10,current8,5,8125.000
int,1024,reverse,10,stdSort,5,4375.000
int,1024,reverse,10,adaptive,5,500.000
int,2048,positive22,22,stdSort,1,19250.000
int,2048,positive22,22,adaptive,1,9000.000
int,2048,positive22,22,current8,1,12000.000
int,2048,positive22,22,adaptive,2,8500.000
int,2048,positive22,22,stdSort,2,19000.000
int,2048,positive22,22,current8,2,11500.000
int,2048,positive22,22,stdSort,3,18250.000
int,2048,positive22,22,adaptive,3,8750.000
int,2048,positive22,22,current8,3,11500.000
int,2048,positive22,22,adaptive,4,9000.000
int,2048,positive22,22,current8,4,11000.000
int,2048,positive22,22,stdSort,4,18500.000
int,2048,positive22,22,current8,5,11500.000
int,2048,positive22,22,stdSort,5,19250.000
int,2048,positive22,22,adaptive,5,8500.000
int,2048,signed16,16,stdSort,1,21000.000
int,2048,signed16,16,adaptive,1,6250.000
int,2048,signed16,16,current8,1,24250.000
int,2048,signed16,16,stdSort,2,18250.000
int,2048,signed16,16,adaptive,2,6500.000
int,2048,signed16,16,current8,2,24500.000
int,2048,signed16,16,adaptive,3,6250.000
int,2048,signed16,16,stdSort,3,17750.000
int,2048,signed16,16,current8,3,27250.000
int,2048,signed16,16,stdSort,4,17000.000
int,2048,signed16,16,current8,4,24500.000
int,2048,signed16,16,adaptive,4,5750.000
int,2048,signed16,16,current8,5,24250.000
int,2048,signed16,16,adaptive,5,6000.000
int,2048,signed16,16,stdSort,5,18000.000
int,2048,full,32,stdSort,1,17500.000
int,2048,full,32,adaptive,1,10000.000
int,2048,full,32,current8,1,8000.000
int,2048,full,32,adaptive,2,9750.000
int,2048,full,32,current8,2,7750.000
int,2048,full,32,stdSort,2,17500.000
int,2048,full,32,current8,3,8000.000
int,2048,full,32,stdSort,3,17500.000
int,2048,full,32,adaptive,3,10500.000
int,2048,full,32,current8,4,8000.000
int,2048,full,32,adaptive,4,10000.000
int,2048,full,32,stdSort,4,17500.000
int,2048,full,32,current8,5,7750.000
int,2048,full,32,adaptive,5,10250.000
int,2048,full,32,stdSort,5,17250.000
int,2048,few,4,current8,1,18000.000
int,2048,few,4,adaptive,1,4250.000
int,2048,few,4,stdSort,1,13750.000
int,2048,few,4,current8,2,18250.000
int,2048,few,4,stdSort,2,13750.000
int,2048,few,4,adaptive,2,4500.000
int,2048,few,4,current8,3,17500.000
int,2048,few,4,adaptive,3,4250.000
int,2048,few,4,stdSort,3,13000.000
int,2048,few,4,current8,4,16250.000
int,2048,few,4,adaptive,4,4000.000
int,2048,few,4,stdSort,4,13500.000
int,2048,few,4,current8,5,17000.000
int,2048,few,4,stdSort,5,13000.000
int,2048,few,4,adaptive,5,4250.000
int,2048,reverse,11,stdSort,1,9000.000
int,2048,reverse,11,adaptive,1,1000.000
int,2048,reverse,11,current8,1,13250.000
int,2048,reverse,11,adaptive,2,1000.000
int,2048,reverse,11,stdSort,2,9500.000
int,2048,reverse,11,current8,2,13000.000
int,2048,reverse,11,adaptive,3,1000.000
int,2048,reverse,11,stdSort,3,9000.000
int,2048,reverse,11,current8,3,14000.000
int,2048,reverse,11,adaptive,4,1250.000
int,2048,reverse,11,current8,4,13750.000
int,2048,reverse,11,stdSort,4,9500.000
int,2048,reverse,11,adaptive,5,1000.000
int,2048,reverse,11,stdSort,5,9250.000
int,2048,reverse,11,current8,5,13250.000
int,4096,positive22,22,current8,1,22500.000
int,4096,positive22,22,stdSort,1,53500.000
int,4096,positive22,22,adaptive,1,14000.000
int,4096,positive22,22,adaptive,2,12500.000
int,4096,positive22,22,current8,2,21500.000
int,4096,positive22,22,stdSort,2,43500.000
int,4096,positive22,22,stdSort,3,41000.000
int,4096,positive22,22,adaptive,3,11500.000
int,4096,positive22,22,current8,3,20500.000
int,4096,positive22,22,stdSort,4,40000.000
int,4096,positive22,22,current8,4,20500.000
int,4096,positive22,22,adaptive,4,11500.000
int,4096,positive22,22,stdSort,5,39500.000
int,4096,positive22,22,adaptive,5,12000.000
int,4096,positive22,22,current8,5,20500.000
int,4096,signed16,16,stdSort,1,48000.000
int,4096,signed16,16,current8,1,44000.000
int,4096,signed16,16,adaptive,1,11000.000
int,4096,signed16,16,stdSort,2,38500.000
int,4096,signed16,16,current8,2,45000.000
int,4096,signed16,16,adaptive,2,12000.000
int,4096,signed16,16,current8,3,44500.000
int,4096,signed16,16,adaptive,3,10000.000
int,4096,signed16,16,stdSort,3,37000.000
int,4096,signed16,16,stdSort,4,36000.000
int,4096,signed16,16,adaptive,4,10500.000
int,4096,signed16,16,current8,4,45000.000
int,4096,signed16,16,current8,5,43000.000
int,4096,signed16,16,stdSort,5,36000.000
int,4096,signed16,16,adaptive,5,10500.000
int,4096,full,32,stdSort,1,61000.000
int,4096,full,32,adaptive,1,18500.000
int,4096,full,32,current8,1,14000.000
int,4096,full,32,current8,2,14000.000
int,4096,full,32,stdSort,2,52500.000
int,4096,full,32,adaptive,2,17500.000
int,4096,full,32,stdSort,3,48500.000
int,4096,full,32,adaptive,3,18000.000
int,4096,full,32,current8,3,14000.000
int,4096,full,32,stdSort,4,48000.000
int,4096,full,32,adaptive,4,18000.000
int,4096,full,32,current8,4,15000.000
int,4096,full,32,adaptive,5,17500.000
int,4096,full,32,stdSort,5,47000.000
int,4096,full,32,current8,5,14000.000
int,4096,few,4,stdSort,1,31000.000
int,4096,few,4,current8,1,23000.000
int,4096,few,4,adaptive,1,9000.000
int,4096,few,4,stdSort,2,28000.000
int,4096,few,4,adaptive,2,8000.000
int,4096,few,4,current8,2,36000.000
int,4096,few,4,adaptive,3,8500.000
int,4096,few,4,current8,3,34000.000
int,4096,few,4,stdSort,3,28500.000
int,4096,few,4,current8,4,34000.000
int,4096,few,4,adaptive,4,8000.000
int,4096,few,4,stdSort,4,28000.000
int,4096,few,4,adaptive,5,8000.000
int,4096,few,4,current8,5,33000.000
int,4096,few,4,stdSort,5,28000.000
int,4096,reverse,12,adaptive,1,2000.000
int,4096,reverse,12,stdSort,1,18500.000
int,4096,reverse,12,current8,1,24000.000
int,4096,reverse,12,stdSort,2,19000.000
int,4096,reverse,12,adaptive,2,2000.000
int,4096,reverse,12,current8,2,24000.000
int,4096,reverse,12,current8,3,24000.000
int,4096,reverse,12,adaptive,3,2000.000
int,4096,reverse,12,stdSort,3,18000.000
int,4096,reverse,12,stdSort,4,19000.000
int,4096,reverse,12,current8,4,24000.000
int,4096,reverse,12,adaptive,4,2000.000
int,4096,reverse,12,current8,5,24000.000
int,4096,reverse,12,adaptive,5,2000.000
int,4096,reverse,12,stdSort,5,18000.000
int,16384,positive22,22,stdSort,1,541000.000
int,16384,positive22,22,adaptive,1,57000.000
int,16384,positive22,22,current8,1,80000.000
int,16384,positive22,22,current8,2,79000.000
int,16384,positive22,22,adaptive,2,45000.000
int,16384,positive22,22,stdSort,2,511000.000
int,16384,positive22,22,stdSort,3,498000.000
int,16384,positive22,22,current8,3,81000.000
int,16384,positive22,22,adaptive,3,48000.000
int,16384,positive22,22,adaptive,4,48000.000
int,16384,positive22,22,current8,4,80000.000
int,16384,positive22,22,stdSort,4,480000.000
int,16384,positive22,22,stdSort,5,470000.000
int,16384,positive22,22,adaptive,5,43000.000
int,16384,positive22,22,current8,5,79000.000
int,16384,signed16,16,adaptive,1,49000.000
int,16384,signed16,16,stdSort,1,638000.000
int,16384,signed16,16,current8,1,168000.000
int,16384,signed16,16,current8,2,167000.000
int,16384,signed16,16,stdSort,2,600000.000
int,16384,signed16,16,adaptive,2,57000.000
int,16384,signed16,16,adaptive,3,43000.000
int,16384,signed16,16,current8,3,160000.000
int,16384,signed16,16,stdSort,3,517000.000
int,16384,signed16,16,current8,4,160000.000
int,16384,signed16,16,stdSort,4,480000.000
int,16384,signed16,16,adaptive,4,44000.000
int,16384,signed16,16,current8,5,159000.000
int,16384,signed16,16,adaptive,5,39000.000
int,16384,signed16,16,stdSort,5,457000.000
int,16384,full,32,stdSort,1,570000.000
int,16384,full,32,adaptive,1,70000.000
int,16384,full,32,current8,1,52000.000
int,16384,full,32,current8,2,52000.000
int,16384,full,32,adaptive,2,60000.000
int,16384,full,32,stdSort,2,556000.000
int,16384,full,32,adaptive,3,61000.000
int,16384,full,32,stdSort,3,548000.000
int,16384,full,32,current8,3,53000.000
int,16384,full,32,current8,4,53000.000
int,16384,full,32,stdSort,4,544000.000
int,16384,full,32,adaptive,4,61000.000
int,16384,full,32,current8,5,52000.000
int,16384,full,32,adaptive,5,60000.000
int,16384,full,32,stdSort,5,521000.000
int,16384,few,4,current8,1,114000.000
int,16384,few,4,adaptive,1,34000.000
int,16384,few,4,stdSort,1,228000.000
int,16384,few,4,adaptive,2,34000.000
int,16384,few,4,stdSort,2,189000.000
int,16384,few,4,current8,2,113000.000
int,16384,few,4,adaptive,3,31000.000
int,16384,few,4,current8,3,114000.000
int,16384,few,4,stdSort,3,162000.000
int,16384,few,4,current8,4,113000.000
int,16384,few,4,adaptive,4,30000.000
int,16384,few,4,stdSort,4,148000.000
int,16384,few,4,adaptive,5,30000.000
int,16384,few,4,current8,5,60000.000
int,16384,few,4,stdSort,5,139000.000
int,16384,reverse,14,current8,1,88000.000
int,16384,reverse,14,adaptive,1,7000.000
int,16384,reverse,14,stdSort,1,77000.000
int,16384,reverse,14,adaptive,2,7000.000
int,16384,reverse,14,current8,2,36000.000
int,16384,reverse,14,stdSort,2,77000.000
int,16384,reverse,14,current8,3,35000.000
int,16384,reverse,14,adaptive,3,7000.000
int,16384,reverse,14,stdSort,3,77000.000
int,16384,reverse,14,stdSort,4,77000.000
int,16384,reverse,14,adaptive,4,7000.000
int,16384,reverse,14,current8,4,35000.000
int,16384,reverse,14,adaptive,5,7000.000
int,16384,reverse,14,current8,5,88000.000
int,16384,reverse,14,stdSort,5,77000.000
int,65536,positive22,22,adaptive,1,215000.000
int,65536,positive22,22,current8,1,281000.000
int,65536,positive22,22,stdSort,1,2498000.000
int,65536,positive22,22,stdSort,2,2438000.000
int,65536,positive22,22,current8,2,274000.000
int,65536,positive22,22,adaptive,2,209000.000
int,65536,positive22,22,adaptive,3,194000.000
int,65536,positive22,22,current8,3,197000.000
int,65536,positive22,22,stdSort,3,2429000.000
int,65536,positive22,22,adaptive,4,208000.000
int,65536,positive22,22,current8,4,267000.000
int,65536,positive22,22,stdSort,4,2353000.000
int,65536,positive22,22,stdSort,5,2333000.000
int,65536,positive22,22,current8,5,265000.000
int,65536,positive22,22,adaptive,5,199000.000
int,65536,signed16,16,current8,1,564000.000
int,65536,signed16,16,adaptive,1,159000.000
int,65536,signed16,16,stdSort,1,2220000.000
int,65536,signed16,16,stdSort,2,2211000.000
int,65536,signed16,16,adaptive,2,159000.000
int,65536,signed16,16,current8,2,543000.000
int,65536,signed16,16,stdSort,3,2193000.000
int,65536,signed16,16,current8,3,510000.000
int,65536,signed16,16,adaptive,3,186000.000
int,65536,signed16,16,current8,4,469000.000
int,65536,signed16,16,stdSort,4,2038000.000
int,65536,signed16,16,adaptive,4,147000.000
int,65536,signed16,16,stdSort,5,2031000.000
int,65536,signed16,16,adaptive,5,146000.000
int,65536,signed16,16,current8,5,495000.000
int,65536,full,32,adaptive,1,232000.000
int,65536,full,32,current8,1,177000.000
int,65536,full,32,stdSort,1,2150000.000
int,65536,full,32,current8,2,171000.000
int,65536,full,32,stdSort,2,2109000.000
int,65536,full,32,adaptive,2,228000.000
int,65536,full,32,stdSort,3,2149000.000
int,65536,full,32,adaptive,3,223000.000
int,65536,full,32,current8,3,169000.000
int,65536,full,32,stdSort,4,2056000.000
int,65536,full,32,adaptive,4,223000.000
int,65536,full,32,current8,4,170000.000
int,65536,full,32,adaptive,5,210000.000
int,65536,full,32,stdSort,5,2076000.000
int,65536,full,32,current8,5,171000.000
int,65536,few,4,current8,1,373000.000
int,65536,few,4,stdSort,1,823000.000
int,65536,few,4,adaptive,1,142000.000
int,65536,few,4,current8,2,364000.000
int,65536,few,4,adaptive,2,124000.000
int,65536,few,4,stdSort,2,794000.000
int,65536,few,4,current8,3,133000.000
int,65536,few,4,stdSort,3,776000.000
int,65536,few,4,adaptive,3,133000.000
int,65536,few,4,current8,4,373000.000
int,65536,few,4,stdSort,4,763000.000
int,65536,few,4,adaptive,4,126000.000
int,65536,few,4,stdSort,5,756000.000
int,65536,few,4,adaptive,5,124000.000
int,65536,few,4,current8,5,381000.000
int,65536,reverse,16,current8,1,304000.000
int,65536,reverse,16,stdSort,1,318000.000
int,65536,reverse,16,adaptive,1,23000.000
int,65536,reverse,16,current8,2,275000.000
int,65536,reverse,16,stdSort,2,275000.000
int,65536,reverse,16,adaptive,2,23000.000
int,65536,reverse,16,current8,3,277000.000
int,65536,reverse,16,stdSort,3,274000.000
int,65536,reverse,16,adaptive,3,23000.000
int,65536,reverse,16,stdSort,4,275000.000
int,65536,reverse,16,adaptive,4,24000.000
int,65536,reverse,16,current8,4,277000.000
int,65536,reverse,16,stdSort,5,276000.000
int,65536,reverse,16,current8,5,278000.000
int,65536,reverse,16,adaptive,5,22000.000
int,1000000,positive22,22,adaptive,1,2992000.000
int,1000000,positive22,22,current8,1,3061000.000
int,1000000,positive22,22,stdSort,1,39823000.000
int,1000000,positive22,22,adaptive,2,3014000.000
int,1000000,positive22,22,current8,2,2744000.000
int,1000000,positive22,22,stdSort,2,39798000.000
int,1000000,positive22,22,current8,3,2793000.000
int,1000000,positive22,22,adaptive,3,2999000.000
int,1000000,positive22,22,stdSort,3,39674000.000
int,1000000,positive22,22,adaptive,4,3019000.000
int,1000000,positive22,22,stdSort,4,39810000.000
int,1000000,positive22,22,current8,4,2808000.000
int,1000000,positive22,22,stdSort,5,39718000.000
int,1000000,positive22,22,adaptive,5,3041000.000
int,1000000,positive22,22,current8,5,2772000.000
int,1000000,signed16,16,adaptive,1,3009000.000
int,1000000,signed16,16,stdSort,1,36672000.000
int,1000000,signed16,16,current8,1,5235000.000
int,1000000,signed16,16,current8,2,6453000.000
int,1000000,signed16,16,stdSort,2,36514000.000
int,1000000,signed16,16,adaptive,2,2992000.000
int,1000000,signed16,16,current8,3,5297000.000
int,1000000,signed16,16,adaptive,3,2974000.000
int,1000000,signed16,16,stdSort,3,36556000.000
int,1000000,signed16,16,adaptive,4,3118000.000
int,1000000,signed16,16,stdSort,4,36616000.000
int,1000000,signed16,16,current8,4,4925000.000
int,1000000,signed16,16,adaptive,5,3024000.000
int,1000000,signed16,16,current8,5,5601000.000
int,1000000,signed16,16,stdSort,5,36831000.000
int,1000000,full,32,stdSort,1,40961000.000
int,1000000,full,32,adaptive,1,3828000.000
int,1000000,full,32,current8,1,3175000.000
int,1000000,full,32,current8,2,3229000.000
int,1000000,full,32,stdSort,2,40693000.000
int,1000000,full,32,adaptive,2,3834000.000
int,1000000,full,32,stdSort,3,40225000.000
int,1000000,full,32,adaptive,3,3768000.000
int,1000000,full,32,current8,3,3291000.000
int,1000000,full,32,stdSort,4,40250000.000
int,1000000,full,32,current8,4,3297000.000
int,1000000,full,32,adaptive,4,3847000.000
int,1000000,full,32,current8,5,3243000.000
int,1000000,full,32,stdSort,5,40092000.000
int,1000000,full,32,adaptive,5,3730000.000
int,1000000,few,4,adaptive,1,2451000.000
int,1000000,few,4,current8,1,1851000.000
int,1000000,few,4,stdSort,1,13394000.000
int,1000000,few,4,stdSort,2,13385000.000
int,1000000,few,4,current8,2,1910000.000
int,1000000,few,4,adaptive,2,2454000.000
int,1000000,few,4,current8,3,1857000.000
int,1000000,few,4,stdSort,3,13673000.000
int,1000000,few,4,adaptive,3,2486000.000
int,1000000,few,4,current8,4,1872000.000
int,1000000,few,4,adaptive,4,2420000.000
int,1000000,few,4,stdSort,4,13652000.000
int,1000000,few,4,stdSort,5,13597000.000
int,1000000,few,4,adaptive,5,2457000.000
int,1000000,few,4,current8,5,1889000.000
int,1000000,reverse,20,current8,1,8057000.000
int,1000000,reverse,20,stdSort,1,5161000.000
int,1000000,reverse,20,adaptive,1,380000.000
int,1000000,reverse,20,adaptive,2,390000.000
int,1000000,reverse,20,current8,2,7155000.000
int,1000000,reverse,20,stdSort,2,5248000.000
int,1000000,reverse,20,adaptive,3,378000.000
int,1000000,reverse,20,current8,3,7870000.000
int,1000000,reverse,20,stdSort,3,5279000.000
int,1000000,reverse,20,adaptive,4,398000.000
int,1000000,reverse,20,current8,4,6966000.000
int,1000000,reverse,20,stdSort,4,5228000.000
int,1000000,reverse,20,stdSort,5,5293000.000
int,1000000,reverse,20,current8,5,8127000.000
int,1000000,reverse,20,adaptive,5,371000.000
int,2000000,positive22,22,current8,1,5801000.000
int,2000000,positive22,22,stdSort,1,83011000.000
int,2000000,positive22,22,adaptive,1,6345000.000
int,2000000,positive22,22,adaptive,2,6221000.000
int,2000000,positive22,22,current8,2,5676000.000
int,2000000,positive22,22,stdSort,2,83044000.000
int,2000000,positive22,22,stdSort,3,83332000.000
int,2000000,positive22,22,adaptive,3,6358000.000
int,2000000,positive22,22,current8,3,5600000.000
int,2000000,positive22,22,current8,4,5679000.000
int,2000000,positive22,22,stdSort,4,83096000.000
int,2000000,positive22,22,adaptive,4,6355000.000
int,2000000,positive22,22,stdSort,5,83107000.000
int,2000000,positive22,22,current8,5,5920000.000
int,2000000,positive22,22,adaptive,5,6364000.000
int,2000000,signed16,16,adaptive,1,6115000.000
int,2000000,signed16,16,stdSort,1,72774000.000
int,2000000,signed16,16,current8,1,8753000.000
int,2000000,signed16,16,adaptive,2,6167000.000
int,2000000,signed16,16,current8,2,9374000.000
int,2000000,signed16,16,stdSort,2,73240000.000
int,2000000,signed16,16,current8,3,10404000.000
int,2000000,signed16,16,stdSort,3,72864000.000
int,2000000,signed16,16,adaptive,3,6191000.000
int,2000000,signed16,16,adaptive,4,6035000.000
int,2000000,signed16,16,current8,4,10719000.000
int,2000000,signed16,16,stdSort,4,72725000.000
int,2000000,signed16,16,stdSort,5,72652000.000
int,2000000,signed16,16,adaptive,5,6228000.000
int,2000000,signed16,16,current8,5,10734000.000
int,2000000,full,32,stdSort,1,83212000.000
int,2000000,full,32,current8,1,6714000.000
int,2000000,full,32,adaptive,1,8012000.000
int,2000000,full,32,stdSort,2,83430000.000
int,2000000,full,32,adaptive,2,7891000.000
int,2000000,full,32,current8,2,6628000.000
int,2000000,full,32,adaptive,3,7830000.000
int,2000000,full,32,stdSort,3,83219000.000
int,2000000,full,32,current8,3,6668000.000
int,2000000,full,32,adaptive,4,7936000.000
int,2000000,full,32,current8,4,6352000.000
int,2000000,full,32,stdSort,4,83556000.000
int,2000000,full,32,adaptive,5,8114000.000
int,2000000,full,32,current8,5,6583000.000
int,2000000,full,32,stdSort,5,83346000.000
int,2000000,few,4,adaptive,1,5054000.000
int,2000000,few,4,stdSort,1,28591000.000
int,2000000,few,4,current8,1,3776000.000
int,2000000,few,4,adaptive,2,4974000.000
int,2000000,few,4,current8,2,3834000.000
int,2000000,few,4,stdSort,2,28656000.000
int,2000000,few,4,adaptive,3,5008000.000
int,2000000,few,4,current8,3,3795000.000
int,2000000,few,4,stdSort,3,28254000.000
int,2000000,few,4,adaptive,4,5051000.000
int,2000000,few,4,stdSort,4,28581000.000
int,2000000,few,4,current8,4,3810000.000
int,2000000,few,4,adaptive,5,5174000.000
int,2000000,few,4,current8,5,3804000.000
int,2000000,few,4,stdSort,5,28634000.000
int,2000000,reverse,21,adaptive,1,758000.000
int,2000000,reverse,21,stdSort,1,10921000.000
int,2000000,reverse,21,current8,1,15639000.000
int,2000000,reverse,21,adaptive,2,758000.000
int,2000000,reverse,21,current8,2,15772000.000
int,2000000,reverse,21,stdSort,2,11289000.000
int,2000000,reverse,21,current8,3,15651000.000
int,2000000,reverse,21,stdSort,3,11180000.000
int,2000000,reverse,21,adaptive,3,783000.000
int,2000000,reverse,21,adaptive,4,776000.000
int,2000000,reverse,21,current8,4,15073000.000
int,2000000,reverse,21,stdSort,4,11106000.000
int,2000000,reverse,21,stdSort,5,11066000.000
int,2000000,reverse,21,adaptive,5,796000.000
int,2000000,reverse,21,current8,5,16001000.000
longLong,16,positive22,22,current8,1,46.875
longLong,16,positive22,22,stdSort,1,46.875
longLong,16,positive22,22,adaptive,1,46.875
longLong,16,positive22,22,adaptive,2,31.250
longLong,16,positive22,22,current8,2,31.250
longLong,16,positive22,22,stdSort,2,31.250
longLong,16,positive22,22,adaptive,3,31.250
longLong,16,positive22,22,stdSort,3,31.250
longLong,16,positive22,22,current8,3,31.250
longLong,16,positive22,22,current8,4,31.250
longLong,16,positive22,22,adaptive,4,46.875
longLong,16,positive22,22,stdSort,4,31.250
longLong,16,positive22,22,stdSort,5,15.625
longLong,16,positive22,22,current8,5,15.625
longLong,16,positive22,22,adaptive,5,46.875
longLong,16,signed16,16,stdSort,1,15.625
longLong,16,signed16,16,adaptive,1,15.625
longLong,16,signed16,16,current8,1,31.250
longLong,16,signed16,16,stdSort,2,62.500
longLong,16,signed16,16,adaptive,2,15.625
longLong,16,signed16,16,current8,2,31.250
longLong,16,signed16,16,adaptive,3,31.250
longLong,16,signed16,16,stdSort,3,0.000
longLong,16,signed16,16,current8,3,46.875
longLong,16,signed16,16,adaptive,4,31.250
longLong,16,signed16,16,stdSort,4,46.875
longLong,16,signed16,16,current8,4,15.625
longLong,16,signed16,16,stdSort,5,0.000
longLong,16,signed16,16,adaptive,5,31.250
longLong,16,signed16,16,current8,5,62.500
longLong,16,full,64,adaptive,1,46.875
longLong,16,full,64,stdSort,1,15.625
longLong,16,full,64,current8,1,31.250
longLong,16,full,64,stdSort,2,0.000
longLong,16,full,64,current8,2,31.250
longLong,16,full,64,adaptive,2,46.875
longLong,16,full,64,current8,3,31.250
longLong,16,full,64,stdSort,3,62.500
longLong,16,full,64,adaptive,3,0.000
longLong,16,full,64,current8,4,31.250
longLong,16,full,64,stdSort,4,46.875
longLong,16,full,64,adaptive,4,15.625
longLong,16,full,64,stdSort,5,0.000
longLong,16,full,64,current8,5,31.250
longLong,16,full,64,adaptive,5,62.500
longLong,16,few,4,stdSort,1,15.625
longLong,16,few,4,current8,1,31.250
longLong,16,few,4,adaptive,1,46.875
longLong,16,few,4,stdSort,2,31.250
longLong,16,few,4,current8,2,31.250
longLong,16,few,4,adaptive,2,0.000
longLong,16,few,4,stdSort,3,15.625
longLong,16,few,4,current8,3,15.625
longLong,16,few,4,adaptive,3,31.250
longLong,16,few,4,adaptive,4,46.875
longLong,16,few,4,stdSort,4,31.250
longLong,16,few,4,current8,4,15.625
longLong,16,few,4,stdSort,5,15.625
longLong,16,few,4,adaptive,5,31.250
longLong,16,few,4,current8,5,0.000
longLong,16,reverse,4,stdSort,1,46.875
longLong,16,reverse,4,current8,1,15.625
longLong,16,reverse,4,adaptive,1,15.625
longLong,16,reverse,4,stdSort,2,31.250
longLong,16,reverse,4,adaptive,2,15.625
longLong,16,reverse,4,current8,2,31.250
longLong,16,reverse,4,current8,3,46.875
longLong,16,reverse,4,stdSort,3,78.125
longLong,16,reverse,4,adaptive,3,31.250
longLong,16,reverse,4,current8,4,31.250
longLong,16,reverse,4,stdSort,4,31.250
longLong,16,reverse,4,adaptive,4,0.000
longLong,16,reverse,4,adaptive,5,15.625
longLong,16,reverse,4,current8,5,31.250
longLong,16,reverse,4,stdSort,5,62.500
longLong,64,positive22,22,stdSort,1,203.125
longLong,64,positive22,22,current8,1,187.500
longLong,64,positive22,22,adaptive,1,218.750
longLong,64,positive22,22,stdSort,2,171.875
longLong,64,positive22,22,current8,2,171.875
longLong,64,positive22,22,adaptive,2,125.000
longLong,64,positive22,22,current8,3,171.875
longLong,64,positive22,22,stdSort,3,187.500
longLong,64,positive22,22,adaptive,3,140.625
longLong,64,positive22,22,adaptive,4,171.875
longLong,64,positive22,22,stdSort,4,187.500
longLong,64,positive22,22,current8,4,187.500
longLong,64,positive22,22,stdSort,5,171.875
longLong,64,positive22,22,current8,5,187.500
longLong,64,positive22,22,adaptive,5,171.875
longLong,64,signed16,16,stdSort,1,203.125
longLong,64,signed16,16,adaptive,1,156.250
longLong,64,signed16,16,current8,1,187.500
longLong,64,signed16,16,current8,2,187.500
longLong,64,signed16,16,adaptive,2,203.125
longLong,64,signed16,16,stdSort,2,156.250
longLong,64,signed16,16,adaptive,3,203.125
longLong,64,signed16,16,current8,3,187.500
longLong,64,signed16,16,stdSort,3,187.500
longLong,64,signed16,16,adaptive,4,187.500
longLong,64,signed16,16,current8,4,250.000
longLong,64,signed16,16,stdSort,4,234.375
longLong,64,signed16,16,stdSort,5,218.750
longLong,64,signed16,16,current8,5,140.625
longLong,64,signed16,16,adaptive,5,250.000
longLong,64,full,64,stdSort,1,187.500
longLong,64,full,64,current8,1,218.750
longLong,64,full,64,adaptive,1,203.125
longLong,64,full,64,stdSort,2,187.500
longLong,64,full,64,adaptive,2,218.750
longLong,64,full,64,current8,2,187.500
longLong,64,full,64,current8,3,171.875
longLong,64,full,64,stdSort,3,187.500
longLong,64,full,64,adaptive,3,171.875
longLong,64,full,64,stdSort,4,187.500
longLong,64,full,64,current8,4,171.875
longLong,64,full,64,adaptive,4,187.500
longLong,64,full,64,adaptive,5,187.500
longLong,64,full,64,current8,5,156.250
longLong,64,full,64,stdSort,5,171.875
longLong,64,few,4,adaptive,1,203.125
longLong,64,few,4,stdSort,1,218.750
longLong,64,few,4,current8,1,218.750
longLong,64,few,4,current8,2,187.500
longLong,64,few,4,stdSort,2,171.875
longLong,64,few,4,adaptive,2,203.125
longLong,64,few,4,stdSort,3,125.000
longLong,64,few,4,adaptive,3,187.500
longLong,64,few,4,current8,3,218.750
longLong,64,few,4,adaptive,4,250.000
longLong,64,few,4,current8,4,203.125
longLong,64,few,4,stdSort,4,234.375
longLong,64,few,4,current8,5,218.750
longLong,64,few,4,adaptive,5,203.125
longLong,64,few,4,stdSort,5,171.875
longLong,64,reverse,6,stdSort,1,171.875
longLong,64,reverse,6,current8,1,62.500
longLong,64,reverse,6,adaptive,1,31.250
longLong,64,reverse,6,stdSort,2,156.250
longLong,64,reverse,6,adaptive,2,15.625
longLong,64,reverse,6,current8,2,171.875
longLong,64,reverse,6,adaptive,3,46.875
longLong,64,reverse,6,stdSort,3,15.625
longLong,64,reverse,6,current8,3,31.250
longLong,64,reverse,6,adaptive,4,31.250
longLong,64,reverse,6,current8,4,156.250
longLong,64,reverse,6,stdSort,4,78.125
longLong,64,reverse,6,current8,5,140.625
longLong,64,reverse,6,stdSort,5,93.750
longLong,64,reverse,6,adaptive,5,31.250
longLong,256,positive22,22,current8,1,1250.000
longLong,256,positive22,22,adaptive,1,1093.750
longLong,256,positive22,22,stdSort,1,1156.250
longLong,256,positive22,22,adaptive,2,1093.750
longLong,256,positive22,22,stdSort,2,1156.250
longLong,256,positive22,22,current8,2,1250.000
longLong,256,positive22,22,current8,3,1156.250
longLong,256,positive22,22,stdSort,3,1156.250
longLong,256,positive22,22,adaptive,3,1156.250
longLong,256,positive22,22,stdSort,4,1093.750
longLong,256,positive22,22,adaptive,4,1125.000
longLong,256,positive22,22,current8,4,1031.250
longLong,256,positive22,22,adaptive,5,1000.000
longLong,256,positive22,22,current8,5,1062.500
longLong,256,positive22,22,stdSort,5,968.750
longLong,256,signed16,16,adaptive,1,843.750
longLong,256,signed16,16,current8,1,1218.750
longLong,256,signed16,16,stdSort,1,1093.750
longLong,256,signed16,16,current8,2,1093.750
longLong,256,signed16,16,adaptive,2,812.500
longLong,256,signed16,16,stdSort,2,1500.000
longLong,256,signed16,16,stdSort,3,1468.750
longLong,256,signed16,16,current8,3,1156.250
longLong,256,signed16,16,adaptive,3,937.500
longLong,256,signed16,16,current8,4,1343.750
longLong,256,signed16,16,adaptive,4,906.250
longLong,256,signed16,16,stdSort,4,1531.250
longLong,256,signed16,16,stdSort,5,1218.750
longLong,256,signed16,16,adaptive,5,718.750
longLong,256,signed16,16,current8,5,1062.500
longLong,256,full,64,adaptive,1,1093.750
longLong,256,full,64,stdSort,1,1062.500
longLong,256,full,64,current8,1,1000.000
longLong,256,full,64,stdSort,2,1031.250
longLong,256,full,64,adaptive,2,1125.000
longLong,256,full,64,current8,2,1000.000
longLong,256,full,64,current8,3,1000.000
longLong,256,full,64,stdSort,3,1062.500
longLong,256,full,64,adaptive,3,1218.750
longLong,256,full,64,current8,4,1000.000
longLong,256,full,64,stdSort,4,1000.000
longLong,256,full,64,adaptive,4,1187.500
longLong,256,full,64,adaptive,5,1250.000
longLong,256,full,64,stdSort,5,1031.250
longLong,256,full,64,current8,5,1031.250
longLong,256,few,4,current8,1,875.000
longLong,256,few,4,stdSort,1,937.500
longLong,256,few,4,adaptive,1,656.250
longLong,256,few,4,current8,2,875.000
longLong,256,few,4,adaptive,2,593.750
longLong,256,few,4,stdSort,2,843.750
longLong,256,few,4,current8,3,812.500
longLong,256,few,4,stdSort,3,875.000
longLong,256,few,4,adaptive,3,625.000
longLong,256,few,4,adaptive,4,593.750
longLong,256,few,4,current8,4,906.250
longLong,256,few,4,stdSort,4,1156.250
longLong,256,few,4,stdSort,5,1437.500
longLong,256,few,4,adaptive,5,812.500
longLong,256,few,4,current8,5,1250.000
longLong,256,reverse,8,current8,1,656.250
longLong,256,reverse,8,stdSort,1,656.250
longLong,256,reverse,8,adaptive,1,31.250
longLong,256,reverse,8,current8,2,593.750
longLong,256,reverse,8,stdSort,2,687.500
longLong,256,reverse,8,adaptive,2,218.750
longLong,256,reverse,8,current8,3,718.750
longLong,256,reverse,8,adaptive,3,187.500
longLong,256,reverse,8,stdSort,3,625.000
longLong,256,reverse,8,current8,4,656.250
longLong,256,reverse,8,stdSort,4,593.750
longLong,256,reverse,8,adaptive,4,187.500
longLong,256,reverse,8,stdSort,5,687.500
longLong,256,reverse,8,adaptive,5,62.500
longLong,256,reverse,8,current8,5,656.250
longLong,512,positive22,22,current8,1,2625.000
longLong,512,positive22,22,stdSort,1,2500.000
longLong,512,positive22,22,adaptive,1,1750.000
longLong,512,positive22,22,adaptive,2,1625.000
longLong,512,positive22,22,stdSort,2,2562.500
longLong,512,positive22,22,current8,2,3000.000
longLong,512,positive22,22,adaptive,3,1875.000
longLong,512,positive22,22,stdSort,3,2500.000
longLong,512,positive22,22,current8,3,2437.500
longLong,512,positive22,22,adaptive,4,1875.000
longLong,512,positive22,22,stdSort,4,2500.000
longLong,512,positive22,22,current8,4,2437.500
longLong,512,positive22,22,current8,5,2437.500
longLong,512,positive22,22,stdSort,5,2375.000
longLong,512,positive22,22,adaptive,5,1875.000
longLong,512,signed16,16,current8,1,2125.000
longLong,512,signed16,16,adaptive,1,1187.500
longLong,512,signed16,16,stdSort,1,2250.000
longLong,512,signed16,16,current8,2,2187.500
longLong,512,signed16,16,stdSort,2,2312.500
longLong,512,signed16,16,adaptive,2,1187.500
longLong,512,signed16,16,current8,3,2250.000
longLong,512,signed16,16,stdSort,3,2187.500
longLong,512,signed16,16,adaptive,3,1250.000
longLong,512,signed16,16,stdSort,4,2437.500
longLong,512,signed16,16,adaptive,4,1625.000
longLong,512,signed16,16,current8,4,2937.500
longLong,512,signed16,16,adaptive,5,1937.500
longLong,512,signed16,16,stdSort,5,2875.000
longLong,512,signed16,16,current8,5,2125.000
longLong,512,full,64,adaptive,1,3250.000
longLong,512,full,64,current8,1,2500.000
longLong,512,full,64,stdSort,1,2062.500
longLong,512,full,64,adaptive,2,2687.500
longLong,512,full,64,current8,2,2312.500
longLong,512,full,64,stdSort,2,2187.500
longLong,512,full,64,current8,3,2437.500
longLong,512,full,64,adaptive,3,2750.000
longLong,512,full,64,stdSort,3,2312.500
longLong,512,full,64,current8,4,2125.000
longLong,512,full,64,stdSort,4,2125.000
longLong,512,full,64,adaptive,4,3000.000
longLong,512,full,64,current8,5,2562.500
longLong,512,full,64,stdSort,5,2562.500
longLong,512,full,64,adaptive,5,3000.000
longLong,512,few,4,current8,1,2312.500
longLong,512,few,4,stdSort,1,2250.000
longLong,512,few,4,adaptive,1,1250.000
longLong,512,few,4,adaptive,2,1062.500
longLong,512,few,4,current8,2,2312.500
longLong,512,few,4,stdSort,2,2312.500
longLong,512,few,4,adaptive,3,1312.500
longLong,512,few,4,stdSort,3,2250.000
longLong,512,few,4,current8,3,2250.000
longLong,512,few,4,adaptive,4,1250.000
longLong,512,few,4,current8,4,2125.000
longLong,512,few,4,stdSort,4,2000.000
longLong,512,few,4,adaptive,5,1187.500
longLong,512,few,4,current8,5,2000.000
longLong,512,few,4,stdSort,5,2062.500
longLong,512,reverse,9,stdSort,1,1500.000
longLong,512,reverse,9,current8,1,1437.500
longLong,512,reverse,9,adaptive,1,250.000
longLong,512,reverse,9,current8,2,1562.500
longLong,512,reverse,9,adaptive,2,250.000
longLong,512,reverse,9,stdSort,2,1500.000
longLong,512,reverse,9,stdSort,3,1500.000
longLong,512,reverse,9,current8,3,1812.500
longLong,512,reverse,9,adaptive,3,312.500
longLong,512,reverse,9,stdSort,4,1625.000
longLong,512,reverse,9,adaptive,4,250.000
longLong,512,reverse,9,current8,4,1562.500
longLong,512,reverse,9,current8,5,1500.000
longLong,512,reverse,9,stdSort,5,1625.000
longLong,512,reverse,9,adaptive,5,187.500
longLong,1024,positive22,22,stdSort,1,5625.000
longLong,1024,positive22,22,adaptive,1,3625.000
longLong,1024,positive22,22,current8,1,11875.000
longLong,1024,positive22,22,current8,2,12000.000
longLong,1024,positive22,22,stdSort,2,5500.000
longLong,1024,positive22,22,adaptive,2,3375.000
longLong,1024,positive22,22,current8,3,10500.000
longLong,1024,positive22,22,stdSort,3,5000.000
longLong,1024,positive22,22,adaptive,3,3000.000
longLong,1024,positive22,22,adaptive,4,3125.000
longLong,1024,positive22,22,current8,4,10125.000
longLong,1024,positive22,22,stdSort,4,5000.000
longLong,1024,positive22,22,current8,5,10250.000
longLong,1024,positive22,22,stdSort,5,5000.000
longLong,1024,positive22,22,adaptive,5,3000.000
longLong,1024,signed16,16,stdSort,1,5125.000
longLong,1024,signed16,16,adaptive,1,2250.000
longLong,1024,signed16,16,current8,1,21125.000
longLong,1024,signed16,16,stdSort,2,5500.000
longLong,1024,signed16,16,adaptive,2,2250.000
longLong,1024,signed16,16,current8,2,20875.000
longLong,1024,signed16,16,adaptive,3,2375.000
longLong,1024,signed16,16,stdSort,3,5500.000
longLong,1024,signed16,16,current8,3,25000.000
longLong,1024,signed16,16,adaptive,4,2750.000
longLong,1024,signed16,16,stdSort,4,6125.000
longLong,1024,signed16,16,current8,4,23250.000
longLong,1024,signed16,16,adaptive,5,2250.000
longLong,1024,signed16,16,current8,5,23625.000
longLong,1024,signed16,16,stdSort,5,6125.000
longLong,1024,full,64,adaptive,1,6750.000
longLong,1024,full,64,stdSort,1,6000.000
longLong,1024,full,64,current8,1,6500.000
longLong,1024,full,64,adaptive,2,6250.000
longLong,1024,full,64,stdSort,2,5875.000
longLong,1024,full,64,current8,2,6000.000
longLong,1024,full,64,current8,3,6875.000
longLong,1024,full,64,stdSort,3,5875.000
longLong,1024,full,64,adaptive,3,7125.000
longLong,1024,full,64,adaptive,4,6875.000
longLong,1024,full,64,current8,4,6250.000
longLong,1024,full,64,stdSort,4,5250.000
longLong,1024,full,64,adaptive,5,6125.000
longLong,1024,full,64,stdSort,5,5250.000
longLong,1024,full,64,current8,5,5750.000
longLong,1024,few,4,adaptive,1,1875.000
longLong,1024,few,4,stdSort,1,5000.000
longLong,1024,few,4,current8,1,13875.000
longLong,1024,few,4,adaptive,2,1625.000
longLong,1024,few,4,current8,2,12250.000
longLong,1024,few,4,stdSort,2,4500.000
longLong,1024,few,4,current8,3,12375.000
longLong,1024,few,4,adaptive,3,2000.000
longLong,1024,few,4,stdSort,3,4625.000
longLong,1024,few,4,current8,4,12750.000
longLong,1024,few,4,stdSort,4,6000.000
longLong,1024,few,4,adaptive,4,2000.000
longLong,1024,few,4,adaptive,5,2000.000
longLong,1024,few,4,current8,5,14250.000
longLong,1024,few,4,stdSort,5,5125.000
longLong,1024,reverse,10,stdSort,1,3500.000
longLong,1024,reverse,10,adaptive,1,500.000
longLong,1024,reverse,10,current8,1,13875.000
longLong,1024,reverse,10,current8,2,13625.000
longLong,1024,reverse,10,adaptive,2,625.000
longLong,1024,reverse,10,stdSort,2,3375.000
longLong,1024,reverse,10,current8,3,13375.000
longLong,1024,reverse,10,stdSort,3,3250.000
longLong,1024,reverse,10,adaptive,3,625.000
longLong,1024,reverse,10,current8,4,13125.000
longLong,1024,reverse,10,adaptive,4,375.000
longLong,1024,reverse,10,stdSort,4,3000.000
longLong,1024,reverse,10,current8,5,11875.000
longLong,1024,reverse,10,stdSort,5,3000.000
longLong,1024,reverse,10,adaptive,5,375.000
longLong,2048,positive22,22,stdSort,1,12750.000
longLong,2048,positive22,22,adaptive,1,5250.000
longLong,2048,positive22,22,current8,1,20500.000
longLong,2048,positive22,22,adaptive,2,5500.000
longLong,2048,positive22,22,stdSort,2,12500.000
longLong,2048,positive22,22,current8,2,23250.000
longLong,2048,positive22,22,stdSort,3,29250.000
longLong,2048,positive22,22,adaptive,3,6250.000
longLong,2048,positive22,22,current8,3,20500.000
longLong,2048,positive22,22,adaptive,4,5750.000
longLong,2048,positive22,22,current8,4,20000.000
longLong,2048,positive22,22,stdSort,4,12500.000
longLong,2048,positive22,22,current8,5,20250.000
longLong,2048,positive22,22,stdSort,5,11750.000
longLong,2048,positive22,22,adaptive,5,5500.000
longLong,2048,signed16,16,stdSort,1,15500.000
longLong,2048,signed16,16,adaptive,1,4250.000
longLong,2048,signed16,16,current8,1,41250.000
longLong,2048,signed16,16,stdSort,2,11000.000
longLong,2048,signed16,16,adaptive,2,3750.000
longLong,2048,signed16,16,current8,2,41250.000
longLong,2048,signed16,16,adaptive,3,4000.000
longLong,2048,signed16,16,stdSort,3,11000.000
longLong,2048,signed16,16,current8,3,41250.000
longLong,2048,signed16,16,stdSort,4,11750.000
longLong,2048,signed16,16,current8,4,42250.000
longLong,2048,signed16,16,adaptive,4,4000.000
longLong,2048,signed16,16,current8,5,45500.000
longLong,2048,signed16,16,adaptive,5,4750.000
longLong,2048,signed16,16,stdSort,5,13500.000
longLong,2048,full,64,stdSort,1,13500.000
longLong,2048,full,64,adaptive,1,13500.000
longLong,2048,full,64,current8,1,11000.000
longLong,2048,full,64,adaptive,2,12000.000
longLong,2048,full,64,current8,2,10250.000
longLong,2048,full,64,stdSort,2,11250.000
longLong,2048,full,64,current8,3,11250.000
longLong,2048,full,64,stdSort,3,11250.000
longLong,2048,full,64,adaptive,3,11750.000
longLong,2048,full,64,current8,4,11000.000
longLong,2048,full,64,adaptive,4,12250.000
longLong,2048,full,64,stdSort,4,11500.000
longLong,2048,full,64,current8,5,10500.000
longLong,2048,full,64,adaptive,5,12000.000
longLong,2048,full,64,stdSort,5,12250.000
longLong,2048,few,4,current8,1,28000.000
longLong,2048,few,4,adaptive,1,4000.000
longLong,2048,few,4,stdSort,1,11000.000
longLong,2048,few,4,current8,2,27750.000
longLong,2048,few,4,stdSort,2,9500.000
longLong,2048,few,4,adaptive,2,3000.000
longLong,2048,few,4,current8,3,24250.000
longLong,2048,few,4,adaptive,3,3250.000
longLong,2048,few,4,stdSort,3,8750.000
longLong,2048,few,4,current8,4,24500.000
longLong,2048,few,4,adaptive,4,3250.000
longLong,2048,few,4,stdSort,4,9250.000
longLong,2048,few,4,current8,5,24250.000
longLong,2048,few,4,stdSort,5,9250.000
longLong,2048,few,4,adaptive,5,3250.000
longLong,2048,reverse,11,stdSort,1,6000.000
longLong,2048,reverse,11,adaptive,1,500.000
longLong,2048,reverse,11,current8,1,22000.000
longLong,2048,reverse,11,adaptive,2,750.000
longLong,2048,reverse,11,stdSort,2,6250.000
longLong,2048,reverse,11,current8,2,22250.000
longLong,2048,reverse,11,adaptive,3,1000.000
longLong,2048,reverse,11,stdSort,3,6250.000
longLong,2048,reverse,11,current8,3,22250.000
longLong,2048,reverse,11,adaptive,4,750.000
longLong,2048,reverse,11,current8,4,22500.000
longLong,2048,reverse,11,stdSort,4,6250.000
longLong,2048,reverse,11,adaptive,5,1000.000
longLong,2048,reverse,11,stdSort,5,6000.000
longLong,2048,reverse,11,current8,5,18500.000
longLong,4096,positive22,22,current8,1,40000.000
longLong,4096,positive22,22,stdSort,1,46500.000
longLong,4096,positive22,22,adaptive,1,8500.000
longLong,4096,positive22,22,adaptive,2,8500.000
longLong,4096,positive22,22,current8,2,40500.000
longLong,4096,positive22,22,stdSort,2,41000.000
longLong,4096,positive22,22,stdSort,3,40000.000
longLong,4096,positive22,22,adaptive,3,8500.000
longLong,4096,positive22,22,current8,3,40500.000
longLong,4096,positive22,22,stdSort,4,39000.000
longLong,4096,positive22,22,current8,4,40000.000
longLong,4096,positive22,22,adaptive,4,8500.000
longLong,4096,positive22,22,stdSort,5,39000.000
longLong,4096,positive22,22,adaptive,5,8500.000
longLong,4096,positive22,22,current8,5,40500.000
longLong,4096,signed16,16,stdSort,1,33000.000
longLong,4096,signed16,16,current8,1,82500.000
longLong,4096,signed16,16,adaptive,1,8500.000
longLong,4096,signed16,16,stdSort,2,26500.000
longLong,4096,signed16,16,current8,2,82000.000
longLong,4096,signed16,16,adaptive,2,8000.000
longLong,4096,signed16,16,current8,3,82500.000
longLong,4096,signed16,16,adaptive,3,7500.000
longLong,4096,signed16,16,stdSort,3,25000.000
longLong,4096,signed16,16,stdSort,4,25000.000
longLong,4096,signed16,16,adaptive,4,7500.000
longLong,4096,signed16,16,current8,4,82000.000
longLong,4096,signed16,16,current8,5,82000.000
longLong,4096,signed16,16,stdSort,5,24500.000
longLong,4096,signed16,16,adaptive,5,7500.000
longLong,4096,full,64,stdSort,1,43000.000
longLong,4096,full,64,adaptive,1,23000.000
longLong,4096,full,64,current8,1,20000.000
longLong,4096,full,64,current8,2,20500.000
longLong,4096,full,64,stdSort,2,36000.000
longLong,4096,full,64,adaptive,2,22500.000
longLong,4096,full,64,stdSort,3,37500.000
longLong,4096,full,64,adaptive,3,24500.000
longLong,4096,full,64,current8,3,22000.000
longLong,4096,full,64,stdSort,4,38000.000
longLong,4096,full,64,adaptive,4,26000.000
longLong,4096,full,64,current8,4,21500.000
longLong,4096,full,64,adaptive,5,23000.000
longLong,4096,full,64,stdSort,5,34000.000
longLong,4096,full,64,current8,5,20000.000
longLong,4096,few,4,stdSort,1,22000.000
longLong,4096,few,4,current8,1,49000.000
longLong,4096,few,4,adaptive,1,6500.000
longLong,4096,few,4,stdSort,2,19000.000
longLong,4096,few,4,adaptive,2,6000.000
longLong,4096,few,4,current8,2,48500.000
longLong,4096,few,4,adaptive,3,5500.000
longLong,4096,few,4,current8,3,50000.000
longLong,4096,few,4,stdSort,3,19000.000
longLong,4096,few,4,current8,4,49000.000
longLong,4096,few,4,adaptive,4,6000.000
longLong,4096,few,4,stdSort,4,19000.000
longLong,4096,few,4,adaptive,5,6000.000
longLong,4096,few,4,current8,5,49000.000
longLong,4096,few,4,stdSort,5,19000.000
longLong,4096,reverse,12,adaptive,1,1000.000
longLong,4096,reverse,12,stdSort,1,13000.000
longLong,4096,reverse,12,current8,1,43000.000
longLong,4096,reverse,12,stdSort,2,13000.000
longLong,4096,reverse,12,adaptive,2,1000.000
longLong,4096,reverse,12,current8,2,43500.000
longLong,4096,reverse,12,current8,3,43500.000
longLong,4096,reverse,12,adaptive,3,1000.000
longLong,4096,reverse,12,stdSort,3,13500.000
longLong,4096,reverse,12,stdSort,4,13500.000
longLong,4096,reverse,12,current8,4,43500.000
longLong,4096,reverse,12,adaptive,4,1500.000
longLong,4096,reverse,12,current8,5,43500.000
longLong,4096,reverse,12,adaptive,5,1500.000
longLong,4096,reverse,12,stdSort,5,14000.000
longLong,16384,positive22,22,stdSort,1,395000.000
longLong,16384,positive22,22,adaptive,1,46000.000
longLong,16384,positive22,22,current8,1,165000.000
longLong,16384,positive22,22,current8,2,169000.000
longLong,16384,positive22,22,adaptive,2,42000.000
longLong,16384,positive22,22,stdSort,2,389000.000
longLong,16384,positive22,22,stdSort,3,360000.000
longLong,16384,positive22,22,current8,3,164000.000
longLong,16384,positive22,22,adaptive,3,38000.000
longLong,16384,positive22,22,adaptive,4,36000.000
longLong,16384,positive22,22,current8,4,164000.000
longLong,16384,positive22,22,stdSort,4,351000.000
longLong,16384,positive22,22,stdSort,5,384000.000
longLong,16384,positive22,22,adaptive,5,39000.000
longLong,16384,positive22,22,current8,5,165000.000
longLong,16384,signed16,16,adaptive,1,41000.000
longLong,16384,signed16,16,stdSort,1,465000.000
longLong,16384,signed16,16,current8,1,330000.000
longLong,16384,signed16,16,current8,2,324000.000
longLong,16384,signed16,16,stdSort,2,440000.000
longLong,16384,signed16,16,adaptive,2,44000.000
longLong,16384,signed16,16,adaptive,3,39000.000
longLong,16384,signed16,16,current8,3,330000.000
longLong,16384,signed16,16,stdSort,3,401000.000
longLong,16384,signed16,16,current8,4,335000.000
longLong,16384,signed16,16,stdSort,4,373000.000
longLong,16384,signed16,16,adaptive,4,36000.000
longLong,16384,signed16,16,current8,5,316000.000
longLong,16384,signed16,16,adaptive,5,33000.000
longLong,16384,signed16,16,stdSort,5,354000.000
longLong,16384,full,64,stdSort,1,439000.000
longLong,16384,full,64,adaptive,1,96000.000
longLong,16384,full,64,current8,1,103000.000
longLong,16384,full,64,current8,2,105000.000
longLong,16384,full,64,adaptive,2,100000.000
longLong,16384,full,64,stdSort,2,487000.000
longLong,16384,full,64,adaptive,3,103000.000
longLong,16384,full,64,stdSort,3,482000.000
longLong,16384,full,64,current8,3,102000.000
longLong,16384,full,64,current8,4,95000.000
longLong,16384,full,64,stdSort,4,419000.000
longLong,16384,full,64,adaptive,4,103000.000
longLong,16384,full,64,current8,5,108000.000
longLong,16384,full,64,adaptive,5,91000.000
longLong,16384,full,64,stdSort,5,415000.000
longLong,16384,few,4,current8,1,114000.000
longLong,16384,few,4,adaptive,1,39000.000
longLong,16384,few,4,stdSort,1,185000.000
longLong,16384,few,4,adaptive,2,29000.000
longLong,16384,few,4,stdSort,2,155000.000
longLong,16384,few,4,current8,2,210000.000
longLong,16384,few,4,adaptive,3,28000.000
longLong,16384,few,4,current8,3,194000.000
longLong,16384,few,4,stdSort,3,129000.000
longLong,16384,few,4,current8,4,194000.000
longLong,16384,few,4,adaptive,4,28000.000
longLong,16384,few,4,stdSort,4,117000.000
longLong,16384,few,4,adaptive,5,26000.000
longLong,16384,few,4,current8,5,215000.000
longLong,16384,few,4,stdSort,5,111000.000
longLong,16384,reverse,14,current8,1,58000.000
longLong,16384,reverse,14,adaptive,1,6000.000
longLong,16384,reverse,14,stdSort,1,63000.000
longLong,16384,reverse,14,adaptive,2,6000.000
longLong,16384,reverse,14,current8,2,59000.000
longLong,16384,reverse,14,stdSort,2,70000.000
longLong,16384,reverse,14,current8,3,64000.000
longLong,16384,reverse,14,adaptive,3,7000.000
longLong,16384,reverse,14,stdSort,3,70000.000
longLong,16384,reverse,14,stdSort,4,66000.000
longLong,16384,reverse,14,adaptive,4,6000.000
longLong,16384,reverse,14,current8,4,54000.000
longLong,16384,reverse,14,adaptive,5,5000.000
longLong,16384,reverse,14,current8,5,61000.000
longLong,16384,reverse,14,stdSort,5,70000.000
longLong,65536,positive22,22,adaptive,1,186000.000
longLong,65536,positive22,22,current8,1,672000.000
longLong,65536,positive22,22,stdSort,1,2062000.000
longLong,65536,positive22,22,stdSort,2,2104000.000
longLong,65536,positive22,22,current8,2,754000.000
longLong,65536,positive22,22,adaptive,2,186000.000
longLong,65536,positive22,22,adaptive,3,165000.000
longLong,65536,positive22,22,current8,3,679000.000
longLong,65536,positive22,22,stdSort,3,2047000.000
longLong,65536,positive22,22,adaptive,4,182000.000
longLong,65536,positive22,22,current8,4,674000.000
longLong,65536,positive22,22,stdSort,4,2046000.000
longLong,65536,positive22,22,stdSort,5,2087000.000
longLong,65536,positive22,22,current8,5,653000.000
longLong,65536,positive22,22,adaptive,5,185000.000
longLong,65536,signed16,16,current8,1,1390000.000
longLong,65536,signed16,16,adaptive,1,152000.000
longLong,65536,signed16,16,stdSort,1,2038000.000
longLong,65536,signed16,16,stdSort,2,2013000.000
longLong,65536,signed16,16,adaptive,2,167000.000
longLong,65536,signed16,16,current8,2,1363000.000
longLong,65536,signed16,16,stdSort,3,2127000.000
longLong,65536,signed16,16,current8,3,1307000.000
longLong,65536,signed16,16,adaptive,3,154000.000
longLong,65536,signed16,16,current8,4,1332000.000
longLong,65536,signed16,16,stdSort,4,2004000.000
longLong,65536,signed16,16,adaptive,4,151000.000
longLong,65536,signed16,16,stdSort,5,1996000.000
longLong,65536,signed16,16,adaptive,5,166000.000
longLong,65536,signed16,16,current8,5,1368000.000
longLong,65536,full,64,adaptive,1,423000.000
longLong,65536,full,64,current8,1,418000.000
longLong,65536,full,64,stdSort,1,2278000.000
longLong,65536,full,64,current8,2,855000.000
longLong,65536,full,64,stdSort,2,2103000.000
longLong,65536,full,64,adaptive,2,408000.000
longLong,65536,full,64,stdSort,3,2039000.000
longLong,65536,full,64,adaptive,3,384000.000
longLong,65536,full,64,current8,3,376000.000
longLong,65536,full,64,stdSort,4,2132000.000
longLong,65536,full,64,adaptive,4,381000.000
longLong,65536,full,64,current8,4,404000.000
longLong,65536,full,64,adaptive,5,379000.000
longLong,65536,full,64,stdSort,5,2020000.000
longLong,65536,full,64,current8,5,389000.000
longLong,65536,few,4,current8,1,779000.000
longLong,65536,few,4,stdSort,1,839000.000
longLong,65536,few,4,adaptive,1,168000.000
longLong,65536,few,4,current8,2,317000.000
longLong,65536,few,4,adaptive,2,139000.000
longLong,65536,few,4,stdSort,2,862000.000
longLong,65536,few,4,current8,3,774000.000
longLong,65536,few,4,stdSort,3,839000.000
longLong,65536,few,4,adaptive,3,153000.000
longLong,65536,few,4,current8,4,788000.000
longLong,65536,few,4,stdSort,4,811000.000
longLong,65536,few,4,adaptive,4,133000.000
longLong,65536,few,4,stdSort,5,842000.000
longLong,65536,few,4,adaptive,5,133000.000
longLong,65536,few,4,current8,5,903000.000
longLong,65536,reverse,16,current8,1,393000.000
longLong,65536,reverse,16,stdSort,1,306000.000
longLong,65536,reverse,16,adaptive,1,24000.000
longLong,65536,reverse,16,current8,2,387000.000
longLong,65536,reverse,16,stdSort,2,301000.000
longLong,65536,reverse,16,adaptive,2,27000.000
longLong,65536,reverse,16,current8,3,388000.000
longLong,65536,reverse,16,stdSort,3,296000.000
longLong,65536,reverse,16,adaptive,3,24000.000
longLong,65536,reverse,16,stdSort,4,277000.000
longLong,65536,reverse,16,adaptive,4,24000.000
longLong,65536,reverse,16,current8,4,493000.000
longLong,65536,reverse,16,stdSort,5,284000.000
longLong,65536,reverse,16,current8,5,397000.000
longLong,65536,reverse,16,adaptive,5,27000.000
longLong,1000000,positive22,22,adaptive,1,3352000.000
longLong,1000000,positive22,22,current8,1,4317000.000
longLong,1000000,positive22,22,stdSort,1,40295000.000
longLong,1000000,positive22,22,adaptive,2,3500000.000
longLong,1000000,positive22,22,current8,2,4264000.000
longLong,1000000,positive22,22,stdSort,2,39998000.000
longLong,1000000,positive22,22,current8,3,4212000.000
longLong,1000000,positive22,22,adaptive,3,3441000.000
longLong,1000000,positive22,22,stdSort,3,40023000.000
longLong,1000000,positive22,22,adaptive,4,3453000.000
longLong,1000000,positive22,22,stdSort,4,40026000.000
longLong,1000000,positive22,22,current8,4,4288000.000
longLong,1000000,positive22,22,stdSort,5,39980000.000
longLong,1000000,positive22,22,adaptive,5,3334000.000
longLong,1000000,positive22,22,current8,5,4209000.000
longLong,1000000,signed16,16,adaptive,1,3267000.000
longLong,1000000,signed16,16,stdSort,1,36574000.000
longLong,1000000,signed16,16,current8,1,16382000.000
longLong,1000000,signed16,16,current8,2,15204000.000
longLong,1000000,signed16,16,stdSort,2,36608000.000
longLong,1000000,signed16,16,adaptive,2,3404000.000
longLong,1000000,signed16,16,current8,3,15478000.000
longLong,1000000,signed16,16,adaptive,3,3213000.000
longLong,1000000,signed16,16,stdSort,3,36925000.000
longLong,1000000,signed16,16,adaptive,4,3379000.000
longLong,1000000,signed16,16,stdSort,4,36781000.000
longLong,1000000,signed16,16,current8,4,15573000.000
longLong,1000000,signed16,16,adaptive,5,3223000.000
longLong,1000000,signed16,16,current8,5,16961000.000
longLong,1000000,signed16,16,stdSort,5,36698000.000
longLong,1000000,full,64,stdSort,1,40441000.000
longLong,1000000,full,64,adaptive,1,6978000.000
longLong,1000000,full,64,current8,1,6840000.000
longLong,1000000,full,64,current8,2,6671000.000
longLong,1000000,full,64,stdSort,2,40275000.000
longLong,1000000,full,64,adaptive,2,6844000.000
longLong,1000000,full,64,stdSort,3,40699000.000
longLong,1000000,full,64,adaptive,3,6958000.000
longLong,1000000,full,64,current8,3,6842000.000
longLong,1000000,full,64,stdSort,4,40266000.000
longLong,1000000,full,64,current8,4,6965000.000
longLong,1000000,full,64,adaptive,4,6709000.000
longLong,1000000,full,64,current8,5,6742000.000
longLong,1000000,full,64,stdSort,5,40085000.000
longLong,1000000,full,64,adaptive,5,6897000.000
longLong,1000000,few,4,adaptive,1,2706000.000
longLong,1000000,few,4,current8,1,3124000.000
longLong,1000000,few,4,stdSort,1,13826000.000
longLong,1000000,few,4,stdSort,2,13816000.000
longLong,1000000,few,4,current8,2,3150000.000
longLong,1000000,few,4,adaptive,2,2749000.000
longLong,1000000,few,4,current8,3,3109000.000
longLong,1000000,few,4,stdSort,3,13740000.000
longLong,1000000,few,4,adaptive,3,3044000.000
longLong,1000000,few,4,current8,4,3358000.000
longLong,1000000,few,4,adaptive,4,2779000.000
longLong,1000000,few,4,stdSort,4,13755000.000
longLong,1000000,few,4,stdSort,5,13905000.000
longLong,1000000,few,4,adaptive,5,2811000.000
longLong,1000000,few,4,current8,5,3085000.000
longLong,1000000,reverse,20,current8,1,9445000.000
longLong,1000000,reverse,20,stdSort,1,5302000.000
longLong,1000000,reverse,20,adaptive,1,399000.000
longLong,1000000,reverse,20,adaptive,2,400000.000
longLong,1000000,reverse,20,current8,2,9134000.000
longLong,1000000,reverse,20,stdSort,2,5359000.000
longLong,1000000,reverse,20,adaptive,3,395000.000
longLong,1000000,reverse,20,current8,3,8430000.000
longLong,1000000,reverse,20,stdSort,3,5337000.000
longLong,1000000,reverse,20,adaptive,4,393000.000
longLong,1000000,reverse,20,current8,4,8573000.000
longLong,1000000,reverse,20,stdSort,4,5364000.000
longLong,1000000,reverse,20,stdSort,5,5273000.000
longLong,1000000,reverse,20,current8,5,8745000.000
longLong,1000000,reverse,20,adaptive,5,400000.000
longLong,2000000,positive22,22,current8,1,8148000.000
longLong,2000000,positive22,22,stdSort,1,83653000.000
longLong,2000000,positive22,22,adaptive,1,6234000.000
longLong,2000000,positive22,22,adaptive,2,6198000.000
longLong,2000000,positive22,22,current8,2,8018000.000
longLong,2000000,positive22,22,stdSort,2,83741000.000
longLong,2000000,positive22,22,stdSort,3,83810000.000
longLong,2000000,positive22,22,adaptive,3,6334000.000
longLong,2000000,positive22,22,current8,3,8015000.000
longLong,2000000,positive22,22,current8,4,10595000.000
longLong,2000000,positive22,22,stdSort,4,83422000.000
longLong,2000000,positive22,22,adaptive,4,6288000.000
longLong,2000000,positive22,22,stdSort,5,84119000.000
longLong,2000000,positive22,22,current8,5,7988000.000
longLong,2000000,positive22,22,adaptive,5,6344000.000
longLong,2000000,signed16,16,adaptive,1,6212000.000
longLong,2000000,signed16,16,stdSort,1,77917000.000
longLong,2000000,signed16,16,current8,1,26141000.000
longLong,2000000,signed16,16,adaptive,2,5791000.000
longLong,2000000,signed16,16,current8,2,28531000.000
longLong,2000000,signed16,16,stdSort,2,72945000.000
longLong,2000000,signed16,16,current8,3,28098000.000
longLong,2000000,signed16,16,stdSort,3,72978000.000
longLong,2000000,signed16,16,adaptive,3,6042000.000
longLong,2000000,signed16,16,adaptive,4,6068000.000
longLong,2000000,signed16,16,current8,4,29173000.000
longLong,2000000,signed16,16,stdSort,4,72786000.000
longLong,2000000,signed16,16,stdSort,5,72997000.000
longLong,2000000,signed16,16,adaptive,5,6014000.000
longLong,2000000,signed16,16,current8,5,28168000.000
longLong,2000000,full,64,stdSort,1,83179000.000
longLong,2000000,full,64,current8,1,13232000.000
longLong,2000000,full,64,adaptive,1,13344000.000
longLong,2000000,full,64,stdSort,2,83648000.000
longLong,2000000,full,64,adaptive,2,13228000.000
longLong,2000000,full,64,current8,2,13246000.000
longLong,2000000,full,64,adaptive,3,13097000.000
longLong,2000000,full,64,stdSort,3,83519000.000
longLong,2000000,full,64,current8,3,13177000.000
longLong,2000000,full,64,adaptive,4,13387000.000
longLong,2000000,full,64,current8,4,13299000.000
longLong,2000000,full,64,stdSort,4,83051000.000
longLong,2000000,full,64,adaptive,5,13098000.000
longLong,2000000,full,64,current8,5,13070000.000
longLong,2000000,full,64,stdSort,5,83179000.000
longLong,2000000,few,4,adaptive,1,4952000.000
longLong,2000000,few,4,stdSort,1,28977000.000
longLong,2000000,few,4,current8,1,5800000.000
longLong,2000000,few,4,adaptive,2,5018000.000
longLong,2000000,few,4,current8,2,5834000.000
longLong,2000000,few,4,stdSort,2,28916000.000
longLong,2000000,few,4,adaptive,3,5031000.000
longLong,2000000,few,4,current8,3,5834000.000
longLong,2000000,few,4,stdSort,3,28820000.000
longLong,2000000,few,4,adaptive,4,4966000.000
longLong,2000000,few,4,stdSort,4,29519000.000
longLong,2000000,few,4,current8,4,5990000.000
longLong,2000000,few,4,adaptive,5,4914000.000
longLong,2000000,few,4,current8,5,5916000.000
longLong,2000000,few,4,stdSort,5,29368000.000
longLong,2000000,reverse,21,adaptive,1,800000.000
longLong,2000000,reverse,21,stdSort,1,11147000.000
longLong,2000000,reverse,21,current8,1,18595000.000
longLong,2000000,reverse,21,adaptive,2,803000.000
longLong,2000000,reverse,21,current8,2,17922000.000
longLong,2000000,reverse,21,stdSort,2,11161000.000
longLong,2000000,reverse,21,current8,3,18240000.000
longLong,2000000,reverse,21,stdSort,3,11174000.000
longLong,2000000,reverse,21,adaptive,3,818000.000
longLong,2000000,reverse,21,adaptive,4,869000.000
longLong,2000000,reverse,21,current8,4,18067000.000
longLong,2000000,reverse,21,stdSort,4,10988000.000
longLong,2000000,reverse,21,stdSort,5,11130000.000
longLong,2000000,reverse,21,adaptive,5,760000.000
longLong,2000000,reverse,21,current8,5,18966000.000
