type,n,distribution,bits,algorithm,rounds,median_ns,min_ns,max_ns
int,16,few,4,adaptive,5,46.875,31.25,78.125
int,16,few,4,current8,5,46.875,15.625,62.5
int,16,few,4,stdSort,5,46.875,15.625,62.5
int,16,full,32,adaptive,5,46.875,15.625,62.5
int,16,full,32,current8,5,46.875,31.25,62.5
int,16,full,32,stdSort,5,46.875,15.625,46.875
int,16,positive22,22,adaptive,5,62.5,46.875,78.125
int,16,positive22,22,current8,5,62.5,46.875,78.125
int,16,positive22,22,stdSort,5,62.5,46.875,78.125
int,16,reverse,4,adaptive,5,31.25,15.625,31.25
int,16,reverse,4,current8,5,109.375,109.375,125.0
int,16,reverse,4,stdSort,5,109.375,93.75,125.0
int,16,signed16,16,adaptive,5,46.875,31.25,62.5
int,16,signed16,16,current8,5,78.125,31.25,93.75
int,16,signed16,16,stdSort,5,62.5,62.5,62.5
int,64,few,4,adaptive,5,328.125,296.875,406.25
int,64,few,4,current8,5,343.75,312.5,375.0
int,64,few,4,stdSort,5,343.75,296.875,359.375
int,64,full,32,adaptive,5,328.125,296.875,375.0
int,64,full,32,current8,5,312.5,296.875,328.125
int,64,full,32,stdSort,5,296.875,265.625,375.0
int,64,positive22,22,adaptive,5,359.375,312.5,390.625
int,64,positive22,22,current8,5,343.75,328.125,359.375
int,64,positive22,22,stdSort,5,390.625,343.75,390.625
int,64,reverse,6,adaptive,5,46.875,31.25,62.5
int,64,reverse,6,current8,5,203.125,171.875,218.75
int,64,reverse,6,stdSort,5,187.5,171.875,187.5
int,64,signed16,16,adaptive,5,312.5,265.625,406.25
int,64,signed16,16,current8,5,359.375,328.125,375.0
int,64,signed16,16,stdSort,5,312.5,265.625,359.375
int,256,few,4,adaptive,5,1125.0,1062.5,1218.75
int,256,few,4,current8,5,1718.75,1656.25,1781.25
int,256,few,4,stdSort,5,1687.5,1687.5,1750.0
int,256,full,32,adaptive,5,2406.25,2312.5,2500.0
int,256,full,32,current8,5,2000.0,1781.25,2093.75
int,256,full,32,stdSort,5,2000.0,1968.75,2000.0
int,256,positive22,22,adaptive,5,1937.5,1812.5,1937.5
int,256,positive22,22,current8,5,1781.25,1750.0,1843.75
int,256,positive22,22,stdSort,5,1812.5,1781.25,1875.0
int,256,reverse,8,adaptive,5,218.75,156.25,250.0
int,256,reverse,8,current8,5,968.75,937.5,1031.25
int,256,reverse,8,stdSort,5,937.5,906.25,1000.0
int,256,signed16,16,adaptive,5,1375.0,1343.75,1375.0
int,256,signed16,16,current8,5,2093.75,2000.0,2125.0
int,256,signed16,16,stdSort,5,2000.0,2000.0,2031.25
int,512,few,4,adaptive,5,1750.0,1687.5,1812.5
int,512,few,4,current8,5,3250.0,3250.0,3375.0
int,512,few,4,stdSort,5,3375.0,3250.0,3437.5
int,512,full,32,adaptive,5,3250.0,3250.0,3562.5
int,512,full,32,current8,5,4000.0,3437.5,4062.5
int,512,full,32,stdSort,5,3812.5,3625.0,4000.0
int,512,positive22,22,adaptive,5,3000.0,2937.5,3000.0
int,512,positive22,22,current8,5,4000.0,3750.0,4000.0
int,512,positive22,22,stdSort,5,4000.0,3875.0,4062.5
int,512,reverse,9,adaptive,5,312.5,250.0,312.5
int,512,reverse,9,current8,5,2250.0,2125.0,2312.5
int,512,reverse,9,stdSort,5,2187.5,2125.0,2250.0
int,512,signed16,16,adaptive,5,2125.0,2000.0,2187.5
int,512,signed16,16,current8,5,3937.5,3750.0,4000.0
int,512,signed16,16,stdSort,5,3937.5,3875.0,4125.0
int,1024,few,4,adaptive,5,2750.0,2500.0,3125.0
int,1024,few,4,current8,5,9250.0,9125.0,9375.0
int,1024,few,4,stdSort,5,6875.0,6750.0,6875.0
int,1024,full,32,adaptive,5,5625.0,5500.0,6125.0
int,1024,full,32,current8,5,4250.0,4125.0,4375.0
int,1024,full,32,stdSort,5,7750.0,7625.0,8750.0
int,1024,positive22,22,adaptive,5,5125.0,5000.0,5500.0
int,1024,positive22,22,current8,5,7125.0,6750.0,8250.0
int,1024,positive22,22,stdSort,5,8875.0,8375.0,9375.0
int,1024,reverse,10,adaptive,5,500.0,500.0,625.0
int,1024,reverse,10,current8,5,8250.0,8125.0,8500.0
int,1024,reverse,10,stdSort,5,4625.0,4375.0,5000.0
int,1024,signed16,16,adaptive,5,4000.0,3375.0,4000.0
int,1024,signed16,16,current8,5,14000.0,13000.0,14000.0
int,1024,signed16,16,stdSort,5,8375.0,8250.0,9000.0
int,2048,few,4,adaptive,5,4250.0,4000.0,4500.0
int,2048,few,4,current8,5,17500.0,16250.0,18250.0
int,2048,few,4,stdSort,5,13500.0,13000.0,13750.0
int,2048,full,32,adaptive,5,10000.0,9750.0,10500.0
int,2048,full,32,current8,5,8000.0,7750.0,8000.0
int,2048,full,32,stdSort,5,17500.0,17250.0,17500.0
int,2048,positive22,22,adaptive,5,8750.0,8500.0,9000.0
int,2048,positive22,22,current8,5,11500.0,11000.0,12000.0
int,2048,positive22,22,stdSort,5,19000.0,18250.0,19250.0
int,2048,reverse,11,adaptive,5,1000.0,1000.0,1250.0
int,2048,reverse,11,current8,5,13250.0,13000.0,14000.0
int,2048,reverse,11,stdSort,5,9250.0,9000.0,9500.0
int,2048,signed16,16,adaptive,5,6250.0,5750.0,6500.0
int,2048,signed16,16,current8,5,24500.0,24250.0,27250.0
int,2048,signed16,16,stdSort,5,18000.0,17000.0,21000.0
int,4096,few,4,adaptive,5,8000.0,8000.0,9000.0
int,4096,few,4,current8,5,34000.0,23000.0,36000.0
int,4096,few,4,stdSort,5,28000.0,28000.0,31000.0
int,4096,full,32,adaptive,5,18000.0,17500.0,18500.0
int,4096,full,32,current8,5,14000.0,14000.0,15000.0
int,4096,full,32,stdSort,5,48500.0,47000.0,61000.0
int,4096,positive22,22,adaptive,5,12000.0,11500.0,14000.0
int,4096,positive22,22,current8,5,20500.0,20500.0,22500.0
int,4096,positive22,22,stdSort,5,41000.0,39500.0,53500.0
int,4096,reverse,12,adaptive,5,2000.0,2000.0,2000.0
int,4096,reverse,12,current8,5,24000.0,24000.0,24000.0
int,4096,reverse,12,stdSort,5,18500.0,18000.0,19000.0
int,4096,signed16,16,adaptive,5,10500.0,10000.0,12000.0
int,4096,signed16,16,current8,5,44500.0,43000.0,45000.0
int,4096,signed16,16,stdSort,5,37000.0,36000.0,48000.0
int,16384,few,4,adaptive,5,31000.0,30000.0,34000.0
int,16384,few,4,current8,5,113000.0,60000.0,114000.0
int,16384,few,4,stdSort,5,162000.0,139000.0,228000.0
int,16384,full,32,adaptive,5,61000.0,60000.0,70000.0
int,16384,full,32,current8,5,52000.0,52000.0,53000.0
int,16384,full,32,stdSort,5,548000.0,521000.0,570000.0
int,16384,positive22,22,adaptive,5,48000.0,43000.0,57000.0
int,16384,positive22,22,current8,5,80000.0,79000.0,81000.0
int,16384,positive22,22,stdSort,5,498000.0,470000.0,541000.0
int,16384,reverse,14,adaptive,5,7000.0,7000.0,7000.0
int,16384,reverse,14,current8,5,36000.0,35000.0,88000.0
int,16384,reverse,14,stdSort,5,77000.0,77000.0,77000.0
int,16384,signed16,16,adaptive,5,44000.0,39000.0,57000.0
int,16384,signed16,16,current8,5,160000.0,159000.0,168000.0
int,16384,signed16,16,stdSort,5,517000.0,457000.0,638000.0
int,65536,few,4,adaptive,5,126000.0,124000.0,142000.0
int,65536,few,4,current8,5,373000.0,133000.0,381000.0
int,65536,few,4,stdSort,5,776000.0,756000.0,823000.0
int,65536,full,32,adaptive,5,223000.0,210000.0,232000.0
int,65536,full,32,current8,5,171000.0,169000.0,177000.0
int,65536,full,32,stdSort,5,2109000.0,2056000.0,2150000.0
int,65536,positive22,22,adaptive,5,208000.0,194000.0,215000.0
int,65536,positive22,22,current8,5,267000.0,197000.0,281000.0
int,65536,positive22,22,stdSort,5,2429000.0,2333000.0,2498000.0
int,65536,reverse,16,adaptive,5,23000.0,22000.0,24000.0
int,65536,reverse,16,current8,5,277000.0,275000.0,304000.0
int,65536,reverse,16,stdSort,5,275000.0,274000.0,318000.0
int,65536,signed16,16,adaptive,5,159000.0,146000.0,186000.0
int,65536,signed16,16,current8,5,510000.0,469000.0,564000.0
int,65536,signed16,16,stdSort,5,2193000.0,2031000.0,2220000.0
int,1000000,few,4,adaptive,5,2454000.0,2420000.0,2486000.0
int,1000000,few,4,current8,5,1872000.0,1851000.0,1910000.0
int,1000000,few,4,stdSort,5,13597000.0,13385000.0,13673000.0
int,1000000,full,32,adaptive,5,3828000.0,3730000.0,3847000.0
int,1000000,full,32,current8,5,3243000.0,3175000.0,3297000.0
int,1000000,full,32,stdSort,5,40250000.0,40092000.0,40961000.0
int,1000000,positive22,22,adaptive,5,3014000.0,2992000.0,3041000.0
int,1000000,positive22,22,current8,5,2793000.0,2744000.0,3061000.0
int,1000000,positive22,22,stdSort,5,39798000.0,39674000.0,39823000.0
int,1000000,reverse,20,adaptive,5,380000.0,371000.0,398000.0
int,1000000,reverse,20,current8,5,7870000.0,6966000.0,8127000.0
int,1000000,reverse,20,stdSort,5,5248000.0,5161000.0,5293000.0
int,1000000,signed16,16,adaptive,5,3009000.0,2974000.0,3118000.0
int,1000000,signed16,16,current8,5,5297000.0,4925000.0,6453000.0
int,1000000,signed16,16,stdSort,5,36616000.0,36514000.0,36831000.0
int,2000000,few,4,adaptive,5,5051000.0,4974000.0,5174000.0
int,2000000,few,4,current8,5,3804000.0,3776000.0,3834000.0
int,2000000,few,4,stdSort,5,28591000.0,28254000.0,28656000.0
int,2000000,full,32,adaptive,5,7936000.0,7830000.0,8114000.0
int,2000000,full,32,current8,5,6628000.0,6352000.0,6714000.0
int,2000000,full,32,stdSort,5,83346000.0,83212000.0,83556000.0
int,2000000,positive22,22,adaptive,5,6355000.0,6221000.0,6364000.0
int,2000000,positive22,22,current8,5,5679000.0,5600000.0,5920000.0
int,2000000,positive22,22,stdSort,5,83096000.0,83011000.0,83332000.0
int,2000000,reverse,21,adaptive,5,776000.0,758000.0,796000.0
int,2000000,reverse,21,current8,5,15651000.0,15073000.0,16001000.0
int,2000000,reverse,21,stdSort,5,11106000.0,10921000.0,11289000.0
int,2000000,signed16,16,adaptive,5,6167000.0,6035000.0,6228000.0
int,2000000,signed16,16,current8,5,10404000.0,8753000.0,10734000.0
int,2000000,signed16,16,stdSort,5,72774000.0,72652000.0,73240000.0
longLong,16,few,4,adaptive,5,31.25,0.0,46.875
longLong,16,few,4,current8,5,15.625,0.0,31.25
longLong,16,few,4,stdSort,5,15.625,15.625,31.25
longLong,16,full,64,adaptive,5,46.875,0.0,62.5
longLong,16,full,64,current8,5,31.25,31.25,31.25
longLong,16,full,64,stdSort,5,15.625,0.0,62.5
longLong,16,positive22,22,adaptive,5,46.875,31.25,46.875
longLong,16,positive22,22,current8,5,31.25,15.625,46.875
longLong,16,positive22,22,stdSort,5,31.25,15.625,46.875
longLong,16,reverse,4,adaptive,5,15.625,0.0,31.25
longLong,16,reverse,4,current8,5,31.25,15.625,46.875
longLong,16,reverse,4,stdSort,5,46.875,31.25,78.125
longLong,16,signed16,16,adaptive,5,31.25,15.625,31.25
longLong,16,signed16,16,current8,5,31.25,15.625,62.5
longLong,16,signed16,16,stdSort,5,15.625,0.0,62.5
longLong,64,few,4,adaptive,5,203.125,187.5,250.0
longLong,64,few,4,current8,5,218.75,187.5,218.75
longLong,64,few,4,stdSort,5,171.875,125.0,234.375
longLong,64,full,64,adaptive,5,187.5,171.875,218.75
longLong,64,full,64,current8,5,171.875,156.25,218.75
longLong,64,full,64,stdSort,5,187.5,171.875,187.5
longLong,64,positive22,22,adaptive,5,171.875,125.0,218.75
longLong,64,positive22,22,current8,5,187.5,171.875,187.5
longLong,64,positive22,22,stdSort,5,187.5,171.875,203.125
longLong,64,reverse,6,adaptive,5,31.25,15.625,46.875
longLong,64,reverse,6,current8,5,140.625,31.25,171.875
longLong,64,reverse,6,stdSort,5,93.75,15.625,171.875
longLong,64,signed16,16,adaptive,5,203.125,156.25,250.0
longLong,64,signed16,16,current8,5,187.5,140.625,250.0
longLong,64,signed16,16,stdSort,5,203.125,156.25,234.375
longLong,256,few,4,adaptive,5,625.0,593.75,812.5
longLong,256,few,4,current8,5,875.0,812.5,1250.0
longLong,256,few,4,stdSort,5,937.5,843.75,1437.5
longLong,256,full,64,adaptive,5,1187.5,1093.75,1250.0
longLong,256,full,64,current8,5,1000.0,1000.0,1031.25
longLong,256,full,64,stdSort,5,1031.25,1000.0,1062.5
longLong,256,positive22,22,adaptive,5,1093.75,1000.0,1156.25
longLong,256,positive22,22,current8,5,1156.25,1031.25,1250.0
longLong,256,positive22,22,stdSort,5,1156.25,968.75,1156.25
longLong,256,reverse,8,adaptive,5,187.5,31.25,218.75
longLong,256,reverse,8,current8,5,656.25,593.75,718.75
longLong,256,reverse,8,stdSort,5,656.25,593.75,687.5
longLong,256,signed16,16,adaptive,5,843.75,718.75,937.5
longLong,256,signed16,16,current8,5,1156.25,1062.5,1343.75
longLong,256,signed16,16,stdSort,5,1468.75,1093.75,1531.25
longLong,512,few,4,adaptive,5,1250.0,1062.5,1312.5
longLong,512,few,4,current8,5,2250.0,2000.0,2312.5
longLong,512,few,4,stdSort,5,2250.0,2000.0,2312.5
longLong,512,full,64,adaptive,5,3000.0,2687.5,3250.0
longLong,512,full,64,current8,5,2437.5,2125.0,2562.5
longLong,512,full,64,stdSort,5,2187.5,2062.5,2562.5
longLong,512,positive22,22,adaptive,5,1875.0,1625.0,1875.0
longLong,512,positive22,22,current8,5,2437.5,2437.5,3000.0
longLong,512,positive22,22,stdSort,5,2500.0,2375.0,2562.5
longLong,512,reverse,9,adaptive,5,250.0,187.5,312.5
longLong,512,reverse,9,current8,5,1562.5,1437.5,1812.5
longLong,512,reverse,9,stdSort,5,1500.0,1500.0,1625.0
longLong,512,signed16,16,adaptive,5,1250.0,1187.5,1937.5
longLong,512,signed16,16,current8,5,2187.5,2125.0,2937.5
longLong,512,signed16,16,stdSort,5,2312.5,2187.5,2875.0
longLong,1024,few,4,adaptive,5,2000.0,1625.0,2000.0
longLong,1024,few,4,current8,5,12750.0,12250.0,14250.0
longLong,1024,few,4,stdSort,5,5000.0,4500.0,6000.0
longLong,1024,full,64,adaptive,5,6750.0,6125.0,7125.0
longLong,1024,full,64,current8,5,6250.0,5750.0,6875.0
longLong,1024,full,64,stdSort,5,5875.0,5250.0,6000.0
longLong,1024,positive22,22,adaptive,5,3125.0,3000.0,3625.0
longLong,1024,positive22,22,current8,5,10500.0,10125.0,12000.0
longLong,1024,positive22,22,stdSort,5,5000.0,5000.0,5625.0
longLong,1024,reverse,10,adaptive,5,500.0,375.0,625.0
longLong,1024,reverse,10,current8,5,13375.0,11875.0,13875.0
longLong,1024,reverse,10,stdSort,5,3250.0,3000.0,3500.0
longLong,1024,signed16,16,adaptive,5,2250.0,2250.0,2750.0
longLong,1024,signed16,16,current8,5,23250.0,20875.0,25000.0
longLong,1024,signed16,16,stdSort,5,5500.0,5125.0,6125.0
longLong,2048,few,4,adaptive,5,3250.0,3000.0,4000.0
longLong,2048,few,4,current8,5,24500.0,24250.0,28000.0
longLong,2048,few,4,stdSort,5,9250.0,8750.0,11000.0
longLong,2048,full,64,adaptive,5,12000.0,11750.0,13500.0
longLong,2048,full,64,current8,5,11000.0,10250.0,11250.0
longLong,2048,full,64,stdSort,5,11500.0,11250.0,13500.0
longLong,2048,positive22,22,adaptive,5,5500.0,5250.0,6250.0
longLong,2048,positive22,22,current8,5,20500.0,20000.0,23250.0
longLong,2048,positive22,22,stdSort,5,12500.0,11750.0,29250.0
longLong,2048,reverse,11,adaptive,5,750.0,500.0,1000.0
longLong,2048,reverse,11,current8,5,22250.0,18500.0,22500.0
longLong,2048,reverse,11,stdSort,5,6250.0,6000.0,6250.0
longLong,2048,signed16,16,adaptive,5,4000.0,3750.0,4750.0
longLong,2048,signed16,16,current8,5,41250.0,41250.0,45500.0
longLong,2048,signed16,16,stdSort,5,11750.0,11000.0,15500.0
longLong,4096,few,4,adaptive,5,6000.0,5500.0,6500.0
longLong,4096,few,4,current8,5,49000.0,48500.0,50000.0
longLong,4096,few,4,stdSort,5,19000.0,19000.0,22000.0
longLong,4096,full,64,adaptive,5,23000.0,22500.0,26000.0
longLong,4096,full,64,current8,5,20500.0,20000.0,22000.0
longLong,4096,full,64,stdSort,5,37500.0,34000.0,43000.0
longLong,4096,positive22,22,adaptive,5,8500.0,8500.0,8500.0
longLong,4096,positive22,22,current8,5,40500.0,40000.0,40500.0
longLong,4096,positive22,22,stdSort,5,40000.0,39000.0,46500.0
longLong,4096,reverse,12,adaptive,5,1000.0,1000.0,1500.0
longLong,4096,reverse,12,current8,5,43500.0,43000.0,43500.0
longLong,4096,reverse,12,stdSort,5,13500.0,13000.0,14000.0
longLong,4096,signed16,16,adaptive,5,7500.0,7500.0,8500.0
longLong,4096,signed16,16,current8,5,82000.0,82000.0,82500.0
longLong,4096,signed16,16,stdSort,5,25000.0,24500.0,33000.0
longLong,16384,few,4,adaptive,5,28000.0,26000.0,39000.0
longLong,16384,few,4,current8,5,194000.0,114000.0,215000.0
longLong,16384,few,4,stdSort,5,129000.0,111000.0,185000.0
longLong,16384,full,64,adaptive,5,100000.0,91000.0,103000.0
longLong,16384,full,64,current8,5,103000.0,95000.0,108000.0
longLong,16384,full,64,stdSort,5,439000.0,415000.0,487000.0
longLong,16384,positive22,22,adaptive,5,39000.0,36000.0,46000.0
longLong,16384,positive22,22,current8,5,165000.0,164000.0,169000.0
longLong,16384,positive22,22,stdSort,5,384000.0,351000.0,395000.0
longLong,16384,reverse,14,adaptive,5,6000.0,5000.0,7000.0
longLong,16384,reverse,14,current8,5,59000.0,54000.0,64000.0
longLong,16384,reverse,14,stdSort,5,70000.0,63000.0,70000.0
longLong,16384,signed16,16,adaptive,5,39000.0,33000.0,44000.0
longLong,16384,signed16,16,current8,5,330000.0,316000.0,335000.0
longLong,16384,signed16,16,stdSort,5,401000.0,354000.0,465000.0
longLong,65536,few,4,adaptive,5,139000.0,133000.0,168000.0
longLong,65536,few,4,current8,5,779000.0,317000.0,903000.0
longLong,65536,few,4,stdSort,5,839000.0,811000.0,862000.0
longLong,65536,full,64,adaptive,5,384000.0,379000.0,423000.0
longLong,65536,full,64,current8,5,404000.0,376000.0,855000.0
longLong,65536,full,64,stdSort,5,2103000.0,2020000.0,2278000.0
longLong,65536,positive22,22,adaptive,5,185000.0,165000.0,186000.0
longLong,65536,positive22,22,current8,5,674000.0,653000.0,754000.0
longLong,65536,positive22,22,stdSort,5,2062000.0,2046000.0,2104000.0
longLong,65536,reverse,16,adaptive,5,24000.0,24000.0,27000.0
longLong,65536,reverse,16,current8,5,393000.0,387000.0,493000.0
longLong,65536,reverse,16,stdSort,5,296000.0,277000.0,306000.0
longLong,65536,signed16,16,adaptive,5,154000.0,151000.0,167000.0
longLong,65536,signed16,16,current8,5,1363000.0,1307000.0,1390000.0
longLong,65536,signed16,16,stdSort,5,2013000.0,1996000.0,2127000.0
longLong,1000000,few,4,adaptive,5,2779000.0,2706000.0,3044000.0
longLong,1000000,few,4,current8,5,3124000.0,3085000.0,3358000.0
longLong,1000000,few,4,stdSort,5,13816000.0,13740000.0,13905000.0
longLong,1000000,full,64,adaptive,5,6897000.0,6709000.0,6978000.0
longLong,1000000,full,64,current8,5,6840000.0,6671000.0,6965000.0
longLong,1000000,full,64,stdSort,5,40275000.0,40085000.0,40699000.0
longLong,1000000,positive22,22,adaptive,5,3441000.0,3334000.0,3500000.0
longLong,1000000,positive22,22,current8,5,4264000.0,4209000.0,4317000.0
longLong,1000000,positive22,22,stdSort,5,40023000.0,39980000.0,40295000.0
longLong,1000000,reverse,20,adaptive,5,399000.0,393000.0,400000.0
longLong,1000000,reverse,20,current8,5,8745000.0,8430000.0,9445000.0
longLong,1000000,reverse,20,stdSort,5,5337000.0,5273000.0,5364000.0
longLong,1000000,signed16,16,adaptive,5,3267000.0,3213000.0,3404000.0
longLong,1000000,signed16,16,current8,5,15573000.0,15204000.0,16961000.0
longLong,1000000,signed16,16,stdSort,5,36698000.0,36574000.0,36925000.0
longLong,2000000,few,4,adaptive,5,4966000.0,4914000.0,5031000.0
longLong,2000000,few,4,current8,5,5834000.0,5800000.0,5990000.0
longLong,2000000,few,4,stdSort,5,28977000.0,28820000.0,29519000.0
longLong,2000000,full,64,adaptive,5,13228000.0,13097000.0,13387000.0
longLong,2000000,full,64,current8,5,13232000.0,13070000.0,13299000.0
longLong,2000000,full,64,stdSort,5,83179000.0,83051000.0,83648000.0
longLong,2000000,positive22,22,adaptive,5,6288000.0,6198000.0,6344000.0
longLong,2000000,positive22,22,current8,5,8018000.0,7988000.0,10595000.0
longLong,2000000,positive22,22,stdSort,5,83741000.0,83422000.0,84119000.0
longLong,2000000,reverse,21,adaptive,5,803000.0,760000.0,869000.0
longLong,2000000,reverse,21,current8,5,18240000.0,17922000.0,18966000.0
longLong,2000000,reverse,21,stdSort,5,11147000.0,10988000.0,11174000.0
longLong,2000000,signed16,16,adaptive,5,6042000.0,5791000.0,6212000.0
longLong,2000000,signed16,16,current8,5,28168000.0,26141000.0,29173000.0
longLong,2000000,signed16,16,stdSort,5,72978000.0,72786000.0,77917000.0
