candidate,round,construct_ms,insert_ms
sbtBase,1,0.454,190.925
sbtNoInline,1,0.412,183.115
offBase,1,85.307,99.411
offRadix,1,15.740,100.672
offRadix,2,15.528,98.557
sbtNoInline,2,0.423,186.709
sbtBase,2,0.438,187.265
offBase,2,85.089,99.002
offBase,3,87.255,104.079
sbtNoInline,3,0.432,182.304
sbtBase,3,0.428,195.472
offRadix,3,14.612,99.045
sbtBase,4,0.418,184.234
offBase,4,83.510,97.036
offRadix,4,14.864,98.199
sbtNoInline,4,0.407,284.051
offRadix,5,15.914,102.529
sbtNoInline,5,0.426,185.654
sbtBase,5,0.399,182.879
offBase,5,83.836,97.952
sbtNoInline,6,0.406,183.982
offBase,6,83.495,100.073
sbtBase,6,0.398,185.651
offRadix,6,17.174,98.706
offBase,7,84.407,98.214
sbtNoInline,7,0.411,182.214
offRadix,7,17.345,100.467
sbtBase,7,0.418,195.231
