workload,candidate,round,ns_per_op
build,compact,1,206.377
build,index32,1,232.555
build,radix,1,150.456
build,base,1,216.004
build,index32,2,229.271
build,compact,2,205.253
build,base,2,203.181
build,radix,2,124.719
build,compact,3,201.132
build,base,3,198.805
build,index32,3,202.561
build,radix,3,124.167
build,base,4,191.842
build,compact,4,189.690
build,radix,4,119.307
build,index32,4,196.510
build,compact,5,189.661
build,radix,5,120.405
build,index32,5,196.026
build,base,5,194.605
updateMixed,radix,1,112.623
updateMixed,index32,1,124.380
updateMixed,base,1,111.467
updateMixed,compact,1,109.620
updateMixed,index32,2,122.442
updateMixed,compact,2,107.582
updateMixed,base,2,110.949
updateMixed,radix,2,127.391
updateMixed,base,3,141.310
updateMixed,compact,3,137.879
updateMixed,index32,3,143.716
updateMixed,radix,3,116.972
updateMixed,index32,4,125.665
updateMixed,base,4,115.950
updateMixed,radix,4,110.730
updateMixed,compact,4,110.622
updateMixed,radix,5,111.416
updateMixed,compact,5,109.739
updateMixed,index32,5,122.659
updateMixed,base,5,111.430
containsHit,index32,1,91.155
containsHit,base,1,84.528
containsHit,radix,1,85.800
containsHit,compact,1,85.205
containsHit,base,2,91.955
containsHit,index32,2,97.808
containsHit,compact,2,89.964
containsHit,radix,2,87.195
containsHit,radix,3,85.798
containsHit,compact,3,85.558
containsHit,base,3,85.547
containsHit,index32,3,92.638
containsHit,index32,4,92.147
containsHit,compact,4,89.008
containsHit,radix,4,85.307
containsHit,base,4,90.427
containsHit,compact,5,93.248
containsHit,base,5,92.992
containsHit,radix,5,87.323
containsHit,index32,5,94.262
