version,round,case,work_items,total_ms,ns_per_item,checksum,verified
before,median,candidate_copy,2000000,0.522000,0.261000,3996528821433184966,1
before,median,off_contains,1000000,119.995000,119.995000,750286160559,1
before,median,off_ctor_lvalue_unsorted,2000000,91.867000,45.933500,5333341333336000000,1
before,median,off_ctor_moved_presorted,2000000,18.667000,9.333500,5333341333336000000,1
before,median,off_ctor_moved_unsorted,2000000,86.419000,43.209500,5333341333336000000,1
before,median,off_insert_random,1000000,140.339000,140.339000,1000000,1
before,median,off_keyAt,1000000,89.986000,89.986000,1002008341323640366,1
before,median,off_mixed20_each,1000000,142.011000,142.011000,250458483508069621,1
before,median,off_mixed50_25_25,1000000,127.738000,127.738000,750335901718,1
before,median,off_rankOf,1000000,121.642000,121.642000,249282144005326411,1
before,median,raw_fenwick_add,1000000,21.955000,21.955000,6921680143900517963,1
before,median,raw_fenwick_linear_build,2000000,3.744000,1.872000,6921680143900517963,1
before,median,raw_fenwick_mixed20_each,1000000,29.409000,29.409000,250458483508069621,1
before,median,raw_fenwick_mixed50_25_25,1000000,9.241000,9.241000,750335901718,1
before,median,raw_fenwick_prefix,1000000,9.273000,9.273000,249282144005326411,1
before,median,raw_fenwick_select,1000000,62.626000,62.626000,501003670661320183,1
before,median,sbt_contains,1000000,148.758000,148.758000,750286160559,1
before,median,sbt_ctor_fixed,1000000,0.413000,0.413000,0,1
before,median,sbt_insert_random,1000000,211.087000,211.087000,1000000,1
before,median,sbt_keyAt,1000000,174.696000,174.696000,1002008341323640366,1
before,median,sbt_mixed50_25_25,1000000,201.347000,201.347000,750335901718,1
before,median,sbt_rankOf,1000000,151.824000,151.824000,249282144005326411,1
before,median,sort_unique,2000000,88.333000,44.166500,5333341333336000000,1
before,median,std_lower_bound,1000000,89.761000,89.761000,499309761204738197,1
before,median,std_set_contains,1000000,458.448000,458.448000,750286160559,1
before,median,std_set_insert_random,1000000,208.610000,208.610000,1000000,1
before,median,std_set_mixed50_25_25,1000000,383.104000,383.104000,750335901718,1
after,median,candidate_copy,2000000,0.391000,0.195500,3996528821433184966,1
after,median,off_contains,1000000,95.671000,95.671000,750286160559,1
after,median,off_ctor_lvalue_unsorted,2000000,84.801000,42.400500,5333341333336000000,1
after,median,off_ctor_moved_presorted,2000000,1.413000,0.706500,5333341333336000000,1
after,median,off_ctor_moved_unsorted,2000000,84.058000,42.029000,5333341333336000000,1
after,median,off_insert_random,1000000,111.860000,111.860000,1000000,1
after,median,off_keyAt,1000000,62.725000,62.725000,1002008341323640366,1
after,median,off_mixed20_each,1000000,100.164000,100.164000,250458483508069621,1
after,median,off_mixed50_25_25,1000000,107.771000,107.771000,750335901718,1
after,median,off_rankOf,1000000,100.884000,100.884000,249282144005326411,1
after,median,raw_fenwick_add,1000000,21.354000,21.354000,6921680143900517963,1
after,median,raw_fenwick_linear_build,2000000,3.652000,1.826000,6921680143900517963,1
after,median,raw_fenwick_mixed20_each,1000000,26.191000,26.191000,250458483508069621,1
after,median,raw_fenwick_mixed50_25_25,1000000,9.137000,9.137000,750335901718,1
after,median,raw_fenwick_prefix,1000000,9.017000,9.017000,249282144005326411,1
after,median,raw_fenwick_select,1000000,56.741000,56.741000,501003670661320183,1
after,median,sbt_contains,1000000,147.211000,147.211000,750286160559,1
after,median,sbt_ctor_fixed,1000000,0.442000,0.442000,0,1
after,median,sbt_insert_random,1000000,183.483000,183.483000,1000000,1
after,median,sbt_keyAt,1000000,170.748000,170.748000,1002008341323640366,1
after,median,sbt_mixed50_25_25,1000000,172.491000,172.491000,750335901718,1
after,median,sbt_rankOf,1000000,148.239000,148.239000,249282144005326411,1
after,median,sort_unique,2000000,83.823000,41.911500,5333341333336000000,1
after,median,std_lower_bound,1000000,89.551000,89.551000,499309761204738197,1
after,median,std_set_contains,1000000,324.308000,324.308000,750286160559,1
after,median,std_set_insert_random,1000000,151.059000,151.059000,1000000,1
after,median,std_set_mixed50_25_25,1000000,309.648000,309.648000,750335901718,1
