workload,variant,round,n,q,ns_per_op,allocation_ns_per_key,insertion_ns_per_key,hash
build,split,1,1000000,1000000,183.596,0.434,183.162,182156675363715685
build,template,1,1000000,1000000,257.611,0.425,257.186,182156675363715685
build,baseline,1,1000000,1000000,276.960,0.476,276.484,182156675363715685
build,splitTemplate,1,1000000,1000000,260.842,0.502,260.340,182156675363715685
build,template,2,1000000,1000000,213.394,0.478,212.916,182156675363715685
build,splitTemplate,2,1000000,1000000,192.411,0.412,191.999,182156675363715685
build,split,2,1000000,1000000,187.192,0.410,186.782,182156675363715685
build,baseline,2,1000000,1000000,245.635,0.421,245.214,182156675363715685
build,splitTemplate,3,1000000,1000000,287.831,0.438,287.393,182156675363715685
build,template,3,1000000,1000000,203.878,0.408,203.470,182156675363715685
build,baseline,3,1000000,1000000,192.886,0.450,192.436,182156675363715685
build,split,3,1000000,1000000,185.772,0.407,185.365,182156675363715685
build,template,4,1000000,1000000,191.236,0.406,190.830,182156675363715685
build,split,4,1000000,1000000,184.090,0.421,183.669,182156675363715685
build,baseline,4,1000000,1000000,190.312,0.401,189.911,182156675363715685
build,splitTemplate,4,1000000,1000000,188.297,0.411,187.886,182156675363715685
build,baseline,5,1000000,1000000,203.375,0.476,202.899,182156675363715685
build,template,5,1000000,1000000,200.192,0.406,199.786,182156675363715685
build,splitTemplate,5,1000000,1000000,218.514,0.417,218.097,182156675363715685
build,split,5,1000000,1000000,193.133,0.401,192.732,182156675363715685
updateMixed,split,1,1000000,1000000,269.495,0.000,0.000,8517056851876614565
updateMixed,template,1,1000000,1000000,254.559,0.000,0.000,8517056851876614565
updateMixed,baseline,1,1000000,1000000,293.594,0.000,0.000,8517056851876614565
updateMixed,splitTemplate,1,1000000,1000000,315.497,0.000,0.000,8517056851876614565
updateMixed,template,2,1000000,1000000,282.180,0.000,0.000,8517056851876614565
updateMixed,splitTemplate,2,1000000,1000000,300.215,0.000,0.000,8517056851876614565
updateMixed,baseline,2,1000000,1000000,279.449,0.000,0.000,8517056851876614565
updateMixed,split,2,1000000,1000000,290.388,0.000,0.000,8517056851876614565
updateMixed,template,3,1000000,1000000,252.390,0.000,0.000,8517056851876614565
updateMixed,splitTemplate,3,1000000,1000000,269.840,0.000,0.000,8517056851876614565
updateMixed,split,3,1000000,1000000,269.935,0.000,0.000,8517056851876614565
updateMixed,baseline,3,1000000,1000000,265.771,0.000,0.000,8517056851876614565
updateMixed,splitTemplate,4,1000000,1000000,252.547,0.000,0.000,8517056851876614565
updateMixed,baseline,4,1000000,1000000,365.731,0.000,0.000,8517056851876614565
updateMixed,template,4,1000000,1000000,360.704,0.000,0.000,8517056851876614565
updateMixed,split,4,1000000,1000000,207.025,0.000,0.000,8517056851876614565
updateMixed,split,5,1000000,1000000,213.436,0.000,0.000,8517056851876614565
updateMixed,template,5,1000000,1000000,220.313,0.000,0.000,8517056851876614565
updateMixed,splitTemplate,5,1000000,1000000,273.959,0.000,0.000,8517056851876614565
updateMixed,baseline,5,1000000,1000000,219.169,0.000,0.000,8517056851876614565
