type,n,bits,gaps,pattern,comparator,method,round,repeats,ns
i32,256,4,0,0,lessVoid,4,1,100,10064.530
i32,256,4,0,0,lessVoid,2,1,256,433.574
i32,256,4,0,0,lessVoid,3,1,256,945.305
i32,256,4,0,0,lessVoid,3,2,256,937.184
i32,256,4,0,0,lessVoid,4,2,101,9941.406
i32,256,4,0,0,lessVoid,2,2,256,433.895
i32,256,4,0,0,lessVoid,2,3,256,437.188
i32,256,4,0,0,lessVoid,4,3,96,10496.521
i32,256,4,0,0,lessVoid,3,3,256,1089.016
i32,256,4,0,0,lessVoid,3,4,256,1059.211
i32,256,4,0,0,lessVoid,2,4,256,485.195
i32,256,4,0,0,lessVoid,4,4,90,11221.700
i32,256,4,0,0,lessVoid,2,5,256,513.184
i32,256,4,0,0,lessVoid,4,5,88,11479.739
i32,256,4,0,0,lessVoid,3,5,256,1056.336
i32,256,16,0,0,lessVoid,2,1,256,1074.414
i32,256,16,0,0,lessVoid,3,1,256,1085.227
i32,256,16,0,0,lessVoid,4,1,256,1065.926
i32,256,16,0,0,lessVoid,3,2,256,1057.266
i32,256,16,0,0,lessVoid,4,2,256,1059.738
i32,256,16,0,0,lessVoid,2,2,256,1059.422
i32,256,16,0,0,lessVoid,2,3,256,1080.395
i32,256,16,0,0,lessVoid,3,3,256,1063.477
i32,256,16,0,0,lessVoid,4,3,256,1087.109
i32,256,16,0,0,lessVoid,2,4,256,1096.480
i32,256,16,0,0,lessVoid,3,4,256,1102.863
i32,256,16,0,0,lessVoid,4,4,256,1065.105
i32,256,16,0,0,lessVoid,2,5,256,1069.172
i32,256,16,0,0,lessVoid,4,5,256,1060.680
i32,256,16,0,0,lessVoid,3,5,256,1052.398
i32,256,22,0,0,lessVoid,4,1,256,1153.473
i32,256,22,0,0,lessVoid,2,1,256,1156.098
i32,256,22,0,0,lessVoid,3,1,256,1265.484
i32,256,22,0,0,lessVoid,4,2,256,1272.637
i32,256,22,0,0,lessVoid,3,2,256,1320.969
i32,256,22,0,0,lessVoid,2,2,256,1135.402
i32,256,22,0,0,lessVoid,4,3,256,1122.559
i32,256,22,0,0,lessVoid,3,3,256,1130.699
i32,256,22,0,0,lessVoid,2,3,256,1119.148
i32,256,22,0,0,lessVoid,2,4,256,1125.016
i32,256,22,0,0,lessVoid,4,4,256,1111.969
i32,256,22,0,0,lessVoid,3,4,256,1118.531
i32,256,22,0,0,lessVoid,4,5,256,1111.004
i32,256,22,0,0,lessVoid,3,5,256,1123.203
i32,256,22,0,0,lessVoid,2,5,256,1115.871
i32,256,32,0,0,lessVoid,2,1,256,981.453
i32,256,32,0,0,lessVoid,3,1,256,976.410
i32,256,32,0,0,lessVoid,4,1,256,968.293
i32,256,32,0,0,lessVoid,2,2,256,973.137
i32,256,32,0,0,lessVoid,3,2,256,976.074
i32,256,32,0,0,lessVoid,4,2,256,1015.945
i32,256,32,0,0,lessVoid,4,3,256,982.598
i32,256,32,0,0,lessVoid,3,3,256,980.129
i32,256,32,0,0,lessVoid,2,3,256,985.367
i32,256,32,0,0,lessVoid,4,4,256,1026.359
i32,256,32,0,0,lessVoid,3,4,256,1079.938
i32,256,32,0,0,lessVoid,2,4,256,981.441
i32,256,32,0,0,lessVoid,2,5,256,979.316
i32,256,32,0,0,lessVoid,4,5,256,1058.105
i32,256,32,0,0,lessVoid,3,5,256,1004.559
i32,256,8,16,0,lessVoid,2,1,256,992.828
i32,256,8,16,0,lessVoid,3,1,256,1075.844
i32,256,8,16,0,lessVoid,4,1,256,1124.191
i32,256,8,16,0,lessVoid,2,2,256,1072.445
i32,256,8,16,0,lessVoid,4,2,256,1060.539
i32,256,8,16,0,lessVoid,3,2,256,1075.805
i32,256,8,16,0,lessVoid,4,3,256,1064.793
i32,256,8,16,0,lessVoid,2,3,256,1077.688
i32,256,8,16,0,lessVoid,3,3,256,1079.691
i32,256,8,16,0,lessVoid,4,4,256,1067.371
i32,256,8,16,0,lessVoid,2,4,256,1067.391
i32,256,8,16,0,lessVoid,3,4,256,1071.938
i32,256,8,16,0,lessVoid,4,5,256,1069.832
i32,256,8,16,0,lessVoid,2,5,256,1085.336
i32,256,8,16,0,lessVoid,3,5,256,1121.125
i32,1024,4,0,0,lessVoid,2,1,256,1533.559
i32,1024,4,0,0,lessVoid,3,1,256,2167.168
i32,1024,4,0,0,lessVoid,4,1,85,11880.388
i32,1024,4,0,0,lessVoid,2,2,256,1360.668
i32,1024,4,0,0,lessVoid,4,2,91,11025.154
i32,1024,4,0,0,lessVoid,3,2,256,1858.887
i32,1024,4,0,0,lessVoid,4,3,84,12001.060
i32,1024,4,0,0,lessVoid,3,3,256,2133.129
i32,1024,4,0,0,lessVoid,2,3,256,1566.723
i32,1024,4,0,0,lessVoid,3,4,256,2130.906
i32,1024,4,0,0,lessVoid,4,4,80,12502.100
i32,1024,4,0,0,lessVoid,2,4,256,1602.180
i32,1024,4,0,0,lessVoid,2,5,256,1587.410
i32,1024,4,0,0,lessVoid,3,5,256,2172.672
i32,1024,4,0,0,lessVoid,4,5,81,12441.272
i32,1024,16,0,0,lessVoid,4,1,38,26484.658
i32,1024,16,0,0,lessVoid,2,1,256,1901.219
i32,1024,16,0,0,lessVoid,3,1,256,3450.648
i32,1024,16,0,0,lessVoid,2,2,256,2157.277
i32,1024,16,0,0,lessVoid,3,2,256,3419.703
i32,1024,16,0,0,lessVoid,4,2,33,30779.091
i32,1024,16,0,0,lessVoid,4,3,33,30662.758
i32,1024,16,0,0,lessVoid,3,3,256,3219.711
i32,1024,16,0,0,lessVoid,2,3,256,1934.273
i32,1024,16,0,0,lessVoid,4,4,36,28065.972
i32,1024,16,0,0,lessVoid,3,4,256,3395.160
i32,1024,16,0,0,lessVoid,2,4,256,2131.328
i32,1024,16,0,0,lessVoid,2,5,256,2133.992
i32,1024,16,0,0,lessVoid,4,5,34,30237.735
i32,1024,16,0,0,lessVoid,3,5,256,3426.250
i32,1024,22,0,0,lessVoid,2,1,256,2620.781
i32,1024,22,0,0,lessVoid,4,1,40,25198.950
i32,1024,22,0,0,lessVoid,3,1,256,2951.836
i32,1024,22,0,0,lessVoid,4,2,40,25119.750
i32,1024,22,0,0,lessVoid,2,2,256,2778.996
i32,1024,22,0,0,lessVoid,3,2,256,3070.137
i32,1024,22,0,0,lessVoid,3,3,256,3024.910
i32,1024,22,0,0,lessVoid,2,3,256,2854.645
i32,1024,22,0,0,lessVoid,4,3,39,25698.769
i32,1024,22,0,0,lessVoid,2,4,256,2833.336
i32,1024,22,0,0,lessVoid,3,4,256,3282.242
i32,1024,22,0,0,lessVoid,4,4,35,29065.429
i32,1024,22,0,0,lessVoid,4,5,35,28822.657
i32,1024,22,0,0,lessVoid,2,5,256,3008.484
i32,1024,22,0,0,lessVoid,3,5,256,3308.273
i32,1024,32,0,0,lessVoid,2,1,256,3704.746
i32,1024,32,0,0,lessVoid,3,1,216,4631.028
i32,1024,32,0,0,lessVoid,4,1,23,44614.261
i32,1024,32,0,0,lessVoid,2,2,256,3701.824
i32,1024,32,0,0,lessVoid,4,2,23,44262.652
i32,1024,32,0,0,lessVoid,3,2,216,4632.329
i32,1024,32,0,0,lessVoid,2,3,256,3751.641
i32,1024,32,0,0,lessVoid,4,3,22,45568.227
i32,1024,32,0,0,lessVoid,3,3,216,4634.824
i32,1024,32,0,0,lessVoid,4,4,23,44168.391
i32,1024,32,0,0,lessVoid,2,4,256,3721.836
i32,1024,32,0,0,lessVoid,3,4,216,4644.079
i32,1024,32,0,0,lessVoid,2,5,256,3715.168
i32,1024,32,0,0,lessVoid,3,5,216,4637.509
i32,1024,32,0,0,lessVoid,4,5,23,44835.217
i32,1024,8,16,0,lessVoid,2,1,198,5056.818
i32,1024,8,16,0,lessVoid,4,1,60,16770.867
i32,1024,8,16,0,lessVoid,3,1,143,7025.056
i32,1024,8,16,0,lessVoid,2,2,195,5134.836
i32,1024,8,16,0,lessVoid,4,2,60,16724.983
i32,1024,8,16,0,lessVoid,3,2,140,7184.514
i32,1024,8,16,0,lessVoid,2,3,197,5099.629
i32,1024,8,16,0,lessVoid,4,3,61,16510.213
i32,1024,8,16,0,lessVoid,3,3,144,6959.736
i32,1024,8,16,0,lessVoid,2,4,198,5060.141
i32,1024,8,16,0,lessVoid,4,4,61,16489.738
i32,1024,8,16,0,lessVoid,3,4,144,6953.979
i32,1024,8,16,0,lessVoid,3,5,144,6971.361
i32,1024,8,16,0,lessVoid,4,5,62,16314.597
i32,1024,8,16,0,lessVoid,2,5,198,5070.737
i32,4096,4,0,0,lessVoid,3,1,162,6195.216
i32,4096,4,0,0,lessVoid,4,1,63,16029.746
i32,4096,4,0,0,lessVoid,2,1,178,5642.124
i32,4096,4,0,0,lessVoid,3,2,158,6360.222
i32,4096,4,0,0,lessVoid,2,2,178,5622.871
i32,4096,4,0,0,lessVoid,4,2,63,16066.111
i32,4096,4,0,0,lessVoid,4,3,62,16196.871
i32,4096,4,0,0,lessVoid,2,3,178,5624.994
i32,4096,4,0,0,lessVoid,3,3,161,6222.553
i32,4096,4,0,0,lessVoid,2,4,176,5691.136
i32,4096,4,0,0,lessVoid,4,4,61,16568.311
i32,4096,4,0,0,lessVoid,3,4,162,6183.117
i32,4096,4,0,0,lessVoid,3,5,162,6175.870
i32,4096,4,0,0,lessVoid,4,5,63,16007.270
i32,4096,4,0,0,lessVoid,2,5,179,5613.570
i32,4096,16,0,0,lessVoid,2,1,131,7681.580
i32,4096,16,0,0,lessVoid,3,1,109,9176.615
i32,4096,16,0,0,lessVoid,4,1,23,44621.348
i32,4096,16,0,0,lessVoid,2,2,133,7561.075
i32,4096,16,0,0,lessVoid,4,2,23,44498.130
i32,4096,16,0,0,lessVoid,3,2,109,9175.055
i32,4096,16,0,0,lessVoid,4,3,23,44583.391
i32,4096,16,0,0,lessVoid,3,3,109,9205.294
i32,4096,16,0,0,lessVoid,2,3,131,7643.137
i32,4096,16,0,0,lessVoid,2,4,132,7618.659
i32,4096,16,0,0,lessVoid,3,4,110,9157.927
i32,4096,16,0,0,lessVoid,4,4,23,44715.609
i32,4096,16,0,0,lessVoid,4,5,23,44858.739
i32,4096,16,0,0,lessVoid,3,5,109,9180.404
i32,4096,16,0,0,lessVoid,2,5,130,7695.831
i32,4096,22,0,0,lessVoid,4,1,29,34929.690
i32,4096,22,0,0,lessVoid,3,1,116,8637.905
i32,4096,22,0,0,lessVoid,2,1,94,10678.638
i32,4096,22,0,0,lessVoid,2,2,95,10596.074
i32,4096,22,0,0,lessVoid,4,2,29,34951.103
i32,4096,22,0,0,lessVoid,3,2,115,8724.652
i32,4096,22,0,0,lessVoid,4,3,29,35616.379
i32,4096,22,0,0,lessVoid,3,3,116,8664.509
i32,4096,22,0,0,lessVoid,2,3,95,10558.316
i32,4096,22,0,0,lessVoid,4,4,29,35038.862
i32,4096,22,0,0,lessVoid,3,4,116,8638.241
i32,4096,22,0,0,lessVoid,2,4,95,10587.305
i32,4096,22,0,0,lessVoid,4,5,29,35051.724
i32,4096,22,0,0,lessVoid,2,5,95,10719.305
i32,4096,22,0,0,lessVoid,3,5,114,8816.535
i32,4096,32,0,0,lessVoid,3,1,83,12079.301
i32,4096,32,0,0,lessVoid,2,1,75,13376.067
i32,4096,32,0,0,lessVoid,4,1,18,57863.333
i32,4096,32,0,0,lessVoid,4,2,18,57861.111
i32,4096,32,0,0,lessVoid,3,2,83,12087.855
i32,4096,32,0,0,lessVoid,2,2,76,13325.645
i32,4096,32,0,0,lessVoid,4,3,18,57243.056
i32,4096,32,0,0,lessVoid,2,3,76,13304.789
i32,4096,32,0,0,lessVoid,3,3,83,12092.373
i32,4096,32,0,0,lessVoid,4,4,18,57486.111
i32,4096,32,0,0,lessVoid,3,4,83,12101.506
i32,4096,32,0,0,lessVoid,2,4,74,13682.473
i32,4096,32,0,0,lessVoid,2,5,73,13718.027
i32,4096,32,0,0,lessVoid,4,5,18,57562.500
i32,4096,32,0,0,lessVoid,3,5,82,12210.366
i32,4096,8,16,0,lessVoid,4,1,41,24958.390
i32,4096,8,16,0,lessVoid,2,1,51,19856.216
i32,4096,8,16,0,lessVoid,3,1,44,23258.500
i32,4096,8,16,0,lessVoid,2,2,52,19468.750
i32,4096,8,16,0,lessVoid,4,2,40,25033.400
i32,4096,8,16,0,lessVoid,3,2,44,23076.636
i32,4096,8,16,0,lessVoid,3,3,44,23223.523
i32,4096,8,16,0,lessVoid,4,3,41,24775.439
i32,4096,8,16,0,lessVoid,2,3,53,19220.113
i32,4096,8,16,0,lessVoid,2,4,51,19716.451
i32,4096,8,16,0,lessVoid,4,4,41,24991.902
i32,4096,8,16,0,lessVoid,3,4,44,23239.523
i32,4096,8,16,0,lessVoid,2,5,52,19376.615
i32,4096,8,16,0,lessVoid,3,5,44,23165.773
i32,4096,8,16,0,lessVoid,4,5,41,24869.854
i32,16384,4,0,0,lessVoid,4,1,32,31981.812
i32,16384,4,0,0,lessVoid,2,1,46,22063.370
i32,16384,4,0,0,lessVoid,3,1,44,23002.773
i32,16384,4,0,0,lessVoid,3,2,44,23000.909
i32,16384,4,0,0,lessVoid,4,2,32,31832.000
i32,16384,4,0,0,lessVoid,2,2,46,22112.196
i32,16384,4,0,0,lessVoid,2,3,42,24148.786
i32,16384,4,0,0,lessVoid,4,3,31,33190.839
i32,16384,4,0,0,lessVoid,3,3,43,23288.698
i32,16384,4,0,0,lessVoid,3,4,45,22595.333
i32,16384,4,0,0,lessVoid,4,4,32,31809.781
i32,16384,4,0,0,lessVoid,2,4,46,22096.065
i32,16384,4,0,0,lessVoid,4,5,32,31821.656
i32,16384,4,0,0,lessVoid,2,5,44,23348.477
i32,16384,4,0,0,lessVoid,3,5,42,23950.476
i32,16384,16,0,0,lessVoid,3,1,29,34522.966
i32,16384,16,0,0,lessVoid,2,1,33,30939.485
i32,16384,16,0,0,lessVoid,4,1,10,107095.800
i32,16384,16,0,0,lessVoid,4,2,10,106112.700
i32,16384,16,0,0,lessVoid,3,2,28,37415.179
i32,16384,16,0,0,lessVoid,2,2,31,32366.903
i32,16384,16,0,0,lessVoid,2,3,38,26814.632
i32,16384,16,0,0,lessVoid,4,3,11,93356.182
i32,16384,16,0,0,lessVoid,3,3,33,30561.909
i32,16384,16,0,0,lessVoid,3,4,33,30724.758
i32,16384,16,0,0,lessVoid,4,4,11,94500.000
i32,16384,16,0,0,lessVoid,2,4,36,27968.833
i32,16384,16,0,0,lessVoid,4,5,10,101387.500
i32,16384,16,0,0,lessVoid,3,5,31,32333.290
i32,16384,16,0,0,lessVoid,2,5,33,30979.939
i32,16384,22,0,0,lessVoid,2,1,25,41060.080
i32,16384,22,0,0,lessVoid,4,1,16,64458.312
i32,16384,22,0,0,lessVoid,3,1,32,31640.531
i32,16384,22,0,0,lessVoid,3,2,32,31570.250
i32,16384,22,0,0,lessVoid,2,2,24,42686.000
i32,16384,22,0,0,lessVoid,4,2,15,66852.733
i32,16384,22,0,0,lessVoid,3,3,31,33205.710
i32,16384,22,0,0,lessVoid,4,3,16,65302.125
i32,16384,22,0,0,lessVoid,2,3,24,42461.833
i32,16384,22,0,0,lessVoid,3,4,31,33002.613
i32,16384,22,0,0,lessVoid,4,4,16,66343.688
i32,16384,22,0,0,lessVoid,2,4,24,42944.417
i32,16384,22,0,0,lessVoid,4,5,16,66315.125
i32,16384,22,0,0,lessVoid,2,5,24,43173.583
i32,16384,22,0,0,lessVoid,3,5,30,33561.167
i32,16384,32,0,0,lessVoid,3,1,23,43552.652
i32,16384,32,0,0,lessVoid,2,1,20,51202.000
i32,16384,32,0,0,lessVoid,4,1,9,111615.778
i32,16384,32,0,0,lessVoid,3,2,23,45467.478
i32,16384,32,0,0,lessVoid,2,2,19,53613.895
i32,16384,32,0,0,lessVoid,4,2,9,116592.667
i32,16384,32,0,0,lessVoid,2,3,19,53653.526
i32,16384,32,0,0,lessVoid,4,3,9,115777.778
i32,16384,32,0,0,lessVoid,3,3,23,45103.217
i32,16384,32,0,0,lessVoid,4,4,9,115629.667
i32,16384,32,0,0,lessVoid,2,4,19,53653.526
i32,16384,32,0,0,lessVoid,3,4,21,48759.810
i32,16384,32,0,0,lessVoid,4,5,9,117467.667
i32,16384,32,0,0,lessVoid,2,5,21,48858.952
i32,16384,32,0,0,lessVoid,3,5,25,41463.200
i32,16384,8,16,0,lessVoid,4,1,19,53925.526
i32,16384,8,16,0,lessVoid,3,1,13,81942.385
i32,16384,8,16,0,lessVoid,2,1,15,71863.933
i32,16384,8,16,0,lessVoid,2,2,14,76517.643
i32,16384,8,16,0,lessVoid,3,2,12,88472.167
i32,16384,8,16,0,lessVoid,4,2,17,59904.176
i32,16384,8,16,0,lessVoid,2,3,14,75883.929
i32,16384,8,16,0,lessVoid,3,3,12,86635.417
i32,16384,8,16,0,lessVoid,4,3,17,59897.118
i32,16384,8,16,0,lessVoid,2,4,14,72586.429
i32,16384,8,16,0,lessVoid,3,4,12,85270.917
i32,16384,8,16,0,lessVoid,4,4,18,56088.056
i32,16384,8,16,0,lessVoid,4,5,18,56456.000
i32,16384,8,16,0,lessVoid,2,5,14,74609.929
i32,16384,8,16,0,lessVoid,3,5,12,86274.250
i32,65536,4,0,0,lessVoid,2,1,10,108925.000
i32,65536,4,0,0,lessVoid,3,1,12,86937.417
i32,65536,4,0,0,lessVoid,4,1,10,105925.000
i32,65536,4,0,0,lessVoid,3,2,12,87857.667
i32,65536,4,0,0,lessVoid,2,2,9,119319.444
i32,65536,4,0,0,lessVoid,4,2,10,105795.900
i32,65536,4,0,0,lessVoid,3,3,8,125151.125
i32,65536,4,0,0,lessVoid,4,3,9,121551.111
i32,65536,4,0,0,lessVoid,2,3,9,118347.111
i32,65536,4,0,0,lessVoid,4,4,9,124064.667
i32,65536,4,0,0,lessVoid,2,4,11,99128.818
i32,65536,4,0,0,lessVoid,3,4,11,95696.909
i32,65536,4,0,0,lessVoid,2,5,9,111680.333
i32,65536,4,0,0,lessVoid,4,5,7,145190.571
i32,65536,4,0,0,lessVoid,3,5,9,117800.778
i32,65536,16,0,0,lessVoid,2,1,7,146363.000
i32,65536,16,0,0,lessVoid,3,1,7,144035.571
i32,65536,16,0,0,lessVoid,4,1,3,379444.667
i32,65536,16,0,0,lessVoid,4,2,4,324906.000
i32,65536,16,0,0,lessVoid,2,2,8,139901.000
i32,65536,16,0,0,lessVoid,3,2,8,137859.500
i32,65536,16,0,0,lessVoid,2,3,8,139010.875
i32,65536,16,0,0,lessVoid,4,3,3,339847.000
i32,65536,16,0,0,lessVoid,3,3,7,155904.714
i32,65536,16,0,0,lessVoid,2,4,8,139401.125
i32,65536,16,0,0,lessVoid,3,4,7,143285.571
i32,65536,16,0,0,lessVoid,4,4,3,407500.000
i32,65536,16,0,0,lessVoid,4,5,3,393944.667
i32,65536,16,0,0,lessVoid,2,5,8,137312.625
i32,65536,16,0,0,lessVoid,3,5,6,171777.667
i32,65536,22,0,0,lessVoid,2,1,6,192173.667
i32,65536,22,0,0,lessVoid,4,1,5,235691.200
i32,65536,22,0,0,lessVoid,3,1,7,156690.429
i32,65536,22,0,0,lessVoid,4,2,6,197764.000
i32,65536,22,0,0,lessVoid,3,2,8,138385.500
i32,65536,22,0,0,lessVoid,2,2,5,207100.000
i32,65536,22,0,0,lessVoid,3,3,8,140203.000
i32,65536,22,0,0,lessVoid,4,3,5,203433.400
i32,65536,22,0,0,lessVoid,2,3,6,192340.333
i32,65536,22,0,0,lessVoid,2,4,6,197222.167
i32,65536,22,0,0,lessVoid,3,4,7,159892.857
i32,65536,22,0,0,lessVoid,4,4,5,242941.600
i32,65536,22,0,0,lessVoid,3,5,7,147988.143
i32,65536,22,0,0,lessVoid,2,5,5,214674.800
i32,65536,22,0,0,lessVoid,4,5,5,228808.200
i32,65536,32,0,0,lessVoid,3,1,6,198902.500
i32,65536,32,0,0,lessVoid,2,1,4,265833.500
i32,65536,32,0,0,lessVoid,4,1,3,449347.000
i32,65536,32,0,0,lessVoid,4,2,3,387819.333
i32,65536,32,0,0,lessVoid,3,2,6,194326.500
i32,65536,32,0,0,lessVoid,2,2,5,246883.400
i32,65536,32,0,0,lessVoid,2,3,4,263750.000
i32,65536,32,0,0,lessVoid,3,3,5,220750.000
i32,65536,32,0,0,lessVoid,4,3,3,402597.000
i32,65536,32,0,0,lessVoid,2,4,4,251656.250
i32,65536,32,0,0,lessVoid,3,4,5,208733.000
i32,65536,32,0,0,lessVoid,4,4,3,405264.000
i32,65536,32,0,0,lessVoid,4,5,3,416055.667
i32,65536,32,0,0,lessVoid,2,5,5,239533.600
i32,65536,32,0,0,lessVoid,3,5,5,200383.400
i32,65536,8,16,0,lessVoid,3,1,4,333937.500
i32,65536,8,16,0,lessVoid,2,1,4,270125.000
i32,65536,8,16,0,lessVoid,4,1,5,209258.400
i32,65536,8,16,0,lessVoid,4,2,6,199090.333
i32,65536,8,16,0,lessVoid,3,2,3,342444.333
i32,65536,8,16,0,lessVoid,2,2,4,320260.250
i32,65536,8,16,0,lessVoid,2,3,4,302302.000
i32,65536,8,16,0,lessVoid,3,3,4,322771.000
i32,65536,8,16,0,lessVoid,4,3,5,200075.400
i32,65536,8,16,0,lessVoid,2,4,4,278114.750
i32,65536,8,16,0,lessVoid,4,4,6,190368.167
i32,65536,8,16,0,lessVoid,3,4,3,370722.000
i32,65536,8,16,0,lessVoid,3,5,3,379361.000
i32,65536,8,16,0,lessVoid,2,5,4,327375.000
i32,65536,8,16,0,lessVoid,4,5,5,231291.600
i32,262144,4,0,0,lessVoid,4,1,2,538291.500
i32,262144,4,0,0,lessVoid,2,1,2,558270.500
i32,262144,4,0,0,lessVoid,3,1,2,562333.500
i32,262144,4,0,0,lessVoid,2,2,2,547083.000
i32,262144,4,0,0,lessVoid,4,2,2,579187.500
i32,262144,4,0,0,lessVoid,3,2,2,592145.500
i32,262144,4,0,0,lessVoid,3,3,2,616250.000
i32,262144,4,0,0,lessVoid,2,3,2,621646.000
i32,262144,4,0,0,lessVoid,4,3,2,629354.000
i32,262144,4,0,0,lessVoid,2,4,2,603750.000
i32,262144,4,0,0,lessVoid,3,4,2,698125.500
i32,262144,4,0,0,lessVoid,4,4,2,584687.500
i32,262144,4,0,0,lessVoid,4,5,2,541708.000
i32,262144,4,0,0,lessVoid,2,5,2,606729.000
i32,262144,4,0,0,lessVoid,3,5,2,623666.500
i32,262144,16,0,0,lessVoid,2,1,2,698479.000
i32,262144,16,0,0,lessVoid,3,1,2,760958.500
i32,262144,16,0,0,lessVoid,4,1,1,1677292.000
i32,262144,16,0,0,lessVoid,2,2,2,712250.000
i32,262144,16,0,0,lessVoid,3,2,2,785437.000
i32,262144,16,0,0,lessVoid,4,2,1,1625417.000
i32,262144,16,0,0,lessVoid,3,3,2,783145.500
i32,262144,16,0,0,lessVoid,4,3,1,1574334.000
i32,262144,16,0,0,lessVoid,2,3,2,673958.500
i32,262144,16,0,0,lessVoid,2,4,2,665604.000
i32,262144,16,0,0,lessVoid,3,4,2,730708.000
i32,262144,16,0,0,lessVoid,4,4,1,1448459.000
i32,262144,16,0,0,lessVoid,2,5,2,668896.000
i32,262144,16,0,0,lessVoid,4,5,1,1457000.000
i32,262144,16,0,0,lessVoid,3,5,2,862541.500
i32,262144,22,0,0,lessVoid,2,1,2,919875.000
i32,262144,22,0,0,lessVoid,4,1,1,1017916.000
i32,262144,22,0,0,lessVoid,3,1,2,788729.000
i32,262144,22,0,0,lessVoid,4,2,1,1006833.000
i32,262144,22,0,0,lessVoid,3,2,2,814604.500
i32,262144,22,0,0,lessVoid,2,2,2,908812.500
i32,262144,22,0,0,lessVoid,4,3,1,1035666.000
i32,262144,22,0,0,lessVoid,2,3,2,928562.500
i32,262144,22,0,0,lessVoid,3,3,2,778625.000
i32,262144,22,0,0,lessVoid,2,4,2,941541.500
i32,262144,22,0,0,lessVoid,3,4,2,705146.500
i32,262144,22,0,0,lessVoid,4,4,2,938249.500
i32,262144,22,0,0,lessVoid,4,5,1,1009917.000
i32,262144,22,0,0,lessVoid,2,5,2,908771.000
i32,262144,22,0,0,lessVoid,3,5,2,869333.500
i32,262144,32,0,0,lessVoid,2,1,1,1169333.000
i32,262144,32,0,0,lessVoid,4,1,1,1596583.000
i32,262144,32,0,0,lessVoid,3,1,2,924042.000
i32,262144,32,0,0,lessVoid,4,2,1,1696667.000
i32,262144,32,0,0,lessVoid,2,2,1,1115875.000
i32,262144,32,0,0,lessVoid,3,2,2,999625.000
i32,262144,32,0,0,lessVoid,3,3,2,920667.000
i32,262144,32,0,0,lessVoid,2,3,1,1111417.000
i32,262144,32,0,0,lessVoid,4,3,1,1706292.000
i32,262144,32,0,0,lessVoid,3,4,2,944187.000
i32,262144,32,0,0,lessVoid,2,4,1,1113375.000
i32,262144,32,0,0,lessVoid,4,4,1,1714916.000
i32,262144,32,0,0,lessVoid,3,5,2,899542.000
i32,262144,32,0,0,lessVoid,2,5,1,1045041.000
i32,262144,32,0,0,lessVoid,4,5,1,1612041.000
i32,262144,8,16,0,lessVoid,2,1,1,1099250.000
i32,262144,8,16,0,lessVoid,3,1,1,1415083.000
i32,262144,8,16,0,lessVoid,4,1,2,849291.500
i32,262144,8,16,0,lessVoid,4,2,2,922583.000
i32,262144,8,16,0,lessVoid,2,2,1,1069208.000
i32,262144,8,16,0,lessVoid,3,2,1,1453166.000
i32,262144,8,16,0,lessVoid,4,3,2,941229.000
i32,262144,8,16,0,lessVoid,2,3,2,1090229.000
i32,262144,8,16,0,lessVoid,3,3,1,1336875.000
i32,262144,8,16,0,lessVoid,4,4,2,760750.500
i32,262144,8,16,0,lessVoid,3,4,1,1424959.000
i32,262144,8,16,0,lessVoid,2,4,1,1022333.000
i32,262144,8,16,0,lessVoid,4,5,2,849166.500
i32,262144,8,16,0,lessVoid,3,5,1,1469000.000
i32,262144,8,16,0,lessVoid,2,5,1,1059834.000
i32,1000000,4,0,0,lessVoid,3,1,1,2562791.000
i32,1000000,4,0,0,lessVoid,4,1,1,2520209.000
i32,1000000,4,0,0,lessVoid,2,1,1,2594916.000
i32,1000000,4,0,0,lessVoid,2,2,1,2720333.000
i32,1000000,4,0,0,lessVoid,4,2,1,2646208.000
i32,1000000,4,0,0,lessVoid,3,2,1,2683209.000
i32,1000000,4,0,0,lessVoid,4,3,1,2408125.000
i32,1000000,4,0,0,lessVoid,2,3,1,2576375.000
i32,1000000,4,0,0,lessVoid,3,3,1,2329667.000
i32,1000000,4,0,0,lessVoid,3,4,1,2288500.000
i32,1000000,4,0,0,lessVoid,2,4,1,2437667.000
i32,1000000,4,0,0,lessVoid,4,4,1,2413250.000
i32,1000000,4,0,0,lessVoid,3,5,1,2402000.000
i32,1000000,4,0,0,lessVoid,2,5,1,2644792.000
i32,1000000,4,0,0,lessVoid,4,5,1,2492084.000
i32,1000000,16,0,0,lessVoid,4,1,1,6481250.000
i32,1000000,16,0,0,lessVoid,3,1,1,3463667.000
i32,1000000,16,0,0,lessVoid,2,1,1,3113209.000
i32,1000000,16,0,0,lessVoid,3,2,1,3127375.000
i32,1000000,16,0,0,lessVoid,4,2,1,6322375.000
i32,1000000,16,0,0,lessVoid,2,2,1,3528792.000
i32,1000000,16,0,0,lessVoid,2,3,1,3260834.000
i32,1000000,16,0,0,lessVoid,3,3,1,3278333.000
i32,1000000,16,0,0,lessVoid,4,3,1,6167958.000
i32,1000000,16,0,0,lessVoid,3,4,1,2991750.000
i32,1000000,16,0,0,lessVoid,2,4,1,3303958.000
i32,1000000,16,0,0,lessVoid,4,4,1,6645208.000
i32,1000000,16,0,0,lessVoid,2,5,1,3340000.000
i32,1000000,16,0,0,lessVoid,4,5,1,6444792.000
i32,1000000,16,0,0,lessVoid,3,5,1,3472292.000
i32,1000000,22,0,0,lessVoid,2,1,1,3967417.000
i32,1000000,22,0,0,lessVoid,4,1,1,4231167.000
i32,1000000,22,0,0,lessVoid,3,1,1,3268417.000
i32,1000000,22,0,0,lessVoid,3,2,1,3358333.000
i32,1000000,22,0,0,lessVoid,2,2,1,3990542.000
i32,1000000,22,0,0,lessVoid,4,2,1,4555208.000
i32,1000000,22,0,0,lessVoid,4,3,1,4211042.000
i32,1000000,22,0,0,lessVoid,2,3,1,3950167.000
i32,1000000,22,0,0,lessVoid,3,3,1,3312375.000
i32,1000000,22,0,0,lessVoid,2,4,1,4089000.000
i32,1000000,22,0,0,lessVoid,4,4,1,4222208.000
i32,1000000,22,0,0,lessVoid,3,4,1,3232791.000
i32,1000000,22,0,0,lessVoid,3,5,1,3224375.000
i32,1000000,22,0,0,lessVoid,4,5,1,4305708.000
i32,1000000,22,0,0,lessVoid,2,5,1,4104333.000
i32,1000000,32,0,0,lessVoid,2,1,1,5257000.000
i32,1000000,32,0,0,lessVoid,3,1,1,4546334.000
i32,1000000,32,0,0,lessVoid,4,1,1,6370958.000
i32,1000000,32,0,0,lessVoid,2,2,1,4924166.000
i32,1000000,32,0,0,lessVoid,4,2,1,6389333.000
i32,1000000,32,0,0,lessVoid,3,2,1,3801708.000
i32,1000000,32,0,0,lessVoid,2,3,1,4660792.000
i32,1000000,32,0,0,lessVoid,4,3,1,6658000.000
i32,1000000,32,0,0,lessVoid,3,3,1,4374625.000
i32,1000000,32,0,0,lessVoid,4,4,1,6296958.000
i32,1000000,32,0,0,lessVoid,3,4,1,4299208.000
i32,1000000,32,0,0,lessVoid,2,4,1,4877333.000
i32,1000000,32,0,0,lessVoid,3,5,1,3982625.000
i32,1000000,32,0,0,lessVoid,2,5,1,4768541.000
i32,1000000,32,0,0,lessVoid,4,5,1,6039166.000
i32,1000000,8,16,0,lessVoid,4,1,1,3571958.000
i32,1000000,8,16,0,lessVoid,2,1,1,4464000.000
i32,1000000,8,16,0,lessVoid,3,1,1,5770834.000
i32,1000000,8,16,0,lessVoid,3,2,1,5822833.000
i32,1000000,8,16,0,lessVoid,2,2,1,4585416.000
i32,1000000,8,16,0,lessVoid,4,2,1,3454209.000
i32,1000000,8,16,0,lessVoid,4,3,1,3390541.000
i32,1000000,8,16,0,lessVoid,3,3,1,5747000.000
i32,1000000,8,16,0,lessVoid,2,3,1,4417000.000
i32,1000000,8,16,0,lessVoid,3,4,1,5733666.000
i32,1000000,8,16,0,lessVoid,2,4,1,4749791.000
i32,1000000,8,16,0,lessVoid,4,4,1,3488542.000
i32,1000000,8,16,0,lessVoid,3,5,1,5759792.000
i32,1000000,8,16,0,lessVoid,2,5,1,4070125.000
i32,1000000,8,16,0,lessVoid,4,5,1,3234750.000
i32,2000000,4,0,0,lessVoid,4,1,1,5211458.000
i32,2000000,4,0,0,lessVoid,3,1,1,5141416.000
i32,2000000,4,0,0,lessVoid,2,1,1,5158500.000
i32,2000000,4,0,0,lessVoid,4,2,1,5465167.000
i32,2000000,4,0,0,lessVoid,2,2,1,5190250.000
i32,2000000,4,0,0,lessVoid,3,2,1,4920292.000
i32,2000000,4,0,0,lessVoid,3,3,1,5008083.000
i32,2000000,4,0,0,lessVoid,2,3,1,5251542.000
i32,2000000,4,0,0,lessVoid,4,3,1,5204542.000
i32,2000000,4,0,0,lessVoid,4,4,1,5142667.000
i32,2000000,4,0,0,lessVoid,3,4,1,5095583.000
i32,2000000,4,0,0,lessVoid,2,4,1,5014417.000
i32,2000000,4,0,0,lessVoid,2,5,1,4982208.000
i32,2000000,4,0,0,lessVoid,4,5,1,5256542.000
i32,2000000,4,0,0,lessVoid,3,5,1,5129291.000
i32,2000000,16,0,0,lessVoid,2,1,1,6694666.000
i32,2000000,16,0,0,lessVoid,3,1,1,6742458.000
i32,2000000,16,0,0,lessVoid,4,1,1,12541958.000
i32,2000000,16,0,0,lessVoid,4,2,1,12815292.000
i32,2000000,16,0,0,lessVoid,2,2,1,6634917.000
i32,2000000,16,0,0,lessVoid,3,2,1,6887542.000
i32,2000000,16,0,0,lessVoid,4,3,1,12556750.000
i32,2000000,16,0,0,lessVoid,3,3,1,6566334.000
i32,2000000,16,0,0,lessVoid,2,3,1,6642709.000
i32,2000000,16,0,0,lessVoid,2,4,1,6717500.000
i32,2000000,16,0,0,lessVoid,3,4,1,6653375.000
i32,2000000,16,0,0,lessVoid,4,4,1,12540000.000
i32,2000000,16,0,0,lessVoid,4,5,1,12887875.000
i32,2000000,16,0,0,lessVoid,2,5,1,6980833.000
i32,2000000,16,0,0,lessVoid,3,5,1,6862750.000
i32,2000000,22,0,0,lessVoid,3,1,1,6291167.000
i32,2000000,22,0,0,lessVoid,2,1,1,7813250.000
i32,2000000,22,0,0,lessVoid,4,1,1,8119167.000
i32,2000000,22,0,0,lessVoid,4,2,1,7762792.000
i32,2000000,22,0,0,lessVoid,2,2,1,7569375.000
i32,2000000,22,0,0,lessVoid,3,2,1,6467042.000
i32,2000000,22,0,0,lessVoid,4,3,1,7942458.000
i32,2000000,22,0,0,lessVoid,3,3,1,6577792.000
i32,2000000,22,0,0,lessVoid,2,3,1,8001083.000
i32,2000000,22,0,0,lessVoid,3,4,1,6376792.000
i32,2000000,22,0,0,lessVoid,4,4,1,8217042.000
i32,2000000,22,0,0,lessVoid,2,4,1,7966334.000
i32,2000000,22,0,0,lessVoid,3,5,1,6607084.000
i32,2000000,22,0,0,lessVoid,2,5,1,7955208.000
i32,2000000,22,0,0,lessVoid,4,5,1,7957250.000
i32,2000000,32,0,0,lessVoid,4,1,1,12955000.000
i32,2000000,32,0,0,lessVoid,2,1,1,10012542.000
i32,2000000,32,0,0,lessVoid,3,1,1,8302292.000
i32,2000000,32,0,0,lessVoid,3,2,1,8392375.000
i32,2000000,32,0,0,lessVoid,4,2,1,13412958.000
i32,2000000,32,0,0,lessVoid,2,2,1,9928750.000
i32,2000000,32,0,0,lessVoid,2,3,1,10086667.000
i32,2000000,32,0,0,lessVoid,3,3,1,8393875.000
i32,2000000,32,0,0,lessVoid,4,3,1,12946417.000
i32,2000000,32,0,0,lessVoid,4,4,1,12959666.000
i32,2000000,32,0,0,lessVoid,2,4,1,9821750.000
i32,2000000,32,0,0,lessVoid,3,4,1,8253625.000
i32,2000000,32,0,0,lessVoid,3,5,1,8395459.000
i32,2000000,32,0,0,lessVoid,2,5,1,9924667.000
i32,2000000,32,0,0,lessVoid,4,5,1,13709250.000
i32,2000000,8,16,0,lessVoid,3,1,1,11184000.000
i32,2000000,8,16,0,lessVoid,2,1,1,8446542.000
i32,2000000,8,16,0,lessVoid,4,1,1,6372834.000
i32,2000000,8,16,0,lessVoid,4,2,1,6759042.000
i32,2000000,8,16,0,lessVoid,2,2,1,8592000.000
i32,2000000,8,16,0,lessVoid,3,2,1,10998375.000
i32,2000000,8,16,0,lessVoid,3,3,1,10919042.000
i32,2000000,8,16,0,lessVoid,4,3,1,6841292.000
i32,2000000,8,16,0,lessVoid,2,3,1,8911791.000
i32,2000000,8,16,0,lessVoid,3,4,1,10947125.000
i32,2000000,8,16,0,lessVoid,4,4,1,6588750.000
i32,2000000,8,16,0,lessVoid,2,4,1,8174000.000
i32,2000000,8,16,0,lessVoid,4,5,1,6332750.000
i32,2000000,8,16,0,lessVoid,2,5,1,8520792.000
i32,2000000,8,16,0,lessVoid,3,5,1,10780625.000
i64,256,4,0,0,lessVoid,4,1,96,10509.604
i64,256,4,0,0,lessVoid,2,1,256,513.688
i64,256,4,0,0,lessVoid,3,1,256,1053.227
i64,256,4,0,0,lessVoid,3,2,256,1054.867
i64,256,4,0,0,lessVoid,4,2,90,11184.267
i64,256,4,0,0,lessVoid,2,2,256,472.992
i64,256,4,0,0,lessVoid,2,3,256,470.406
i64,256,4,0,0,lessVoid,4,3,102,9837.020
i64,256,4,0,0,lessVoid,3,3,256,1041.957
i64,256,4,0,0,lessVoid,3,4,256,993.691
i64,256,4,0,0,lessVoid,2,4,256,469.570
i64,256,4,0,0,lessVoid,4,4,102,9880.284
i64,256,4,0,0,lessVoid,2,5,256,468.426
i64,256,4,0,0,lessVoid,4,5,102,9880.765
i64,256,4,0,0,lessVoid,3,5,256,998.824
i64,256,16,0,0,lessVoid,2,1,256,883.445
i64,256,16,0,0,lessVoid,3,1,256,935.871
i64,256,16,0,0,lessVoid,4,1,256,958.012
i64,256,16,0,0,lessVoid,3,2,256,895.969
i64,256,16,0,0,lessVoid,4,2,256,895.008
i64,256,16,0,0,lessVoid,2,2,256,890.457
i64,256,16,0,0,lessVoid,2,3,256,971.645
i64,256,16,0,0,lessVoid,3,3,256,881.656
i64,256,16,0,0,lessVoid,4,3,256,1014.156
i64,256,16,0,0,lessVoid,2,4,256,917.469
i64,256,16,0,0,lessVoid,3,4,256,892.422
i64,256,16,0,0,lessVoid,4,4,256,891.262
i64,256,16,0,0,lessVoid,2,5,256,884.441
i64,256,16,0,0,lessVoid,4,5,256,895.992
i64,256,16,0,0,lessVoid,3,5,256,890.137
i64,256,22,0,0,lessVoid,4,1,256,962.098
i64,256,22,0,0,lessVoid,2,1,256,963.207
i64,256,22,0,0,lessVoid,3,1,256,961.258
i64,256,22,0,0,lessVoid,4,2,256,968.098
i64,256,22,0,0,lessVoid,3,2,256,960.266
i64,256,22,0,0,lessVoid,2,2,256,963.188
i64,256,22,0,0,lessVoid,4,3,256,959.328
i64,256,22,0,0,lessVoid,3,3,256,972.176
i64,256,22,0,0,lessVoid,2,3,256,964.840
i64,256,22,0,0,lessVoid,2,4,256,968.910
i64,256,22,0,0,lessVoid,4,4,256,964.355
i64,256,22,0,0,lessVoid,3,4,256,969.395
i64,256,22,0,0,lessVoid,4,5,256,964.051
i64,256,22,0,0,lessVoid,3,5,256,1009.281
i64,256,22,0,0,lessVoid,2,5,256,963.055
i64,256,64,0,0,lessVoid,2,1,256,909.188
i64,256,64,0,0,lessVoid,3,1,256,905.438
i64,256,64,0,0,lessVoid,4,1,256,908.035
i64,256,64,0,0,lessVoid,4,2,256,912.805
i64,256,64,0,0,lessVoid,2,2,256,1038.223
i64,256,64,0,0,lessVoid,3,2,256,1025.059
i64,256,64,0,0,lessVoid,2,3,256,939.141
i64,256,64,0,0,lessVoid,3,3,256,901.547
i64,256,64,0,0,lessVoid,4,3,256,900.879
i64,256,64,0,0,lessVoid,3,4,256,949.707
i64,256,64,0,0,lessVoid,4,4,256,986.816
i64,256,64,0,0,lessVoid,2,4,256,915.371
i64,256,64,0,0,lessVoid,3,5,256,1057.121
i64,256,64,0,0,lessVoid,2,5,256,1104.086
i64,256,64,0,0,lessVoid,4,5,256,1096.289
i64,256,8,16,0,lessVoid,2,1,256,962.902
i64,256,8,16,0,lessVoid,3,1,256,952.953
i64,256,8,16,0,lessVoid,4,1,256,959.988
i64,256,8,16,0,lessVoid,2,2,256,959.809
i64,256,8,16,0,lessVoid,4,2,256,981.617
i64,256,8,16,0,lessVoid,3,2,256,1017.219
i64,256,8,16,0,lessVoid,4,3,256,986.848
i64,256,8,16,0,lessVoid,2,3,256,1055.031
i64,256,8,16,0,lessVoid,3,3,256,1068.027
i64,256,8,16,0,lessVoid,4,4,256,976.566
i64,256,8,16,0,lessVoid,2,4,256,978.195
i64,256,8,16,0,lessVoid,3,4,256,1016.762
i64,256,8,16,0,lessVoid,4,5,256,1059.410
i64,256,8,16,0,lessVoid,2,5,256,1004.703
i64,256,8,16,0,lessVoid,3,5,256,996.422
i64,1024,4,0,0,lessVoid,2,1,256,1652.520
i64,1024,4,0,0,lessVoid,3,1,256,2209.305
i64,1024,4,0,0,lessVoid,4,1,88,11374.557
i64,1024,4,0,0,lessVoid,2,2,256,1572.895
i64,1024,4,0,0,lessVoid,4,2,87,11497.092
i64,1024,4,0,0,lessVoid,3,2,256,2136.711
i64,1024,4,0,0,lessVoid,4,3,88,11458.875
i64,1024,4,0,0,lessVoid,3,3,256,2167.469
i64,1024,4,0,0,lessVoid,2,3,256,1624.992
i64,1024,4,0,0,lessVoid,3,4,256,2220.895
i64,1024,4,0,0,lessVoid,4,4,88,11420.955
i64,1024,4,0,0,lessVoid,2,4,256,1628.887
i64,1024,4,0,0,lessVoid,2,5,256,1632.129
i64,1024,4,0,0,lessVoid,3,5,256,2217.930
i64,1024,4,0,0,lessVoid,4,5,87,11513.287
i64,1024,16,0,0,lessVoid,4,1,37,27727.568
i64,1024,16,0,0,lessVoid,2,1,256,2111.336
i64,1024,16,0,0,lessVoid,3,1,256,3312.680
i64,1024,16,0,0,lessVoid,2,2,256,2112.621
i64,1024,16,0,0,lessVoid,3,2,256,3361.180
i64,1024,16,0,0,lessVoid,4,2,36,27941.000
i64,1024,16,0,0,lessVoid,4,3,37,27337.784
i64,1024,16,0,0,lessVoid,3,3,256,3267.086
i64,1024,16,0,0,lessVoid,2,3,256,2121.730
i64,1024,16,0,0,lessVoid,4,4,37,27692.811
i64,1024,16,0,0,lessVoid,3,4,256,3266.133
i64,1024,16,0,0,lessVoid,2,4,256,2214.031
i64,1024,16,0,0,lessVoid,2,5,256,2172.207
i64,1024,16,0,0,lessVoid,4,5,37,27483.027
i64,1024,16,0,0,lessVoid,3,5,256,3347.004
i64,1024,22,0,0,lessVoid,2,1,256,2928.715
i64,1024,22,0,0,lessVoid,4,1,39,26243.538
i64,1024,22,0,0,lessVoid,3,1,256,3169.637
i64,1024,22,0,0,lessVoid,4,2,39,26211.564
i64,1024,22,0,0,lessVoid,2,2,256,2899.273
i64,1024,22,0,0,lessVoid,3,2,256,3199.082
i64,1024,22,0,0,lessVoid,3,3,256,3269.539
i64,1024,22,0,0,lessVoid,2,3,256,2920.238
i64,1024,22,0,0,lessVoid,4,3,39,26069.462
i64,1024,22,0,0,lessVoid,2,4,256,2918.473
i64,1024,22,0,0,lessVoid,3,4,256,3216.641
i64,1024,22,0,0,lessVoid,4,4,39,26025.513
i64,1024,22,0,0,lessVoid,4,5,39,26045.872
i64,1024,22,0,0,lessVoid,2,5,256,2911.949
i64,1024,22,0,0,lessVoid,3,5,256,3220.375
i64,1024,64,0,0,lessVoid,2,1,171,5862.632
i64,1024,64,0,0,lessVoid,3,1,174,5769.655
i64,1024,64,0,0,lessVoid,4,1,159,6319.956
i64,1024,64,0,0,lessVoid,3,2,173,5811.399
i64,1024,64,0,0,lessVoid,2,2,170,5906.624
i64,1024,64,0,0,lessVoid,4,2,171,5879.392
i64,1024,64,0,0,lessVoid,2,3,168,5955.857
i64,1024,64,0,0,lessVoid,3,3,168,5973.208
i64,1024,64,0,0,lessVoid,4,3,169,5947.272
i64,1024,64,0,0,lessVoid,4,4,168,5963.095
i64,1024,64,0,0,lessVoid,2,4,165,6089.679
i64,1024,64,0,0,lessVoid,3,4,170,5891.429
i64,1024,64,0,0,lessVoid,4,5,168,5979.649
i64,1024,64,0,0,lessVoid,2,5,170,5904.388
i64,1024,64,0,0,lessVoid,3,5,171,5880.415
i64,1024,8,16,0,lessVoid,2,1,196,5110.760
i64,1024,8,16,0,lessVoid,4,1,63,15983.508
i64,1024,8,16,0,lessVoid,3,1,148,6767.764
i64,1024,8,16,0,lessVoid,2,2,208,4832.125
i64,1024,8,16,0,lessVoid,4,2,68,14795.926
i64,1024,8,16,0,lessVoid,3,2,153,6569.157
i64,1024,8,16,0,lessVoid,2,3,206,4874.155
i64,1024,8,16,0,lessVoid,4,3,67,15038.687
i64,1024,8,16,0,lessVoid,3,3,143,7033.503
i64,1024,8,16,0,lessVoid,2,4,194,5175.062
i64,1024,8,16,0,lessVoid,4,4,71,14192.535
i64,1024,8,16,0,lessVoid,3,4,154,6497.019
i64,1024,8,16,0,lessVoid,3,5,154,6517.558
i64,1024,8,16,0,lessVoid,4,5,70,14440.543
i64,1024,8,16,0,lessVoid,2,5,204,4912.775
i64,4096,4,0,0,lessVoid,3,1,147,6845.313
i64,4096,4,0,0,lessVoid,4,1,62,16185.468
i64,4096,4,0,0,lessVoid,2,1,161,6251.012
i64,4096,4,0,0,lessVoid,3,2,145,6933.034
i64,4096,4,0,0,lessVoid,2,2,161,6211.969
i64,4096,4,0,0,lessVoid,4,2,61,16647.590
i64,4096,4,0,0,lessVoid,4,3,63,16200.984
i64,4096,4,0,0,lessVoid,2,3,164,6123.287
i64,4096,4,0,0,lessVoid,3,3,146,6866.733
i64,4096,4,0,0,lessVoid,2,4,160,6256.969
i64,4096,4,0,0,lessVoid,4,4,62,16232.484
i64,4096,4,0,0,lessVoid,3,4,145,6925.931
i64,4096,4,0,0,lessVoid,3,5,141,7130.660
i64,4096,4,0,0,lessVoid,4,5,62,16283.581
i64,4096,4,0,0,lessVoid,2,5,161,6224.155
i64,4096,16,0,0,lessVoid,2,1,130,7713.469
i64,4096,16,0,0,lessVoid,3,1,105,9605.171
i64,4096,16,0,0,lessVoid,4,1,23,44717.304
i64,4096,16,0,0,lessVoid,2,2,133,7561.105
i64,4096,16,0,0,lessVoid,4,2,25,41273.360
i64,4096,16,0,0,lessVoid,3,2,104,9649.019
i64,4096,16,0,0,lessVoid,4,3,25,41038.280
i64,4096,16,0,0,lessVoid,3,3,105,9556.771
i64,4096,16,0,0,lessVoid,2,3,127,7879.260
i64,4096,16,0,0,lessVoid,2,4,125,8032.296
i64,4096,16,0,0,lessVoid,3,4,100,10033.750
i64,4096,16,0,0,lessVoid,4,4,24,41883.625
i64,4096,16,0,0,lessVoid,4,5,25,41123.240
i64,4096,16,0,0,lessVoid,3,5,104,9703.587
i64,4096,16,0,0,lessVoid,2,5,129,7789.403
i64,4096,22,0,0,lessVoid,4,1,31,32451.710
i64,4096,22,0,0,lessVoid,3,1,114,8843.860
i64,4096,22,0,0,lessVoid,2,1,94,10726.936
i64,4096,22,0,0,lessVoid,2,2,94,10659.617
i64,4096,22,0,0,lessVoid,4,2,30,33966.600
i64,4096,22,0,0,lessVoid,3,2,109,9217.862
i64,4096,22,0,0,lessVoid,4,3,30,33865.233
i64,4096,22,0,0,lessVoid,3,3,105,9582.143
i64,4096,22,0,0,lessVoid,2,3,94,10724.745
i64,4096,22,0,0,lessVoid,4,4,30,34287.433
i64,4096,22,0,0,lessVoid,3,4,109,9233.138
i64,4096,22,0,0,lessVoid,2,4,93,10809.559
i64,4096,22,0,0,lessVoid,4,5,29,34724.207
i64,4096,22,0,0,lessVoid,2,5,93,10803.774
i64,4096,22,0,0,lessVoid,3,5,102,9827.118
i64,4096,64,0,0,lessVoid,3,1,46,22228.196
i64,4096,64,0,0,lessVoid,4,1,12,90430.333
i64,4096,64,0,0,lessVoid,2,1,42,24214.238
i64,4096,64,0,0,lessVoid,2,2,41,24421.634
i64,4096,64,0,0,lessVoid,3,2,43,23426.279
i64,4096,64,0,0,lessVoid,4,2,12,89795.000
i64,4096,64,0,0,lessVoid,3,3,46,22082.522
i64,4096,64,0,0,lessVoid,2,3,41,24544.634
i64,4096,64,0,0,lessVoid,4,3,11,90969.727
i64,4096,64,0,0,lessVoid,3,4,45,22440.711
i64,4096,64,0,0,lessVoid,4,4,11,91026.455
i64,4096,64,0,0,lessVoid,2,4,42,24307.643
i64,4096,64,0,0,lessVoid,4,5,11,94159.182
i64,4096,64,0,0,lessVoid,2,5,40,25439.600
i64,4096,64,0,0,lessVoid,3,5,44,22931.864
i64,4096,8,16,0,lessVoid,4,1,40,25278.125
i64,4096,8,16,0,lessVoid,2,1,51,19831.647
i64,4096,8,16,0,lessVoid,3,1,41,24744.951
i64,4096,8,16,0,lessVoid,2,2,52,19407.885
i64,4096,8,16,0,lessVoid,4,2,41,24631.098
i64,4096,8,16,0,lessVoid,3,2,43,23710.349
i64,4096,8,16,0,lessVoid,3,3,42,23815.452
i64,4096,8,16,0,lessVoid,4,3,41,24610.854
i64,4096,8,16,0,lessVoid,2,3,51,19659.333
i64,4096,8,16,0,lessVoid,2,4,51,19635.706
i64,4096,8,16,0,lessVoid,4,4,39,25816.333
i64,4096,8,16,0,lessVoid,3,4,42,23992.024
i64,4096,8,16,0,lessVoid,2,5,52,19526.404
i64,4096,8,16,0,lessVoid,3,5,43,23769.395
i64,4096,8,16,0,lessVoid,4,5,41,24683.902
i64,16384,4,0,0,lessVoid,4,1,28,37040.250
i64,16384,4,0,0,lessVoid,2,1,37,27435.811
i64,16384,4,0,0,lessVoid,3,1,37,27085.622
i64,16384,4,0,0,lessVoid,3,2,36,27801.028
i64,16384,4,0,0,lessVoid,4,2,28,35866.000
i64,16384,4,0,0,lessVoid,2,2,37,27288.297
i64,16384,4,0,0,lessVoid,2,3,36,28308.944
i64,16384,4,0,0,lessVoid,4,3,30,33873.567
i64,16384,4,0,0,lessVoid,3,3,40,25158.300
i64,16384,4,0,0,lessVoid,3,4,40,25565.475
i64,16384,4,0,0,lessVoid,4,4,28,35715.714
i64,16384,4,0,0,lessVoid,2,4,39,25726.513
i64,16384,4,0,0,lessVoid,4,5,24,42701.333
i64,16384,4,0,0,lessVoid,2,5,40,25432.350
i64,16384,4,0,0,lessVoid,3,5,39,26117.538
i64,16384,16,0,0,lessVoid,3,1,22,46062.545
i64,16384,16,0,0,lessVoid,2,1,27,37072.481
i64,16384,16,0,0,lessVoid,4,1,10,103187.400
i64,16384,16,0,0,lessVoid,4,2,10,101762.600
i64,16384,16,0,0,lessVoid,3,2,26,39358.923
i64,16384,16,0,0,lessVoid,2,2,28,36380.929
i64,16384,16,0,0,lessVoid,2,3,29,34936.690
i64,16384,16,0,0,lessVoid,4,3,8,127078.250
i64,16384,16,0,0,lessVoid,3,3,25,40540.000
i64,16384,16,0,0,lessVoid,3,4,27,38246.926
i64,16384,16,0,0,lessVoid,4,4,10,102941.600
i64,16384,16,0,0,lessVoid,2,4,29,35277.310
i64,16384,16,0,0,lessVoid,4,5,10,101746.000
i64,16384,16,0,0,lessVoid,3,5,26,39382.962
i64,16384,16,0,0,lessVoid,2,5,29,35370.690
i64,16384,22,0,0,lessVoid,2,1,22,47587.000
i64,16384,22,0,0,lessVoid,4,1,15,71213.867
i64,16384,22,0,0,lessVoid,3,1,24,42802.208
i64,16384,22,0,0,lessVoid,3,2,25,40593.400
i64,16384,22,0,0,lessVoid,2,2,21,49884.810
i64,16384,22,0,0,lessVoid,4,2,15,68955.533
i64,16384,22,0,0,lessVoid,3,3,28,36127.929
i64,16384,22,0,0,lessVoid,4,3,15,66702.867
i64,16384,22,0,0,lessVoid,2,3,22,47414.773
i64,16384,22,0,0,lessVoid,3,4,27,37626.481
i64,16384,22,0,0,lessVoid,4,4,15,67683.200
i64,16384,22,0,0,lessVoid,2,4,21,48180.619
i64,16384,22,0,0,lessVoid,4,5,15,71055.600
i64,16384,22,0,0,lessVoid,2,5,21,49619.095
i64,16384,22,0,0,lessVoid,3,5,28,36726.143
i64,16384,64,0,0,lessVoid,4,1,6,188888.833
i64,16384,64,0,0,lessVoid,2,1,10,110483.200
i64,16384,64,0,0,lessVoid,3,1,11,94856.091
i64,16384,64,0,0,lessVoid,4,2,6,186513.833
i64,16384,64,0,0,lessVoid,2,2,9,112463.000
i64,16384,64,0,0,lessVoid,3,2,11,96011.455
i64,16384,64,0,0,lessVoid,3,3,11,95727.273
i64,16384,64,0,0,lessVoid,4,3,6,188590.167
i64,16384,64,0,0,lessVoid,2,3,9,111352.000
i64,16384,64,0,0,lessVoid,2,4,9,112703.667
i64,16384,64,0,0,lessVoid,4,4,6,189396.000
i64,16384,64,0,0,lessVoid,3,4,11,96473.364
i64,16384,64,0,0,lessVoid,2,5,9,111759.333
i64,16384,64,0,0,lessVoid,3,5,11,95799.364
i64,16384,64,0,0,lessVoid,4,5,6,187395.500
i64,16384,8,16,0,lessVoid,4,1,17,61791.824
i64,16384,8,16,0,lessVoid,3,1,12,86191.083
i64,16384,8,16,0,lessVoid,2,1,14,77020.714
i64,16384,8,16,0,lessVoid,2,2,14,74217.214
i64,16384,8,16,0,lessVoid,3,2,12,87920.000
i64,16384,8,16,0,lessVoid,4,2,18,58599.444
i64,16384,8,16,0,lessVoid,2,3,14,72514.786
i64,16384,8,16,0,lessVoid,3,3,12,90624.917
i64,16384,8,16,0,lessVoid,4,3,17,62421.588
i64,16384,8,16,0,lessVoid,2,4,14,76333.429
i64,16384,8,16,0,lessVoid,3,4,12,87236.167
i64,16384,8,16,0,lessVoid,4,4,18,58673.722
i64,16384,8,16,0,lessVoid,4,5,17,61046.588
i64,16384,8,16,0,lessVoid,2,5,14,76964.071
i64,16384,8,16,0,lessVoid,3,5,12,87312.500
i64,65536,4,0,0,lessVoid,2,1,9,117736.222
i64,65536,4,0,0,lessVoid,3,1,10,106791.600
i64,65536,4,0,0,lessVoid,4,1,9,114768.556
i64,65536,4,0,0,lessVoid,3,2,10,105358.200
i64,65536,4,0,0,lessVoid,2,2,10,108649.900
i64,65536,4,0,0,lessVoid,4,2,9,113203.778
i64,65536,4,0,0,lessVoid,3,3,10,106362.500
i64,65536,4,0,0,lessVoid,4,3,9,121856.222
i64,65536,4,0,0,lessVoid,2,3,9,118902.667
i64,65536,4,0,0,lessVoid,4,4,9,114731.556
i64,65536,4,0,0,lessVoid,2,4,10,109216.900
i64,65536,4,0,0,lessVoid,3,4,9,114930.667
i64,65536,4,0,0,lessVoid,2,5,9,112754.667
i64,65536,4,0,0,lessVoid,4,5,10,111650.000
i64,65536,4,0,0,lessVoid,3,5,10,105145.900
i64,65536,16,0,0,lessVoid,2,1,8,143151.125
i64,65536,16,0,0,lessVoid,3,1,6,179499.833
i64,65536,16,0,0,lessVoid,4,1,3,376305.333
i64,65536,16,0,0,lessVoid,4,2,3,357291.667
i64,65536,16,0,0,lessVoid,2,2,8,139349.000
i64,65536,16,0,0,lessVoid,3,2,6,178645.833
i64,65536,16,0,0,lessVoid,2,3,8,138578.125
i64,65536,16,0,0,lessVoid,4,3,3,392236.333
i64,65536,16,0,0,lessVoid,3,3,6,178187.500
i64,65536,16,0,0,lessVoid,2,4,6,172451.500
i64,65536,16,0,0,lessVoid,3,4,6,171291.500
i64,65536,16,0,0,lessVoid,4,4,3,378208.333
i64,65536,16,0,0,lessVoid,4,5,3,359263.333
i64,65536,16,0,0,lessVoid,2,5,8,137817.625
i64,65536,16,0,0,lessVoid,3,5,6,177618.000
i64,65536,22,0,0,lessVoid,2,1,5,205150.200
i64,65536,22,0,0,lessVoid,4,1,5,235666.800
i64,65536,22,0,0,lessVoid,3,1,6,182396.000
i64,65536,22,0,0,lessVoid,4,2,5,231499.800
i64,65536,22,0,0,lessVoid,3,2,6,185104.167
i64,65536,22,0,0,lessVoid,2,2,5,208500.000
i64,65536,22,0,0,lessVoid,3,3,6,175895.833
i64,65536,22,0,0,lessVoid,4,3,5,229250.200
i64,65536,22,0,0,lessVoid,2,3,5,210716.600
i64,65536,22,0,0,lessVoid,2,4,5,211925.000
i64,65536,22,0,0,lessVoid,3,4,6,181937.333
i64,65536,22,0,0,lessVoid,4,4,5,226249.800
i64,65536,22,0,0,lessVoid,3,5,6,177770.833
i64,65536,22,0,0,lessVoid,2,5,5,205041.600
i64,65536,22,0,0,lessVoid,4,5,5,243199.800
i64,65536,64,0,0,lessVoid,4,1,2,650083.500
i64,65536,64,0,0,lessVoid,3,1,3,450639.333
i64,65536,64,0,0,lessVoid,2,1,3,487833.667
i64,65536,64,0,0,lessVoid,3,2,3,390958.000
i64,65536,64,0,0,lessVoid,4,2,2,667604.500
i64,65536,64,0,0,lessVoid,2,2,3,465542.000
i64,65536,64,0,0,lessVoid,2,3,3,521458.000
i64,65536,64,0,0,lessVoid,4,3,2,691396.000
i64,65536,64,0,0,lessVoid,3,3,3,432917.000
i64,65536,64,0,0,lessVoid,2,4,3,474347.333
i64,65536,64,0,0,lessVoid,4,4,2,602520.500
i64,65536,64,0,0,lessVoid,3,4,3,404861.000
i64,65536,64,0,0,lessVoid,2,5,3,494930.667
i64,65536,64,0,0,lessVoid,3,5,3,401291.333
i64,65536,64,0,0,lessVoid,4,5,2,666083.500
i64,65536,8,16,0,lessVoid,3,1,3,365486.000
i64,65536,8,16,0,lessVoid,2,1,4,308656.250
i64,65536,8,16,0,lessVoid,4,1,5,210608.000
i64,65536,8,16,0,lessVoid,4,2,5,230325.000
i64,65536,8,16,0,lessVoid,3,2,3,346527.667
i64,65536,8,16,0,lessVoid,2,2,4,303124.750
i64,65536,8,16,0,lessVoid,2,3,4,286395.750
i64,65536,8,16,0,lessVoid,3,3,4,342781.250
i64,65536,8,16,0,lessVoid,4,3,5,213841.800
i64,65536,8,16,0,lessVoid,2,4,4,268427.500
i64,65536,8,16,0,lessVoid,4,4,5,220358.200
i64,65536,8,16,0,lessVoid,3,4,3,353527.667
i64,65536,8,16,0,lessVoid,3,5,3,338000.000
i64,65536,8,16,0,lessVoid,2,5,4,278125.000
i64,65536,8,16,0,lessVoid,4,5,5,208750.200
i64,262144,4,0,0,lessVoid,4,1,2,660396.000
i64,262144,4,0,0,lessVoid,2,1,2,688228.500
i64,262144,4,0,0,lessVoid,3,1,2,683500.500
i64,262144,4,0,0,lessVoid,2,2,2,692437.500
i64,262144,4,0,0,lessVoid,4,2,2,699291.500
i64,262144,4,0,0,lessVoid,3,2,2,664104.500
i64,262144,4,0,0,lessVoid,3,3,2,653354.000
i64,262144,4,0,0,lessVoid,2,3,2,660708.000
i64,262144,4,0,0,lessVoid,4,3,2,662937.500
i64,262144,4,0,0,lessVoid,2,4,2,659375.000
i64,262144,4,0,0,lessVoid,3,4,2,660312.500
i64,262144,4,0,0,lessVoid,4,4,2,663062.500
i64,262144,4,0,0,lessVoid,4,5,2,660458.500
i64,262144,4,0,0,lessVoid,2,5,2,652979.500
i64,262144,4,0,0,lessVoid,3,5,2,670396.000
i64,262144,16,0,0,lessVoid,2,1,2,773646.000
i64,262144,16,0,0,lessVoid,3,1,2,841229.500
i64,262144,16,0,0,lessVoid,4,1,1,1636208.000
i64,262144,16,0,0,lessVoid,2,2,2,770625.000
i64,262144,16,0,0,lessVoid,3,2,2,830667.000
i64,262144,16,0,0,lessVoid,4,2,1,1608750.000
i64,262144,16,0,0,lessVoid,3,3,2,831521.000
i64,262144,16,0,0,lessVoid,4,3,1,1600667.000
i64,262144,16,0,0,lessVoid,2,3,2,801166.500
i64,262144,16,0,0,lessVoid,2,4,2,777354.000
i64,262144,16,0,0,lessVoid,3,4,2,827270.500
i64,262144,16,0,0,lessVoid,4,4,1,1572875.000
i64,262144,16,0,0,lessVoid,2,5,2,783125.000
i64,262144,16,0,0,lessVoid,4,5,1,1612667.000
i64,262144,16,0,0,lessVoid,3,5,2,832458.000
i64,262144,22,0,0,lessVoid,2,1,2,994166.500
i64,262144,22,0,0,lessVoid,4,1,1,1093459.000
i64,262144,22,0,0,lessVoid,3,1,2,861521.500
i64,262144,22,0,0,lessVoid,4,2,1,1134083.000
i64,262144,22,0,0,lessVoid,3,2,2,858875.000
i64,262144,22,0,0,lessVoid,2,2,1,1031917.000
i64,262144,22,0,0,lessVoid,4,3,1,1063834.000
i64,262144,22,0,0,lessVoid,2,3,2,1002166.500
i64,262144,22,0,0,lessVoid,3,3,2,861458.500
i64,262144,22,0,0,lessVoid,2,4,1,1000875.000
i64,262144,22,0,0,lessVoid,3,4,2,834000.000
i64,262144,22,0,0,lessVoid,4,4,1,1080458.000
i64,262144,22,0,0,lessVoid,4,5,1,1061875.000
i64,262144,22,0,0,lessVoid,2,5,1,1002292.000
i64,262144,22,0,0,lessVoid,3,5,2,943083.500
i64,262144,64,0,0,lessVoid,3,1,1,1722500.000
i64,262144,64,0,0,lessVoid,2,1,1,1976125.000
i64,262144,64,0,0,lessVoid,4,1,1,2446041.000
i64,262144,64,0,0,lessVoid,4,2,1,2387750.000
i64,262144,64,0,0,lessVoid,2,2,1,1961500.000
i64,262144,64,0,0,lessVoid,3,2,1,1738959.000
i64,262144,64,0,0,lessVoid,4,3,1,2570708.000
i64,262144,64,0,0,lessVoid,3,3,1,1722334.000
i64,262144,64,0,0,lessVoid,2,3,1,1962125.000
i64,262144,64,0,0,lessVoid,4,4,1,2533667.000
i64,262144,64,0,0,lessVoid,2,4,1,2033375.000
i64,262144,64,0,0,lessVoid,3,4,1,1727041.000
i64,262144,64,0,0,lessVoid,2,5,1,1935000.000
i64,262144,64,0,0,lessVoid,4,5,1,2540750.000
i64,262144,64,0,0,lessVoid,3,5,1,1769208.000
i64,262144,8,16,0,lessVoid,2,1,1,1244333.000
i64,262144,8,16,0,lessVoid,3,1,1,1526000.000
i64,262144,8,16,0,lessVoid,4,1,1,1084708.000
i64,262144,8,16,0,lessVoid,4,2,2,876354.500
i64,262144,8,16,0,lessVoid,2,2,1,1125666.000
i64,262144,8,16,0,lessVoid,3,2,1,1728458.000
i64,262144,8,16,0,lessVoid,4,3,2,878062.500
i64,262144,8,16,0,lessVoid,2,3,1,1111875.000
i64,262144,8,16,0,lessVoid,3,3,1,1455000.000
i64,262144,8,16,0,lessVoid,4,4,2,843562.500
i64,262144,8,16,0,lessVoid,3,4,1,1687167.000
i64,262144,8,16,0,lessVoid,2,4,1,1209458.000
i64,262144,8,16,0,lessVoid,4,5,2,871854.000
i64,262144,8,16,0,lessVoid,3,5,1,1406791.000
i64,262144,8,16,0,lessVoid,2,5,1,1091500.000
i64,1000000,4,0,0,lessVoid,3,1,1,2626708.000
i64,1000000,4,0,0,lessVoid,4,1,1,2853833.000
i64,1000000,4,0,0,lessVoid,2,1,1,2744167.000
i64,1000000,4,0,0,lessVoid,2,2,1,2665167.000
i64,1000000,4,0,0,lessVoid,4,2,1,2599459.000
i64,1000000,4,0,0,lessVoid,3,2,1,2821375.000
i64,1000000,4,0,0,lessVoid,4,3,1,2845708.000
i64,1000000,4,0,0,lessVoid,2,3,1,2760542.000
i64,1000000,4,0,0,lessVoid,3,3,1,3112958.000
i64,1000000,4,0,0,lessVoid,3,4,1,2665958.000
i64,1000000,4,0,0,lessVoid,2,4,1,2718375.000
i64,1000000,4,0,0,lessVoid,4,4,1,2683125.000
i64,1000000,4,0,0,lessVoid,3,5,1,2650791.000
i64,1000000,4,0,0,lessVoid,2,5,1,2841375.000
i64,1000000,4,0,0,lessVoid,4,5,1,2566875.000
i64,1000000,16,0,0,lessVoid,4,1,1,6349375.000
i64,1000000,16,0,0,lessVoid,3,1,1,3791417.000
i64,1000000,16,0,0,lessVoid,2,1,1,3522208.000
i64,1000000,16,0,0,lessVoid,3,2,1,3591083.000
i64,1000000,16,0,0,lessVoid,4,2,1,6400542.000
i64,1000000,16,0,0,lessVoid,2,2,1,3701792.000
i64,1000000,16,0,0,lessVoid,2,3,1,3640834.000
i64,1000000,16,0,0,lessVoid,3,3,1,3666458.000
i64,1000000,16,0,0,lessVoid,4,3,1,6491666.000
i64,1000000,16,0,0,lessVoid,3,4,1,3626208.000
i64,1000000,16,0,0,lessVoid,2,4,1,3293125.000
i64,1000000,16,0,0,lessVoid,4,4,1,6145709.000
i64,1000000,16,0,0,lessVoid,2,5,1,3235334.000
i64,1000000,16,0,0,lessVoid,4,5,1,6274292.000
i64,1000000,16,0,0,lessVoid,3,5,1,3786250.000
i64,1000000,22,0,0,lessVoid,2,1,1,4149666.000
i64,1000000,22,0,0,lessVoid,4,1,1,4337542.000
i64,1000000,22,0,0,lessVoid,3,1,1,3714292.000
i64,1000000,22,0,0,lessVoid,3,2,1,3814292.000
i64,1000000,22,0,0,lessVoid,2,2,1,4585250.000
i64,1000000,22,0,0,lessVoid,4,2,1,4045125.000
i64,1000000,22,0,0,lessVoid,4,3,1,4101666.000
i64,1000000,22,0,0,lessVoid,2,3,1,4076666.000
i64,1000000,22,0,0,lessVoid,3,3,1,3516000.000
i64,1000000,22,0,0,lessVoid,2,4,1,4397583.000
i64,1000000,22,0,0,lessVoid,4,4,1,4227917.000
i64,1000000,22,0,0,lessVoid,3,4,1,3771791.000
i64,1000000,22,0,0,lessVoid,3,5,1,3373541.000
i64,1000000,22,0,0,lessVoid,4,5,1,4062750.000
i64,1000000,22,0,0,lessVoid,2,5,1,4739667.000
i64,1000000,64,0,0,lessVoid,3,1,1,7580000.000
i64,1000000,64,0,0,lessVoid,4,1,1,9181709.000
i64,1000000,64,0,0,lessVoid,2,1,1,8281500.000
i64,1000000,64,0,0,lessVoid,3,2,1,7212333.000
i64,1000000,64,0,0,lessVoid,4,2,1,9550542.000
i64,1000000,64,0,0,lessVoid,2,2,1,8713208.000
i64,1000000,64,0,0,lessVoid,4,3,1,9627291.000
i64,1000000,64,0,0,lessVoid,3,3,1,7921625.000
i64,1000000,64,0,0,lessVoid,2,3,1,9722708.000
i64,1000000,64,0,0,lessVoid,2,4,1,9128750.000
i64,1000000,64,0,0,lessVoid,4,4,1,10373625.000
i64,1000000,64,0,0,lessVoid,3,4,1,7477292.000
i64,1000000,64,0,0,lessVoid,4,5,1,9793459.000
i64,1000000,64,0,0,lessVoid,2,5,1,9071916.000
i64,1000000,64,0,0,lessVoid,3,5,1,7573750.000
i64,1000000,8,16,0,lessVoid,4,1,1,3475833.000
i64,1000000,8,16,0,lessVoid,2,1,1,4570250.000
i64,1000000,8,16,0,lessVoid,3,1,1,5757833.000
i64,1000000,8,16,0,lessVoid,3,2,1,5834541.000
i64,1000000,8,16,0,lessVoid,2,2,1,4670542.000
i64,1000000,8,16,0,lessVoid,4,2,1,3775667.000
i64,1000000,8,16,0,lessVoid,4,3,1,3440500.000
i64,1000000,8,16,0,lessVoid,3,3,1,5688167.000
i64,1000000,8,16,0,lessVoid,2,3,1,4532125.000
i64,1000000,8,16,0,lessVoid,3,4,1,5869209.000
i64,1000000,8,16,0,lessVoid,2,4,1,4357209.000
i64,1000000,8,16,0,lessVoid,4,4,1,3739833.000
i64,1000000,8,16,0,lessVoid,3,5,1,5848000.000
i64,1000000,8,16,0,lessVoid,2,5,1,4775708.000
i64,1000000,8,16,0,lessVoid,4,5,1,3902250.000
i64,2000000,4,0,0,lessVoid,4,1,1,4569084.000
i64,2000000,4,0,0,lessVoid,3,1,1,4593875.000
i64,2000000,4,0,0,lessVoid,2,1,1,4586292.000
i64,2000000,4,0,0,lessVoid,4,2,1,4623750.000
i64,2000000,4,0,0,lessVoid,2,2,1,4567791.000
i64,2000000,4,0,0,lessVoid,3,2,1,4677542.000
i64,2000000,4,0,0,lessVoid,3,3,1,4638375.000
i64,2000000,4,0,0,lessVoid,2,3,1,4668042.000
i64,2000000,4,0,0,lessVoid,4,3,1,4660500.000
i64,2000000,4,0,0,lessVoid,4,4,1,4612375.000
i64,2000000,4,0,0,lessVoid,3,4,1,4584084.000
i64,2000000,4,0,0,lessVoid,2,4,1,4667875.000
i64,2000000,4,0,0,lessVoid,2,5,1,4635834.000
i64,2000000,4,0,0,lessVoid,4,5,1,4542042.000
i64,2000000,4,0,0,lessVoid,3,5,1,4682625.000
i64,2000000,16,0,0,lessVoid,2,1,1,6924709.000
i64,2000000,16,0,0,lessVoid,3,1,1,6578792.000
i64,2000000,16,0,0,lessVoid,4,1,1,11738375.000
i64,2000000,16,0,0,lessVoid,4,2,1,11821459.000
i64,2000000,16,0,0,lessVoid,2,2,1,7041458.000
i64,2000000,16,0,0,lessVoid,3,2,1,6754541.000
i64,2000000,16,0,0,lessVoid,4,3,1,11963083.000
i64,2000000,16,0,0,lessVoid,3,3,1,6752542.000
i64,2000000,16,0,0,lessVoid,2,3,1,7183541.000
i64,2000000,16,0,0,lessVoid,2,4,1,7440000.000
i64,2000000,16,0,0,lessVoid,3,4,1,7034667.000
i64,2000000,16,0,0,lessVoid,4,4,1,12369708.000
i64,2000000,16,0,0,lessVoid,4,5,1,11811000.000
i64,2000000,16,0,0,lessVoid,2,5,1,7119042.000
i64,2000000,16,0,0,lessVoid,3,5,1,6809541.000
i64,2000000,22,0,0,lessVoid,3,1,1,7036666.000
i64,2000000,22,0,0,lessVoid,2,1,1,8740208.000
i64,2000000,22,0,0,lessVoid,4,1,1,8238084.000
i64,2000000,22,0,0,lessVoid,4,2,1,8332333.000
i64,2000000,22,0,0,lessVoid,2,2,1,8836583.000
i64,2000000,22,0,0,lessVoid,3,2,1,7105292.000
i64,2000000,22,0,0,lessVoid,4,3,1,8362917.000
i64,2000000,22,0,0,lessVoid,3,3,1,6986084.000
i64,2000000,22,0,0,lessVoid,2,3,1,8710000.000
i64,2000000,22,0,0,lessVoid,3,4,1,7013791.000
i64,2000000,22,0,0,lessVoid,4,4,1,8357208.000
i64,2000000,22,0,0,lessVoid,2,4,1,8684334.000
i64,2000000,22,0,0,lessVoid,3,5,1,7064625.000
i64,2000000,22,0,0,lessVoid,2,5,1,8673083.000
i64,2000000,22,0,0,lessVoid,4,5,1,8399584.000
i64,2000000,64,0,0,lessVoid,4,1,1,19693834.000
i64,2000000,64,0,0,lessVoid,3,1,1,16070208.000
i64,2000000,64,0,0,lessVoid,2,1,1,19967750.000
i64,2000000,64,0,0,lessVoid,4,2,1,19023416.000
i64,2000000,64,0,0,lessVoid,3,2,1,16304917.000
i64,2000000,64,0,0,lessVoid,2,2,1,20655250.000
i64,2000000,64,0,0,lessVoid,4,3,1,19473625.000
i64,2000000,64,0,0,lessVoid,2,3,1,20492875.000
i64,2000000,64,0,0,lessVoid,3,3,1,16317208.000
i64,2000000,64,0,0,lessVoid,3,4,1,18023667.000
i64,2000000,64,0,0,lessVoid,4,4,1,19997292.000
i64,2000000,64,0,0,lessVoid,2,4,1,20158084.000
i64,2000000,64,0,0,lessVoid,4,5,1,18715584.000
i64,2000000,64,0,0,lessVoid,3,5,1,15467584.000
i64,2000000,64,0,0,lessVoid,2,5,1,19162541.000
i64,2000000,8,16,0,lessVoid,3,1,1,10976417.000
i64,2000000,8,16,0,lessVoid,2,1,1,8646292.000
i64,2000000,8,16,0,lessVoid,4,1,1,6846750.000
i64,2000000,8,16,0,lessVoid,4,2,1,6700208.000
i64,2000000,8,16,0,lessVoid,2,2,1,8507333.000
i64,2000000,8,16,0,lessVoid,3,2,1,10557375.000
i64,2000000,8,16,0,lessVoid,3,3,1,10533500.000
i64,2000000,8,16,0,lessVoid,4,3,1,6755875.000
i64,2000000,8,16,0,lessVoid,2,3,1,8671000.000
i64,2000000,8,16,0,lessVoid,3,4,1,10877375.000
i64,2000000,8,16,0,lessVoid,4,4,1,6668833.000
i64,2000000,8,16,0,lessVoid,2,4,1,8474458.000
i64,2000000,8,16,0,lessVoid,4,5,1,6600959.000
i64,2000000,8,16,0,lessVoid,2,5,1,8394750.000
i64,2000000,8,16,0,lessVoid,3,5,1,10345750.000
