scenario,originalMs,finalMs,speedup,checksum
convolution-64,0.01,0.008,1.25,601347767
convolution-4096,0.931,0.394,2.36294,165883458753248
convolution-16384,3.806,0.911,4.17783,10677370433298689
series-inverse,5.16,1.501,3.43771,67182578590969114
series-exp,3.895,1.287,3.02642,4205933099522283
truncate-to-64-200x,35.408,0.009,3934.22,2912000
scalar-compound,5.745,4.367,1.31555,22963522963500000
convolution-same-modint,0.798,0.802,0.995012,39580807888900
inverse-same-modint,1.496,1.454,1.02889,66838783527891192
