workload,container,round,n,q,operations,ns_per_op,result_hash,final_size,final_hash,status
build,stdMap,1,1000000,1000000,1000000,294.043,182156675363715685,1000000,8404432170531818405,ok
build,stdSet,1,1000000,1000000,1000000,238.434,182156675363715685,1000000,8404432170531818405,ok
build,TreeMapOff,1,1000000,1000000,1000000,128.719,182156675363715685,1000000,8404432170531818405,ok
build,PBDS,1,1000000,1000000,1000000,494.635,182156675363715685,1000000,8404432170531818405,ok
build,TreeMap,1,1000000,1000000,1000000,217.072,182156675363715685,1000000,8404432170531818405,ok
build,TreeMap,2,1000000,1000000,1000000,198.470,182156675363715685,1000000,8404432170531818405,ok
build,TreeMapOff,2,1000000,1000000,1000000,118.414,182156675363715685,1000000,8404432170531818405,ok
build,PBDS,2,1000000,1000000,1000000,296.695,182156675363715685,1000000,8404432170531818405,ok
build,stdSet,2,1000000,1000000,1000000,167.057,182156675363715685,1000000,8404432170531818405,ok
build,stdMap,2,1000000,1000000,1000000,251.847,182156675363715685,1000000,8404432170531818405,ok
build,PBDS,3,1000000,1000000,1000000,297.104,182156675363715685,1000000,8404432170531818405,ok
build,stdSet,3,1000000,1000000,1000000,160.876,182156675363715685,1000000,8404432170531818405,ok
build,TreeMap,3,1000000,1000000,1000000,198.956,182156675363715685,1000000,8404432170531818405,ok
build,TreeMapOff,3,1000000,1000000,1000000,117.278,182156675363715685,1000000,8404432170531818405,ok
build,stdMap,3,1000000,1000000,1000000,231.879,182156675363715685,1000000,8404432170531818405,ok
build,TreeMapOff,4,1000000,1000000,1000000,117.616,182156675363715685,1000000,8404432170531818405,ok
build,stdMap,4,1000000,1000000,1000000,230.947,182156675363715685,1000000,8404432170531818405,ok
build,TreeMap,4,1000000,1000000,1000000,201.374,182156675363715685,1000000,8404432170531818405,ok
build,stdSet,4,1000000,1000000,1000000,160.294,182156675363715685,1000000,8404432170531818405,ok
build,PBDS,4,1000000,1000000,1000000,320.785,182156675363715685,1000000,8404432170531818405,ok
build,PBDS,5,1000000,1000000,1000000,296.564,182156675363715685,1000000,8404432170531818405,ok
build,TreeMapOff,5,1000000,1000000,1000000,117.471,182156675363715685,1000000,8404432170531818405,ok
build,stdSet,5,1000000,1000000,1000000,155.758,182156675363715685,1000000,8404432170531818405,ok
build,stdMap,5,1000000,1000000,1000000,255.168,182156675363715685,1000000,8404432170531818405,ok
build,TreeMap,5,1000000,1000000,1000000,206.833,182156675363715685,1000000,8404432170531818405,ok
containsHit,TreeMapOff,1,1000000,1000000,1000000,86.475,182156675363715685,1000000,8404432170531818405,ok
containsHit,TreeMap,1,1000000,1000000,1000000,151.021,182156675363715685,1000000,8404432170531818405,ok
containsHit,stdMap,1,1000000,1000000,1000000,424.690,182156675363715685,1000000,8404432170531818405,ok
containsHit,stdSet,1,1000000,1000000,1000000,411.554,182156675363715685,1000000,8404432170531818405,ok
containsHit,PBDS,1,1000000,1000000,1000000,570.363,182156675363715685,1000000,8404432170531818405,ok
containsHit,TreeMapOff,2,1000000,1000000,1000000,85.539,182156675363715685,1000000,8404432170531818405,ok
containsHit,stdSet,2,1000000,1000000,1000000,371.909,182156675363715685,1000000,8404432170531818405,ok
containsHit,stdMap,2,1000000,1000000,1000000,341.296,182156675363715685,1000000,8404432170531818405,ok
containsHit,TreeMap,2,1000000,1000000,1000000,211.372,182156675363715685,1000000,8404432170531818405,ok
containsHit,PBDS,2,1000000,1000000,1000000,316.743,182156675363715685,1000000,8404432170531818405,ok
containsHit,stdMap,3,1000000,1000000,1000000,347.262,182156675363715685,1000000,8404432170531818405,ok
containsHit,stdSet,3,1000000,1000000,1000000,456.637,182156675363715685,1000000,8404432170531818405,ok
containsHit,TreeMap,3,1000000,1000000,1000000,320.198,182156675363715685,1000000,8404432170531818405,ok
containsHit,TreeMapOff,3,1000000,1000000,1000000,91.402,182156675363715685,1000000,8404432170531818405,ok
containsHit,PBDS,3,1000000,1000000,1000000,546.817,182156675363715685,1000000,8404432170531818405,ok
containsHit,TreeMapOff,4,1000000,1000000,1000000,90.543,182156675363715685,1000000,8404432170531818405,ok
containsHit,TreeMap,4,1000000,1000000,1000000,243.266,182156675363715685,1000000,8404432170531818405,ok
containsHit,PBDS,4,1000000,1000000,1000000,477.221,182156675363715685,1000000,8404432170531818405,ok
containsHit,stdMap,4,1000000,1000000,1000000,564.943,182156675363715685,1000000,8404432170531818405,ok
containsHit,stdSet,4,1000000,1000000,1000000,492.722,182156675363715685,1000000,8404432170531818405,ok
containsHit,stdSet,5,1000000,1000000,1000000,487.026,182156675363715685,1000000,8404432170531818405,ok
containsHit,TreeMapOff,5,1000000,1000000,1000000,93.280,182156675363715685,1000000,8404432170531818405,ok
containsHit,stdMap,5,1000000,1000000,1000000,446.594,182156675363715685,1000000,8404432170531818405,ok
containsHit,TreeMap,5,1000000,1000000,1000000,177.958,182156675363715685,1000000,8404432170531818405,ok
containsHit,PBDS,5,1000000,1000000,1000000,515.790,182156675363715685,1000000,8404432170531818405,ok
containsMiss,stdMap,1,1000000,1000000,1000000,458.386,10335153319870804005,1000000,8404432170531818405,ok
containsMiss,TreeMapOff,1,1000000,1000000,1000000,91.049,10335153319870804005,1000000,8404432170531818405,ok
containsMiss,stdSet,1,1000000,1000000,1000000,360.815,10335153319870804005,1000000,8404432170531818405,ok
containsMiss,TreeMap,1,1000000,1000000,1000000,172.480,10335153319870804005,1000000,8404432170531818405,ok
containsMiss,PBDS,1,1000000,1000000,1000000,398.827,10335153319870804005,1000000,8404432170531818405,ok
containsMiss,stdSet,2,1000000,1000000,1000000,317.789,10335153319870804005,1000000,8404432170531818405,ok
containsMiss,PBDS,2,1000000,1000000,1000000,447.111,10335153319870804005,1000000,8404432170531818405,ok
containsMiss,TreeMap,2,1000000,1000000,1000000,178.352,10335153319870804005,1000000,8404432170531818405,ok
containsMiss,stdMap,2,1000000,1000000,1000000,356.952,10335153319870804005,1000000,8404432170531818405,ok
containsMiss,TreeMapOff,2,1000000,1000000,1000000,85.473,10335153319870804005,1000000,8404432170531818405,ok
containsMiss,stdMap,3,1000000,1000000,1000000,456.550,10335153319870804005,1000000,8404432170531818405,ok
containsMiss,PBDS,3,1000000,1000000,1000000,380.870,10335153319870804005,1000000,8404432170531818405,ok
containsMiss,stdSet,3,1000000,1000000,1000000,369.563,10335153319870804005,1000000,8404432170531818405,ok
containsMiss,TreeMapOff,3,1000000,1000000,1000000,84.768,10335153319870804005,1000000,8404432170531818405,ok
containsMiss,TreeMap,3,1000000,1000000,1000000,157.787,10335153319870804005,1000000,8404432170531818405,ok
containsMiss,PBDS,4,1000000,1000000,1000000,479.177,10335153319870804005,1000000,8404432170531818405,ok
containsMiss,TreeMap,4,1000000,1000000,1000000,175.316,10335153319870804005,1000000,8404432170531818405,ok
containsMiss,stdSet,4,1000000,1000000,1000000,530.388,10335153319870804005,1000000,8404432170531818405,ok
containsMiss,stdMap,4,1000000,1000000,1000000,416.753,10335153319870804005,1000000,8404432170531818405,ok
containsMiss,TreeMapOff,4,1000000,1000000,1000000,85.084,10335153319870804005,1000000,8404432170531818405,ok
containsMiss,stdMap,5,1000000,1000000,1000000,427.106,10335153319870804005,1000000,8404432170531818405,ok
containsMiss,TreeMapOff,5,1000000,1000000,1000000,86.271,10335153319870804005,1000000,8404432170531818405,ok
containsMiss,stdSet,5,1000000,1000000,1000000,395.118,10335153319870804005,1000000,8404432170531818405,ok
containsMiss,TreeMap,5,1000000,1000000,1000000,168.101,10335153319870804005,1000000,8404432170531818405,ok
containsMiss,PBDS,5,1000000,1000000,1000000,348.805,10335153319870804005,1000000,8404432170531818405,ok
erase,TreeMap,1,1000000,1000000,1000000,245.080,182156675363715685,0,14695981039346656037,ok
erase,stdMap,1,1000000,1000000,1000000,633.046,182156675363715685,0,14695981039346656037,ok
erase,TreeMapOff,1,1000000,1000000,1000000,114.318,182156675363715685,0,14695981039346656037,ok
erase,stdSet,1,1000000,1000000,1000000,567.219,182156675363715685,0,14695981039346656037,ok
erase,PBDS,1,1000000,1000000,1000000,518.788,182156675363715685,0,14695981039346656037,ok
erase,TreeMapOff,2,1000000,1000000,1000000,101.943,182156675363715685,0,14695981039346656037,ok
erase,stdMap,2,1000000,1000000,1000000,413.740,182156675363715685,0,14695981039346656037,ok
erase,stdSet,2,1000000,1000000,1000000,467.440,182156675363715685,0,14695981039346656037,ok
erase,PBDS,2,1000000,1000000,1000000,587.059,182156675363715685,0,14695981039346656037,ok
erase,TreeMap,2,1000000,1000000,1000000,305.126,182156675363715685,0,14695981039346656037,ok
erase,TreeMap,3,1000000,1000000,1000000,385.153,182156675363715685,0,14695981039346656037,ok
erase,stdMap,3,1000000,1000000,1000000,531.547,182156675363715685,0,14695981039346656037,ok
erase,stdSet,3,1000000,1000000,1000000,559.988,182156675363715685,0,14695981039346656037,ok
erase,PBDS,3,1000000,1000000,1000000,636.474,182156675363715685,0,14695981039346656037,ok
erase,TreeMapOff,3,1000000,1000000,1000000,103.482,182156675363715685,0,14695981039346656037,ok
erase,stdSet,4,1000000,1000000,1000000,554.675,182156675363715685,0,14695981039346656037,ok
erase,stdMap,4,1000000,1000000,1000000,406.357,182156675363715685,0,14695981039346656037,ok
erase,TreeMapOff,4,1000000,1000000,1000000,104.062,182156675363715685,0,14695981039346656037,ok
erase,TreeMap,4,1000000,1000000,1000000,227.255,182156675363715685,0,14695981039346656037,ok
erase,PBDS,4,1000000,1000000,1000000,592.643,182156675363715685,0,14695981039346656037,ok
erase,TreeMapOff,5,1000000,1000000,1000000,103.591,182156675363715685,0,14695981039346656037,ok
erase,stdSet,5,1000000,1000000,1000000,418.418,182156675363715685,0,14695981039346656037,ok
erase,TreeMap,5,1000000,1000000,1000000,176.566,182156675363715685,0,14695981039346656037,ok
erase,PBDS,5,1000000,1000000,1000000,523.409,182156675363715685,0,14695981039346656037,ok
erase,stdMap,5,1000000,1000000,1000000,424.020,182156675363715685,0,14695981039346656037,ok
updateMixed,TreeMap,1,1000000,1000000,2000000,232.762,8517056851876614565,1000000,2254428255035052421,ok
updateMixed,stdMap,1,1000000,1000000,2000000,478.111,8517056851876614565,1000000,2254428255035052421,ok
updateMixed,stdSet,1,1000000,1000000,2000000,382.548,8517056851876614565,1000000,2254428255035052421,ok
updateMixed,TreeMapOff,1,1000000,1000000,2000000,113.076,8517056851876614565,1000000,2254428255035052421,ok
updateMixed,PBDS,1,1000000,1000000,2000000,633.172,8517056851876614565,1000000,2254428255035052421,ok
updateMixed,TreeMapOff,2,1000000,1000000,2000000,132.210,8517056851876614565,1000000,2254428255035052421,ok
updateMixed,stdSet,2,1000000,1000000,2000000,433.419,8517056851876614565,1000000,2254428255035052421,ok
updateMixed,TreeMap,2,1000000,1000000,2000000,338.974,8517056851876614565,1000000,2254428255035052421,ok
updateMixed,PBDS,2,1000000,1000000,2000000,621.101,8517056851876614565,1000000,2254428255035052421,ok
updateMixed,stdMap,2,1000000,1000000,2000000,674.409,8517056851876614565,1000000,2254428255035052421,ok
updateMixed,TreeMapOff,3,1000000,1000000,2000000,127.061,8517056851876614565,1000000,2254428255035052421,ok
updateMixed,stdSet,3,1000000,1000000,2000000,405.221,8517056851876614565,1000000,2254428255035052421,ok
updateMixed,PBDS,3,1000000,1000000,2000000,697.109,8517056851876614565,1000000,2254428255035052421,ok
updateMixed,stdMap,3,1000000,1000000,2000000,655.145,8517056851876614565,1000000,2254428255035052421,ok
updateMixed,TreeMap,3,1000000,1000000,2000000,220.399,8517056851876614565,1000000,2254428255035052421,ok
updateMixed,stdSet,4,1000000,1000000,2000000,380.495,8517056851876614565,1000000,2254428255035052421,ok
updateMixed,TreeMapOff,4,1000000,1000000,2000000,116.044,8517056851876614565,1000000,2254428255035052421,ok
updateMixed,PBDS,4,1000000,1000000,2000000,624.733,8517056851876614565,1000000,2254428255035052421,ok
updateMixed,TreeMap,4,1000000,1000000,2000000,238.214,8517056851876614565,1000000,2254428255035052421,ok
updateMixed,stdMap,4,1000000,1000000,2000000,528.807,8517056851876614565,1000000,2254428255035052421,ok
updateMixed,stdMap,5,1000000,1000000,2000000,558.514,8517056851876614565,1000000,2254428255035052421,ok
updateMixed,TreeMapOff,5,1000000,1000000,2000000,119.946,8517056851876614565,1000000,2254428255035052421,ok
updateMixed,TreeMap,5,1000000,1000000,2000000,236.152,8517056851876614565,1000000,2254428255035052421,ok
updateMixed,stdSet,5,1000000,1000000,2000000,468.242,8517056851876614565,1000000,2254428255035052421,ok
updateMixed,PBDS,5,1000000,1000000,2000000,669.628,8517056851876614565,1000000,2254428255035052421,ok
iterate,TreeMapOff,1,1000000,1000000,1000000,1.201,8404432170531818405,1000000,8404432170531818405,ok
iterate,stdSet,1,1000000,1000000,1000000,64.098,8404432170531818405,1000000,8404432170531818405,ok
iterate,stdMap,1,1000000,1000000,1000000,65.924,8404432170531818405,1000000,8404432170531818405,ok
iterate,PBDS,1,1000000,1000000,1000000,73.934,8404432170531818405,1000000,8404432170531818405,ok
iterate,TreeMap,1,1000000,1000000,1000000,11.763,8404432170531818405,1000000,8404432170531818405,ok
iterate,TreeMapOff,2,1000000,1000000,1000000,1.207,8404432170531818405,1000000,8404432170531818405,ok
iterate,stdSet,2,1000000,1000000,1000000,66.018,8404432170531818405,1000000,8404432170531818405,ok
iterate,TreeMap,2,1000000,1000000,1000000,7.610,8404432170531818405,1000000,8404432170531818405,ok
iterate,PBDS,2,1000000,1000000,1000000,62.737,8404432170531818405,1000000,8404432170531818405,ok
iterate,stdMap,2,1000000,1000000,1000000,66.138,8404432170531818405,1000000,8404432170531818405,ok
iterate,stdMap,3,1000000,1000000,1000000,65.908,8404432170531818405,1000000,8404432170531818405,ok
iterate,stdSet,3,1000000,1000000,1000000,65.768,8404432170531818405,1000000,8404432170531818405,ok
iterate,TreeMapOff,3,1000000,1000000,1000000,1.111,8404432170531818405,1000000,8404432170531818405,ok
iterate,TreeMap,3,1000000,1000000,1000000,7.274,8404432170531818405,1000000,8404432170531818405,ok
iterate,PBDS,3,1000000,1000000,1000000,64.423,8404432170531818405,1000000,8404432170531818405,ok
iterate,TreeMapOff,4,1000000,1000000,1000000,1.179,8404432170531818405,1000000,8404432170531818405,ok
iterate,stdMap,4,1000000,1000000,1000000,66.714,8404432170531818405,1000000,8404432170531818405,ok
iterate,PBDS,4,1000000,1000000,1000000,64.102,8404432170531818405,1000000,8404432170531818405,ok
iterate,stdSet,4,1000000,1000000,1000000,62.295,8404432170531818405,1000000,8404432170531818405,ok
iterate,TreeMap,4,1000000,1000000,1000000,7.731,8404432170531818405,1000000,8404432170531818405,ok
iterate,stdSet,5,1000000,1000000,1000000,62.570,8404432170531818405,1000000,8404432170531818405,ok
iterate,PBDS,5,1000000,1000000,1000000,63.446,8404432170531818405,1000000,8404432170531818405,ok
iterate,stdMap,5,1000000,1000000,1000000,78.896,8404432170531818405,1000000,8404432170531818405,ok
iterate,TreeMap,5,1000000,1000000,1000000,7.798,8404432170531818405,1000000,8404432170531818405,ok
iterate,TreeMapOff,5,1000000,1000000,1000000,1.168,8404432170531818405,1000000,8404432170531818405,ok
rankOf,stdSet,0,1000000,1000000,1000000,,,,,N/A
rankOf,stdMap,0,1000000,1000000,1000000,,,,,N/A
rankOf,TreeMap,1,1000000,1000000,1000000,91.549,15785530148223616658,1000000,8404432170531818405,ok
rankOf,TreeMapOff,1,1000000,1000000,1000000,105.989,15785530148223616658,1000000,8404432170531818405,ok
rankOf,PBDS,1,1000000,1000000,1000000,168.197,15785530148223616658,1000000,8404432170531818405,ok
rankOf,PBDS,2,1000000,1000000,1000000,163.855,15785530148223616658,1000000,8404432170531818405,ok
rankOf,TreeMapOff,2,1000000,1000000,1000000,128.212,15785530148223616658,1000000,8404432170531818405,ok
rankOf,TreeMap,2,1000000,1000000,1000000,210.852,15785530148223616658,1000000,8404432170531818405,ok
rankOf,TreeMapOff,3,1000000,1000000,1000000,107.448,15785530148223616658,1000000,8404432170531818405,ok
rankOf,PBDS,3,1000000,1000000,1000000,178.726,15785530148223616658,1000000,8404432170531818405,ok
rankOf,TreeMap,3,1000000,1000000,1000000,89.952,15785530148223616658,1000000,8404432170531818405,ok
rankOf,TreeMap,4,1000000,1000000,1000000,90.206,15785530148223616658,1000000,8404432170531818405,ok
rankOf,TreeMapOff,4,1000000,1000000,1000000,107.618,15785530148223616658,1000000,8404432170531818405,ok
rankOf,PBDS,4,1000000,1000000,1000000,164.594,15785530148223616658,1000000,8404432170531818405,ok
rankOf,TreeMapOff,5,1000000,1000000,1000000,105.446,15785530148223616658,1000000,8404432170531818405,ok
rankOf,PBDS,5,1000000,1000000,1000000,194.307,15785530148223616658,1000000,8404432170531818405,ok
rankOf,TreeMap,5,1000000,1000000,1000000,87.642,15785530148223616658,1000000,8404432170531818405,ok
keyAt,stdSet,0,1000000,1000000,1000000,,,,,N/A
keyAt,stdMap,0,1000000,1000000,1000000,,,,,N/A
keyAt,TreeMapOff,1,1000000,1000000,1000000,49.549,12496792515339318107,1000000,8404432170531818405,ok
keyAt,TreeMap,1,1000000,1000000,1000000,194.227,12496792515339318107,1000000,8404432170531818405,ok
keyAt,PBDS,1,1000000,1000000,1000000,383.050,12496792515339318107,1000000,8404432170531818405,ok
keyAt,TreeMap,2,1000000,1000000,1000000,181.290,12496792515339318107,1000000,8404432170531818405,ok
keyAt,TreeMapOff,2,1000000,1000000,1000000,54.411,12496792515339318107,1000000,8404432170531818405,ok
keyAt,PBDS,2,1000000,1000000,1000000,654.113,12496792515339318107,1000000,8404432170531818405,ok
keyAt,TreeMap,3,1000000,1000000,1000000,187.687,12496792515339318107,1000000,8404432170531818405,ok
keyAt,PBDS,3,1000000,1000000,1000000,417.217,12496792515339318107,1000000,8404432170531818405,ok
keyAt,TreeMapOff,3,1000000,1000000,1000000,51.914,12496792515339318107,1000000,8404432170531818405,ok
keyAt,TreeMap,4,1000000,1000000,1000000,191.080,12496792515339318107,1000000,8404432170531818405,ok
keyAt,PBDS,4,1000000,1000000,1000000,414.918,12496792515339318107,1000000,8404432170531818405,ok
keyAt,TreeMapOff,4,1000000,1000000,1000000,48.810,12496792515339318107,1000000,8404432170531818405,ok
keyAt,TreeMapOff,5,1000000,1000000,1000000,53.002,12496792515339318107,1000000,8404432170531818405,ok
keyAt,PBDS,5,1000000,1000000,1000000,366.333,12496792515339318107,1000000,8404432170531818405,ok
keyAt,TreeMap,5,1000000,1000000,1000000,189.204,12496792515339318107,1000000,8404432170531818405,ok
orderMixed,stdSet,0,1000000,1000000,4000000,,,,,N/A
orderMixed,stdMap,0,1000000,1000000,4000000,,,,,N/A
orderMixed,TreeMap,1,1000000,1000000,4000000,211.650,14819917989313238253,1000000,2254428255035052421,ok
orderMixed,TreeMapOff,1,1000000,1000000,4000000,124.711,14819917989313238253,1000000,2254428255035052421,ok
orderMixed,PBDS,1,1000000,1000000,4000000,698.573,14819917989313238253,1000000,2254428255035052421,ok
orderMixed,TreeMap,2,1000000,1000000,4000000,285.714,14819917989313238253,1000000,2254428255035052421,ok
orderMixed,PBDS,2,1000000,1000000,4000000,555.086,14819917989313238253,1000000,2254428255035052421,ok
orderMixed,TreeMapOff,2,1000000,1000000,4000000,95.946,14819917989313238253,1000000,2254428255035052421,ok
orderMixed,TreeMapOff,3,1000000,1000000,4000000,119.811,14819917989313238253,1000000,2254428255035052421,ok
orderMixed,PBDS,3,1000000,1000000,4000000,577.575,14819917989313238253,1000000,2254428255035052421,ok
orderMixed,TreeMap,3,1000000,1000000,4000000,409.891,14819917989313238253,1000000,2254428255035052421,ok
orderMixed,PBDS,4,1000000,1000000,4000000,792.702,14819917989313238253,1000000,2254428255035052421,ok
orderMixed,TreeMap,4,1000000,1000000,4000000,346.831,14819917989313238253,1000000,2254428255035052421,ok
orderMixed,TreeMapOff,4,1000000,1000000,4000000,94.969,14819917989313238253,1000000,2254428255035052421,ok
orderMixed,PBDS,5,1000000,1000000,4000000,558.407,14819917989313238253,1000000,2254428255035052421,ok
orderMixed,TreeMapOff,5,1000000,1000000,4000000,95.494,14819917989313238253,1000000,2254428255035052421,ok
orderMixed,TreeMap,5,1000000,1000000,4000000,217.831,14819917989313238253,1000000,2254428255035052421,ok
