workload,container,n,q,operations,rounds,median_ns,min_ns,max_ns,set_over_current,map_over_current,pbds_over_current,status
build,TreeMap,1000000,1000000,1000000,5,201.374,198.470,217.072,0.799,1.251,1.475,ok
build,TreeMapOff,1000000,1000000,1000000,5,117.616,117.278,128.719,1.368,2.141,2.526,ok
build,stdSet,1000000,1000000,1000000,5,160.876,155.758,238.434,1.000,1.565,1.847,ok
build,stdMap,1000000,1000000,1000000,5,251.847,230.947,294.043,0.639,1.000,1.180,ok
build,PBDS,1000000,1000000,1000000,5,297.104,296.564,494.635,0.541,0.848,1.000,ok
containsHit,TreeMap,1000000,1000000,1000000,5,211.372,151.021,320.198,2.160,2.009,2.440,ok
containsHit,TreeMapOff,1000000,1000000,1000000,5,90.543,85.539,93.280,5.043,4.690,5.697,ok
containsHit,stdSet,1000000,1000000,1000000,5,456.637,371.909,492.722,1.000,0.930,1.130,ok
containsHit,stdMap,1000000,1000000,1000000,5,424.690,341.296,564.943,1.075,1.000,1.215,ok
containsHit,PBDS,1000000,1000000,1000000,5,515.790,316.743,570.363,0.885,0.823,1.000,ok
containsMiss,TreeMap,1000000,1000000,1000000,5,172.480,157.787,178.352,2.143,2.476,2.312,ok
containsMiss,TreeMapOff,1000000,1000000,1000000,5,85.473,84.768,91.049,4.324,4.997,4.666,ok
containsMiss,stdSet,1000000,1000000,1000000,5,369.563,317.789,530.388,1.000,1.156,1.079,ok
containsMiss,stdMap,1000000,1000000,1000000,5,427.106,356.952,458.386,0.865,1.000,0.934,ok
containsMiss,PBDS,1000000,1000000,1000000,5,398.827,348.805,479.177,0.927,1.071,1.000,ok
erase,TreeMap,1000000,1000000,1000000,5,245.080,176.566,385.153,2.263,1.730,2.395,ok
erase,TreeMapOff,1000000,1000000,1000000,5,103.591,101.943,114.318,5.354,4.093,5.667,ok
erase,stdSet,1000000,1000000,1000000,5,554.675,418.418,567.219,1.000,0.764,1.058,ok
erase,stdMap,1000000,1000000,1000000,5,424.020,406.357,633.046,1.308,1.000,1.385,ok
erase,PBDS,1000000,1000000,1000000,5,587.059,518.788,636.474,0.945,0.722,1.000,ok
updateMixed,TreeMap,1000000,1000000,2000000,5,236.152,220.399,338.974,1.716,2.365,2.681,ok
updateMixed,TreeMapOff,1000000,1000000,2000000,5,119.946,113.076,132.210,3.378,4.656,5.279,ok
updateMixed,stdSet,1000000,1000000,2000000,5,405.221,380.495,468.242,1.000,1.378,1.563,ok
updateMixed,stdMap,1000000,1000000,2000000,5,558.514,478.111,674.409,0.726,1.000,1.134,ok
updateMixed,PBDS,1000000,1000000,2000000,5,633.172,621.101,697.109,0.640,0.882,1.000,ok
iterate,TreeMap,1000000,1000000,1000000,5,7.731,7.274,11.763,8.291,8.555,8.292,ok
iterate,TreeMapOff,1000000,1000000,1000000,5,1.179,1.111,1.207,54.366,56.097,54.370,ok
iterate,stdSet,1000000,1000000,1000000,5,64.098,62.295,66.018,1.000,1.032,1.000,ok
iterate,stdMap,1000000,1000000,1000000,5,66.138,65.908,78.896,0.969,1.000,0.969,ok
iterate,PBDS,1000000,1000000,1000000,5,64.102,62.737,73.934,1.000,1.032,1.000,ok
rankOf,TreeMap,1000000,1000000,1000000,5,90.206,87.642,210.852,,,1.865,ok
rankOf,TreeMapOff,1000000,1000000,1000000,5,107.448,105.446,128.212,,,1.565,ok
rankOf,stdSet,1000000,1000000,1000000,0,,,,,,,N/A
rankOf,stdMap,1000000,1000000,1000000,0,,,,,,,N/A
rankOf,PBDS,1000000,1000000,1000000,5,168.197,163.855,194.307,,,1.000,ok
keyAt,TreeMap,1000000,1000000,1000000,5,189.204,181.290,194.227,,,2.193,ok
keyAt,TreeMapOff,1000000,1000000,1000000,5,51.914,48.810,54.411,,,7.992,ok
keyAt,stdSet,1000000,1000000,1000000,0,,,,,,,N/A
keyAt,stdMap,1000000,1000000,1000000,0,,,,,,,N/A
keyAt,PBDS,1000000,1000000,1000000,5,414.918,366.333,654.113,,,1.000,ok
orderMixed,TreeMap,1000000,1000000,4000000,5,285.714,211.650,409.891,,,2.022,ok
orderMixed,TreeMapOff,1000000,1000000,4000000,5,95.946,94.969,124.711,,,6.020,ok
orderMixed,stdSet,1000000,1000000,4000000,0,,,,,,,N/A
orderMixed,stdMap,1000000,1000000,4000000,0,,,,,,,N/A
orderMixed,PBDS,1000000,1000000,4000000,5,577.575,555.086,792.702,,,1.000,ok
