workload,version,round,n,q,ns_per_op,result_hash,final_hash,final_size
build,beforeOff,1,1000000,1000000,112.356,182156675363715685,8404432170531818405,1000000
build,beforeSbt,1,1000000,1000000,191.235,182156675363715685,8404432170531818405,1000000
build,afterSbt,1,1000000,1000000,214.873,182156675363715685,8404432170531818405,1000000
build,afterOff,1,1000000,1000000,112.340,182156675363715685,8404432170531818405,1000000
build,afterOff,2,1000000,1000000,113.549,182156675363715685,8404432170531818405,1000000
build,beforeOff,2,1000000,1000000,113.203,182156675363715685,8404432170531818405,1000000
build,beforeSbt,2,1000000,1000000,190.581,182156675363715685,8404432170531818405,1000000
build,afterSbt,2,1000000,1000000,205.116,182156675363715685,8404432170531818405,1000000
build,afterOff,3,1000000,1000000,112.591,182156675363715685,8404432170531818405,1000000
build,beforeOff,3,1000000,1000000,113.149,182156675363715685,8404432170531818405,1000000
build,beforeSbt,3,1000000,1000000,193.361,182156675363715685,8404432170531818405,1000000
build,afterSbt,3,1000000,1000000,212.071,182156675363715685,8404432170531818405,1000000
build,beforeOff,4,1000000,1000000,113.649,182156675363715685,8404432170531818405,1000000
build,beforeSbt,4,1000000,1000000,188.542,182156675363715685,8404432170531818405,1000000
build,afterOff,4,1000000,1000000,111.928,182156675363715685,8404432170531818405,1000000
build,afterSbt,4,1000000,1000000,211.034,182156675363715685,8404432170531818405,1000000
build,afterSbt,5,1000000,1000000,208.273,182156675363715685,8404432170531818405,1000000
build,afterOff,5,1000000,1000000,111.939,182156675363715685,8404432170531818405,1000000
build,beforeOff,5,1000000,1000000,112.647,182156675363715685,8404432170531818405,1000000
build,beforeSbt,5,1000000,1000000,190.062,182156675363715685,8404432170531818405,1000000
build,afterSbt,6,1000000,1000000,206.940,182156675363715685,8404432170531818405,1000000
build,afterOff,6,1000000,1000000,113.985,182156675363715685,8404432170531818405,1000000
build,beforeSbt,6,1000000,1000000,189.936,182156675363715685,8404432170531818405,1000000
build,beforeOff,6,1000000,1000000,111.294,182156675363715685,8404432170531818405,1000000
build,beforeOff,7,1000000,1000000,113.079,182156675363715685,8404432170531818405,1000000
build,afterSbt,7,1000000,1000000,207.930,182156675363715685,8404432170531818405,1000000
build,afterOff,7,1000000,1000000,112.578,182156675363715685,8404432170531818405,1000000
build,beforeSbt,7,1000000,1000000,194.040,182156675363715685,8404432170531818405,1000000
containsHit,afterOff,1,1000000,1000000,83.679,182156675363715685,8404432170531818405,1000000
containsHit,beforeOff,1,1000000,1000000,83.552,182156675363715685,8404432170531818405,1000000
containsHit,beforeSbt,1,1000000,1000000,144.477,182156675363715685,8404432170531818405,1000000
containsHit,afterSbt,1,1000000,1000000,144.951,182156675363715685,8404432170531818405,1000000
containsHit,beforeOff,2,1000000,1000000,83.580,182156675363715685,8404432170531818405,1000000
containsHit,afterSbt,2,1000000,1000000,144.796,182156675363715685,8404432170531818405,1000000
containsHit,beforeSbt,2,1000000,1000000,157.652,182156675363715685,8404432170531818405,1000000
containsHit,afterOff,2,1000000,1000000,83.964,182156675363715685,8404432170531818405,1000000
containsHit,afterSbt,3,1000000,1000000,144.510,182156675363715685,8404432170531818405,1000000
containsHit,afterOff,3,1000000,1000000,84.512,182156675363715685,8404432170531818405,1000000
containsHit,beforeSbt,3,1000000,1000000,175.376,182156675363715685,8404432170531818405,1000000
containsHit,beforeOff,3,1000000,1000000,83.498,182156675363715685,8404432170531818405,1000000
containsHit,beforeSbt,4,1000000,1000000,143.931,182156675363715685,8404432170531818405,1000000
containsHit,beforeOff,4,1000000,1000000,84.444,182156675363715685,8404432170531818405,1000000
containsHit,afterOff,4,1000000,1000000,83.549,182156675363715685,8404432170531818405,1000000
containsHit,afterSbt,4,1000000,1000000,144.216,182156675363715685,8404432170531818405,1000000
containsHit,afterSbt,5,1000000,1000000,154.909,182156675363715685,8404432170531818405,1000000
containsHit,afterOff,5,1000000,1000000,83.628,182156675363715685,8404432170531818405,1000000
containsHit,beforeSbt,5,1000000,1000000,144.151,182156675363715685,8404432170531818405,1000000
containsHit,beforeOff,5,1000000,1000000,83.432,182156675363715685,8404432170531818405,1000000
containsHit,beforeOff,6,1000000,1000000,84.061,182156675363715685,8404432170531818405,1000000
containsHit,beforeSbt,6,1000000,1000000,143.337,182156675363715685,8404432170531818405,1000000
containsHit,afterSbt,6,1000000,1000000,171.559,182156675363715685,8404432170531818405,1000000
containsHit,afterOff,6,1000000,1000000,85.814,182156675363715685,8404432170531818405,1000000
containsHit,beforeOff,7,1000000,1000000,86.022,182156675363715685,8404432170531818405,1000000
containsHit,afterOff,7,1000000,1000000,84.218,182156675363715685,8404432170531818405,1000000
containsHit,afterSbt,7,1000000,1000000,143.221,182156675363715685,8404432170531818405,1000000
containsHit,beforeSbt,7,1000000,1000000,153.201,182156675363715685,8404432170531818405,1000000
updateMixed,beforeSbt,1,1000000,1000000,216.335,8517056851876614565,2254428255035052421,1000000
updateMixed,afterOff,1,1000000,1000000,103.585,8517056851876614565,2254428255035052421,1000000
updateMixed,beforeOff,1,1000000,1000000,105.965,8517056851876614565,2254428255035052421,1000000
updateMixed,afterSbt,1,1000000,1000000,214.687,8517056851876614565,2254428255035052421,1000000
updateMixed,beforeOff,2,1000000,1000000,104.368,8517056851876614565,2254428255035052421,1000000
updateMixed,afterOff,2,1000000,1000000,104.059,8517056851876614565,2254428255035052421,1000000
updateMixed,afterSbt,2,1000000,1000000,219.431,8517056851876614565,2254428255035052421,1000000
updateMixed,beforeSbt,2,1000000,1000000,209.615,8517056851876614565,2254428255035052421,1000000
updateMixed,beforeSbt,3,1000000,1000000,224.169,8517056851876614565,2254428255035052421,1000000
updateMixed,afterSbt,3,1000000,1000000,273.006,8517056851876614565,2254428255035052421,1000000
updateMixed,beforeOff,3,1000000,1000000,103.594,8517056851876614565,2254428255035052421,1000000
updateMixed,afterOff,3,1000000,1000000,103.984,8517056851876614565,2254428255035052421,1000000
updateMixed,beforeSbt,4,1000000,1000000,223.980,8517056851876614565,2254428255035052421,1000000
updateMixed,afterOff,4,1000000,1000000,106.017,8517056851876614565,2254428255035052421,1000000
updateMixed,afterSbt,4,1000000,1000000,214.821,8517056851876614565,2254428255035052421,1000000
updateMixed,beforeOff,4,1000000,1000000,103.697,8517056851876614565,2254428255035052421,1000000
updateMixed,beforeOff,5,1000000,1000000,104.203,8517056851876614565,2254428255035052421,1000000
updateMixed,afterSbt,5,1000000,1000000,233.857,8517056851876614565,2254428255035052421,1000000
updateMixed,afterOff,5,1000000,1000000,105.182,8517056851876614565,2254428255035052421,1000000
updateMixed,beforeSbt,5,1000000,1000000,215.167,8517056851876614565,2254428255035052421,1000000
updateMixed,afterSbt,6,1000000,1000000,219.767,8517056851876614565,2254428255035052421,1000000
updateMixed,beforeOff,6,1000000,1000000,110.243,8517056851876614565,2254428255035052421,1000000
updateMixed,afterOff,6,1000000,1000000,112.903,8517056851876614565,2254428255035052421,1000000
updateMixed,beforeSbt,6,1000000,1000000,245.433,8517056851876614565,2254428255035052421,1000000
updateMixed,afterSbt,7,1000000,1000000,214.608,8517056851876614565,2254428255035052421,1000000
updateMixed,afterOff,7,1000000,1000000,105.445,8517056851876614565,2254428255035052421,1000000
updateMixed,beforeSbt,7,1000000,1000000,218.274,8517056851876614565,2254428255035052421,1000000
updateMixed,beforeOff,7,1000000,1000000,106.302,8517056851876614565,2254428255035052421,1000000
orderMixed,afterSbt,1,1000000,1000000,202.897,14819917989313238253,2254428255035052421,1000000
orderMixed,beforeSbt,1,1000000,1000000,194.031,14819917989313238253,2254428255035052421,1000000
orderMixed,afterOff,1,1000000,1000000,90.126,14819917989313238253,2254428255035052421,1000000
orderMixed,beforeOff,1,1000000,1000000,89.004,14819917989313238253,2254428255035052421,1000000
orderMixed,beforeOff,2,1000000,1000000,94.588,14819917989313238253,2254428255035052421,1000000
orderMixed,afterSbt,2,1000000,1000000,328.743,14819917989313238253,2254428255035052421,1000000
orderMixed,afterOff,2,1000000,1000000,90.707,14819917989313238253,2254428255035052421,1000000
orderMixed,beforeSbt,2,1000000,1000000,196.389,14819917989313238253,2254428255035052421,1000000
orderMixed,afterSbt,3,1000000,1000000,200.060,14819917989313238253,2254428255035052421,1000000
orderMixed,beforeOff,3,1000000,1000000,89.580,14819917989313238253,2254428255035052421,1000000
orderMixed,afterOff,3,1000000,1000000,91.362,14819917989313238253,2254428255035052421,1000000
orderMixed,beforeSbt,3,1000000,1000000,208.202,14819917989313238253,2254428255035052421,1000000
orderMixed,afterOff,4,1000000,1000000,88.993,14819917989313238253,2254428255035052421,1000000
orderMixed,beforeSbt,4,1000000,1000000,196.686,14819917989313238253,2254428255035052421,1000000
orderMixed,afterSbt,4,1000000,1000000,200.496,14819917989313238253,2254428255035052421,1000000
orderMixed,beforeOff,4,1000000,1000000,94.075,14819917989313238253,2254428255035052421,1000000
orderMixed,beforeSbt,5,1000000,1000000,201.361,14819917989313238253,2254428255035052421,1000000
orderMixed,afterSbt,5,1000000,1000000,199.463,14819917989313238253,2254428255035052421,1000000
orderMixed,beforeOff,5,1000000,1000000,89.058,14819917989313238253,2254428255035052421,1000000
orderMixed,afterOff,5,1000000,1000000,88.844,14819917989313238253,2254428255035052421,1000000
orderMixed,afterSbt,6,1000000,1000000,225.130,14819917989313238253,2254428255035052421,1000000
orderMixed,afterOff,6,1000000,1000000,91.399,14819917989313238253,2254428255035052421,1000000
orderMixed,beforeSbt,6,1000000,1000000,196.454,14819917989313238253,2254428255035052421,1000000
orderMixed,beforeOff,6,1000000,1000000,89.616,14819917989313238253,2254428255035052421,1000000
orderMixed,beforeSbt,7,1000000,1000000,197.998,14819917989313238253,2254428255035052421,1000000
orderMixed,beforeOff,7,1000000,1000000,89.734,14819917989313238253,2254428255035052421,1000000
orderMixed,afterOff,7,1000000,1000000,94.772,14819917989313238253,2254428255035052421,1000000
orderMixed,afterSbt,7,1000000,1000000,205.767,14819917989313238253,2254428255035052421,1000000
